Address,bACE,wbACE
0x26AC28D33EcBf947951d6B7d8a1e6569eE73d076,90.61954578129709,4.929888619413282
0x20a22E6579f6Ed3ffd8DFDe526DF1A967edd0007,0,0
0xf9AbF1067B3BE9B856F9b0E37A670419EbFb82eb,0,0
0xAB91Ac6F7126176FB82ae4113A71Cc7a5eEe8563,9.563578087821769,0
0xef326a73277a333851C2E6fBCe909F14944740b4,9.563578087821769,0
0x348fefa428c592b287FDE1DF326B5b35f09ba87F,0,0
0xAA07828a50deaE8CDF108d44D560D587A1426698,397836.28152028023,0
0x33A95777785e9dCb9B95477C925b4E7144bC1849,1.0283865610708438,0
0x2764CdA7644eEe301C084f3aE460e08eC4959F0F,0.000043392867042642,0
0x6053c0691e8201abeACCA59b05d3D719c9ec2586,0,631.0961198519958
0x01b6c51FfcB56829474C7C8AB4E3C89f5b69A2eD,0.001066328290647249,0
0x63cac65c5eb17E6Dd47D9313e23169f79d1Ab058,0,0
0x34868ed83815AaA53cD1F85032Beaee678A9e8de,11.057715213687663,0
0x0b18C0e93a4C06C0B440D0f7c7035ED5a635F512,0.020523773752889274,0
0xFacb27b7E3a7f3CE040E3e023DdE381AD522ad0f,0.3015584844036662,0
0x9d09Ec3CBb97Bc6571168A155cAd17043Ff1093D,6214.847980802858,0.23044767018183906
0xB458c332C242247C46e065Cf987a05bAf7612904,0.12793851635326145,0.098484209565883
0x594C6217F45Ad34FbDa0914A1CE2baA25124df80,0.000518967625548384,0
0x298523fAA843CA40e83b7934170ca874a4FA1b04,4219.3060402214405,0
0x80035367c996C950f069cafAdd166a91CaE75E60,0,0
0x411d41fa6bE15967020A016876891B254D7f8769,0,71.85607330293475
0xc6571c2FB66825F13b7751b1c334810D397618Eb,0,2050.6732720113155
0x7d99513d132c0030cFE254Bb36fc2AEbf2A51831,2902.6205407551374,0
0xaA11dcb259F4295AD3373810744C52C434a7aC83,530.0841826588754,0
0x8442d7fBe23E6b8330DB95daedfcDA64dF80a1B9,0,0
0x8888b55C6DE8509355aCC0984963D6B22b7E6B9D,649862.1323562771,0
0xd77a9E1dE1bcc0d2970DbDA5D1A7A1753Ca8F574,2323.428953539379,0
0x7dd3705b1aBc05Cf736f6FDce4BCaC1069058a63,43.117010714036866,0
0xA567501aBf12f401C9E613b6323C43cf29B0F92c,0,0
0x5D2cA9c220F66A5f181E53bAC510Fe1e1a0bA268,0,0
0x9522765a192bB4379d0121423F24D91b4a56a540,516.4642775100828,0
0x85D8179BaCB371C3F343365fec64b1233D914B69,0,0
0x46dCd015583401B54f8e7eFc59a339748d96CE44,0,0
0x8d11F8966dc43548B5f520EED21c1d22688c5bb0,4.661615519026578,0
0x24db7c9c6aF761c4F2203f4994a7e667a9094B91,107.06709169249379,0
0xd49591f0e9e8FC90856EA791B5f5CDf5eDc78883,0,0
0x77d75c135087f34DBf27238a081551725ba796aE,0,0
0x1D3E52C1217458697291A6839C8aA3669F60239E,21.06223239646205,0
0xb9F1ecA1D567fb0F94990Bb831F473530EdE36d4,3.09468732636446,0
0xF3EaD443B82df3B6d314508F93E53B29168Be098,0.3446374111534892,0
0xf3119222FefD46875391333Ed596246194717f70,0,488.090670738118
0x4A8a3012787A75f73a0AA59163F7D593725D1636,0,0
0x07bb98C1c3dBbDdBe0BEf1a8043F705EcC3D4273,19.182085127743964,0
0x7FB0652c7250bC0BC57D1B52532Cdb6eA7B6e0a5,1631.448060542059,0
0xceC771B3AB9204c4EB0B731111658e7C8bA539cF,6.104960946952027,816.2542190415344
0x836Aa96728a55cc77a4A642d3671Fd23Aa2c2dC0,6.427089761816241,0
0xDf1e0864283F578AA2033D52795A8e35B2Ea236c,5.2963241196459,0
0xb982bfb317844C7cFCb55F5E3d3CA6D034a390d3,83.6347504611002,0
0x85Dacf923799c1D993666331bFdCd0F50505EF00,275.7190771038182,0
0x51f396930AF4Caf21fa1aa19E535186918425531,20.14133408076616,0
0xF6c9e953ff646080e5674786D84250BccEDCD420,0.6148407245707564,0
0x4E7f14e76702321753552a1De25C788dAD393000,5.181105872059846,0
0xc234002b48C7CDa0843fb2e15CaAB0375BA82E5D,189.96999953812949,0
0x7606FDf01Fb1EC7B3f8927c282a22f5049edaF2E,0,4.094777777090948
0x76BE52FD69E626201DdaE454a727114E684A884E,0,767.7693895308157
0x70a99c4127620129D0CA30827E0FC9B75eC2891b,0,0
0xB5773d8550d26be8598F633a7AE302F47aa3485c,21.201404295543327,0
0xD4117b25724905907aC0Da4fb6231f9a123b0a38,0,0
0x58d3dA27C1abd1a687ebe49288331400966d8d2C,63.60421288662998,0
0x5a61bC171CEaA39cB84d00bEE28a5806d0165ec2,9.52057067219943,0
0x2bA7EDC27c15b3baE40866005012f529F254e3fC,0,0.6298279281379888
0xE0276B19467e8A37EACFc93CF18d614910B06f6e,0,0
0x74EE5918F25E39FafA72cBA2635c0cC00c6Cf5a5,225.66728275493554,0
0x94E8629d24fE93bD8Be6F9738B1aDA71e2dF4Be5,9.75175830968429,0
0xEEdA7f71Df5A589a9B8c5794AA3D28D66a4ee672,1.7732435857804478,0
0xFDDc6DAB64f5f9c0Ed326c073Be8767ba86b26A8,1.5901053221657495,0
0x288f95bD336E0C8ea116f5990d12f2f9284eCBB6,10.418643281906357,0
0x97b0e787380497D33c2075C3792c29A7f6ab6b23,1070.6660160716108,0
0x9f26964717F38b47BcBb450118E913d8649E8cEA,106.00653624471393,0
0x11B9FA03A749Edb5c6640a7F9c38710DcAf294c4,347.4894258101723,0
0x9D8d4bCcdCeE3DCA0d4a6dADa3D1eFD3f58C80aC,316.2174976179817,0
0xC678cC0bb5C7433aBbC50e14db25E5935503B9d6,0.69178538540133,0
0x162F7214caC3d8BE96D4C542A5c8CA2E2d5de3c5,315.8994780092475,0
0x302f15187f531Ad0E85b478792bD3D0Ec13005F9,314.8394126468004,0
0x44f210F849a40000376F64F5f1C10857B52e8a01,509.891439337074,0
0x9E80f8738E92ebc1E685f231c0742ab790c757c1,537.4531387606996,0
0xf1db4023CE20A6431c7aC4b710F12dfe8df1B693,525.7924197737811,0
0xe89F47754b458B19A087A8B8Fac80cBEC0978B7D,524.732354411334,0
0x047CD223c17d4aeE5260921EdD309AE4d783b7f2,532.152811948464,0
0x233756823D3DBDF5a7d9793554c636334071F11A,314.8394126468004,0
0x3503e97B326A7691Eb712530ec88f40Cfe9BeFfD,315.8994780092475,0
0x22aA4b4e0F4758F15f6268Dea7Aa30445772769b,543.8135309353825,0
0xDC6B602e20fB4F9759865292aD4c334De434C9d7,535.3330080358054,0
0xC5A8a7De8Dd9cbDeF99d38194e371D70BD46D4C5,315.8994780092475,0
0x038665A995A802E023eb37683c60DC574d7BaCAD,315.8994780092475,0
0x2370e2fCE0cFFCE630e5a861F75c673FD3095C5a,534.2729426733582,0
0xBC352bcE9212B055a89F65C73b63EfF675fE6A10,535.3330080358054,0
0x8728ba0A39B6f2d71c19D7fd652fD5E0aeDbBf78,315.8994780092475,0
0x70707c697AC231CDE8BabC3c694FCb02aE9F1763,314.8394126468004,0
0xd242CF3eeCC0df0CDE9E6B11B84C028e329AA0ff,538.5132041231468,0
0x1Da12e35ee286C7ef9a04fc236428eE3c4b07123,386.92385729320586,0
0x3CFdF81a3524D5e8B01156dd6929A608E19962cC,542.7534655729354,0
0x6C36dC098A48fbAc32Cdb714aC0D9eCCFc8Cc840,525.7924197737811,0
0xf6e6b276a62CaBC3c456E8a8A3DbC749f05f3642,315.8994780092475,0
0xF1466EE47cFF12b913380B27019e85524CdF7395,314.8394126468004,0
0x21Dc41DB3b41eb3755038F986A4125c70040c39e,497.17065498770836,0
0xF8C009D1804c4AafEFe5E554bF3dB66C6759b605,315.6874649367581,0
0xF8028c188009Da6604091DE2C79770b841EB76CE,522.4002106139503,0
0xA6F74e9Bc7c54CD8478f9b77c40A4bD53Dd8EdBD,314.8394126468004,0
0xaD226569ab4B26872F464812c35D71bb43c2b151,313.77934728435326,0
0xBfdCBFBA2C7961FEDe27A51554f6E31FAE8108CB,315.8994780092475,0
0xBFFD1B2A5F73575CAc41ed5aB496612211f15380,319.0796740965889,0
0x0096eB01631a75376cb6eA18Ec926Ce5C5B731Fe,315.8994780092475,0
0x4fF5Ec8493b244E97dE1627CB42d5293Aa55b24c,315.8994780092475,0
0xb621A04A98c749989399c7216382aeFFf036217E,316.9595433716947,0
0xCa24618aC478bf05C23BdEB5d7894D511e41E958,315.8994780092475,0
0x543cf9A4B99DCD3c316b18D034E24B1651c881Bb,314.8394126468004,0
0xA820Ea1AB7c7f27901d93d1443C8aace6320C35b,315.8994780092475,0
0x4eA0330e0A7e0BFdb726E526c4e897F8A6867b0a,316.9595433716947,0
0x640BDeDcC5433376F4Ba7926046c320f8a83bBA0,314.8394126468004,0
0x678817792eA668a18518501a821e77fC9559aF62,318.0196087341418,0
0x7F274428ad1654F87e910161D55eCa9cac98A9F0,329.68032772106034,0
0x0A9d047F59e67D6140BaB8c34B644aB140856B9A,333.92058917084887,0
0xf1CCC1c3412d8Bd4E6466A0c0A6C6fe7f0158672,2900.9754280614047,0
0xCD4C79620A80811FdD90840E6813466969040B8C,3783.388020573556,0
0x31c5640258BbDa28c421f9d102e0966BD581C39c,1.0235973258827227,0
0xA94e12aB3209280b4bcc948AB3bDb78Fb5F3333F,0,134.31140808878874
0xC8Dd81E7319339326B95FA16A43E19f4B295aC1e,0,0
0x8753ca006e6a941377466fE4E0783be6A4e792bb,92.93594546170988,0
0x2B5e714Ef07127BfCF3585B3e21A08c39f3A3B84,0,0
0x4a4B9A1553dadB071Fe6a53bFE909EC08cB6ce35,373.90590114403506,0
0x6A9065271055E710116209C8032D2e18e42535A7,0,274.88333357183376
0x659082a1b071fe769fD4FC8aCc3c056986375081,200.91747139764905,0
0x77eF40C0a789008C60166d40F84416A7A0492466,0,348.167548305179
0xF3E36e557A325AF44aCc5834759055819e22Aece,0,332.6987448387333
0x326107587c4a162047c6891D933e37C6aEc0E7AE,137.80849711812812,0
0xD38be15D17704867b664A75E1258Af757B9a6292,10.596631525243263,0
0xFF1882511a5673194b252c35f2530562f74F47e4,2315.8493041629695,0
0xf9B9ceB7680d269818D3BC5fA5CAe9a14981E008,21.201307248942786,0
0x9deBADcAAE4820092c8Ff7DC741C9ec7D9E95027,0,0
0xE377a71e4564F250222eA0C03D9DEab3448D0090,527.9107489159704,0
0xa66f37e56274a38e054a1A6F1D6EC39EA9Ba93eB,0,0
0xDf06A761D286C0ae835173236E1f12f1379E4977,0,0
0x3D75B3f53903b8E528b95E0B21dEDdB31DF37305,147.81670879642047,0
0xbf847a3f9582548f18b465de53c0AEaD0aa60dcb,0,0
0x0804fe007DCe1E12D87E72Bd68E84e626028c1F3,0,0
0x0E5e3EE1d580D3b5aAFf5D430B2Ca6c93684D575,2012.8405610396312,41028.95589993952
0x9533F1Dd646D95477E4eF5C9AA79b6b989Ac813c,0,0
0xe1e74A529731e7A30d3d59b4eF4fA2D39150E384,0,0
0xfE11F1567d1F6C12a1106b7860Cf909e62B48583,0.4411227336993571,0
0x1093A7394Afb514646Bb4866a414df304c39945e,0,0
0x13ED013F003E696E0ed79805798E17c1Ce22A756,1.0590651295092743,0
0xbEE7D5520426d581b663d725b4a61df1f5144b8F,0,0
0x4CE148892fDD9c08a0227b707f24416B0e6E40Bc,0,0
0x7929cDD05469227441CfE29AEFF234653361b2Fe,0.24206365530987056,0
0xFD5fE298cD5255BE0203B73A0C917B6736A27c06,0,0
0xc4CFaa484cdf97A5CF6Ed1a518F4083F96e213a8,0.002012623927785297,0
0x5fD4a9c4143AAa37FF62FA14B5877207e95400D5,164.08886215256112,0
0x39F60b349ff277F8f3098aa52720fd2817E9415d,0.007529282414374339,0
0xd6D662c50fc1e797e488F320c90e563B5017C5bC,0,0
0xde0874b36c682edEA2283FeF925C7587733b5Df3,0,193.7499347186103
0x2b2271a3e2AD3C04B027F6F79Cf412DF7a5D62E2,426.80324719223756,0
0x4D21A7Cc8077698033CdDaCd51259D5a2Cf0EAa4,74006.41218497859,0
0xB6ddD72505bcADbb8C75fb7a466f011625291725,0.597660672783117,0
0xBEd12aF85135C0C48d9aAA7260D15f1dE5E2fC74,2.1181302590185487,0
0xA10D64Dcf92270aCf2712a2D772bDb60e67beB31,0,0
0x0d37de42fEa9D83987D01BA00Db7026bB316A4f4,0,0
0x732b375776d7B39215C85D1869b1E3C998425cd1,15.885976942639115,0
0xf8992A1f4e302460Bd49a1646Ee315D810235212,0,0
0xA73eE74bD95061E60907ea72a5A1d428C4f56680,28.545475158234684,0
0x3b609939B50d10Cf822274C62Daa9c6053ce0F74,1.6743819697541629,0
0xd7d8B2065aA5837DAFF31D41cE626D52E349B602,0,0
0x5Ee382bd91D534C880cdD8197274d9662EFa66aE,6.585066063252469,0
0x9646b00f003132EA2fFFa9Ae78E3B29a5c92674a,0.3713733710659657,0.2254802070727014
0x489D717727B0974003928fe0885e30425C9A86fE,34.94892006561004,0
0x68459d1A7d888b95B518f5764740409E1a3d735f,3346.000527437813,0
0x87079EF18C46389f93a7e736366Ef0496E86D4ec,0,35.45171542638049
0xe0765C3896CE10CCFF87d953C2c9988EA97e7DB0,0,34.27326505209638
0x49c13504E0Ad224d8263D14339c7bc9c60110fd5,0,34.46967344781039
0x9DD3e0e6e439A6f822c32C0F60f39CDDFaC94Aeb,0,34.46967344781039
0x123f0d40174Ab9ca1931e2277E1C46bAbBDd8d04,0.024045178148547314,0
0x951961424f526F0c6c33691A007F0724e29e869d,10.043964004391162,0
0x5785b315B4C6B13871c291AC1cAd90bc93f23831,14.239646948932396,0
0x26aF02e0e7bcb9BfcE969394ddEBb0e04bAba267,0,0
0xac8418a31e1Cfa894C0d6A6A75C23Fad48A7cB36,0,36.31007184325944
0x20708936b4189d8B017A2b567A104F71c915FFF9,17.986892626665163,0
0x095cC0C0e38a104A7d0af5d39b2F227235677DA4,0,0
0x966F7012eBf9e6d640B6e79681F2e15d95c13ddA,17.986892626665163,0
0x9B2cd4899bC896d4906F59c1922E328ce9F33E54,600.3773775382549,0
0xC10F06E4288FEC848694f55aB72ABc45991eac84,431.51659392544633,0
0x046bFE85E403559980311bE462D38797778B6E25,2.116105014901784,0
0x57059BB3b9319F6fF9D9dF49c913f49F64Febd71,1238.486947970041,0
0xB9e6e430766782473bBbe30273C2725452D1227B,2.1034626996306534,0
0x390F4b7D45680E90b639CF68fA774Dfb537E814e,2.116105014901784,0
0xA00D9371C33dB847898BDf8dAadE3b23e36b49aF,39.147942775683006,0
0xcca1b76e4fc50B9935DB5e071F346d4d1f6b4b7E,2.116105014901784,0
0xC12BeD0b8A38Aeb93A34b923eb2b486D402Ef62F,2.539326017882141,0
0x28184b3c8ddFE4Af21F2cB7d69b05D6FCaE30654,2.539326017882141,0
0x030792bcf6f534C358Fdf743399A9Da43ed3775f,0.6635759700361703,0
0x4aC3728c8C2CCAAf89784ea9C9Ae886A9a30B56c,13.222642476788327,0
0x3020136b9958642cf8E3972E06DB21F3884DF56A,10.576506586045156,0
0x82985FB238f374323C463049AE5759000E239514,1052.7622449136377,0
0x9CFc916026af0f401B7996626F6219d9f493Df4C,3.836911686263517,0
0x4fDd5f16b76A0F91848a324d85048b90ACd8C0C4,0.6211234063399107,0
0x7c9C2a2dEBa2895684d637DC1ba05006c7ff5Ceb,915.2154189450216,0
0x88f6796C214499fbcaf36E76f88539D6505F5B82,0,34.46967344781039
0xd047e51dCCf55d13fB58c19419fDf60410e165a3,0,34.46967344781039
0xC5AdfB6f78E04F870b748B60a1ab010251484707,0,98.12734277666857
0xe7ccBC324D335aBecaa606c7E4632029a7370275,3226.0020952177697,0
0x196704AD5e0F11B636Ef6f4b6B1196Eb825Fe3fB,0,0
0x424FD45687Eb0124C8b18E0A542ba3aca18528D5,0.04293827171897487,0
0x35460a1Fb7795265d1554E57198E415ba5685e33,10.58052507450892,0
0x0DEB845dE6Dd1399Cd704aC10E07e8bAA8b80472,801.7222466692543,0.008395714019342396
0xa4F9921b135aEbCE8BF3505ED7De52Ee1b6118cC,31.741575223526763,0
0xe45d10c00575A68A97a81645916036305BAb3Fba,2396.061828625874,0
0x1DA5B7e895f53a4aaFe637505A7470B6Ae622abC,0,0
0x5dca3693347F668488cD67f20922F7C650ED4deB,0,518.989632604338
0x1E75Bbbd34ECF784B5cfaCd484ebB30CE01cFaf4,32.354636802595735,0
0xad369f2A07756bf0558e57b04FDA9FD4974D5019,326.6368754319093,0
0x7E7115e1a4Dc6F92367B365779D8EeD06DFBf78e,718.8125414035544,0
0x08cdC985242a6F4a3c1177b2d53F3FD474AfF883,316.01858725042695,0
0xE1F1130571911c80Dcb473cA99cBD8cC7ee21dEf,0,0
0xF793e42969284b39e1C1a74B2E4b89aF3684397B,20.295688643066633,0
0x295F332C4B5d74Ba29b9012cAE73Eadf6f96a191,19.02720810287497,0
0x56a07F2BaBFe70E9344fFfC72091de8bd58A3C09,364.6881553051036,0
0xce6eb6D3aa500f93B40073A1a268323373C329F5,0,34.96069443709544
0x25C5257d9a06d903D2d039d7577374d7DB8B95b6,0,35.45171542638049
0x0C9AFb9e547009D218A905616c5B6Abe5d39f990,0.000357911623050763,0
0x31c6066a480f0cEa7f8194C7Ff1332bD492f71ae,0,437.6193042421072
0xf36067930CD0fc1eF9DA347A0e1877FF0EE341e8,21.242065692655544,0
0xd54cb724E2F87A3d252FC201DF3bF21BD1296422,10.570622215450287,0
0xab683ad783A50EfAFf19CE5F511fbd71cFd50597,7.075395344740483,0
0x39b9B83f7471f2F20bf1bAF339084BD5aa9Febe1,0.5638496209882081,0
0xA6983691B27Ca8cA655b52370Fb94B07C7c5EB34,0.5638496209882081,0.1476243533214096
0x16C2799Ef7658e1783773E55910C9a9e3c5879B5,0.5638496209882081,0.1476243533214096
0x29e90fB4E046797430e229c0c408d7b4fBE237D9,21.141244430900574,0
0x924C61cc9499f8f3ca4Cdd4288E8292c3f3772aa,0.5638496209882081,0.1476243533214096
0x224B188a9a916a10de2e6d52F7CF6E3622065ce2,21.141244430900574,0
0x3d7D3c220421F2815268C89D6718c2656C9181C3,21.141244430900574,0
0x98de383592f376be896314b5E51aEd9806D11423,21.141244430900574,0
0x60C32005488b80f202805b517b33b71De092bb3D,21.141244430900574,0
0x4AD4bA8c5C3FcA04C5B472cAb859D4ecA2351076,21.141244430900574,0
0x73F239D3c7e5Ccec7C8263944b6E715DD699c928,10.570622215450287,0
0x68D1171D3BBf9Aa5C679BEf403E4ffA0174d5c11,10.570622215450287,0
0x3FeD02b26075BeE375a818E61Fd7313eb9Ef2a43,10.570622215450287,0
0x97041b2b1aE3B4Bc89DbAcca9cDd84912D8fe1dE,10.570622215450287,0
0xCE189b32BF6B22624aFfB9893f30Ac29D3294a20,10.570622215450287,0
0x441A91F8d43C973f603BeAAbAD038099Be4aec6b,10.570622215450287,0
0x6B6281A4b65ECC63b162A4Fca72d26F53541D36d,10.570622215450287,0
0x41E06e19f46cB706fD1E612E802396654Ee923eA,10.570622215450287,0
0xeCADB4caBf72969DDB3CC48DF73C871207078C60,3.171167574649823,0
0xf3EAB2365c8689D7d429e9Cf03C78b29F07907b1,475.2449542396348,0
0x7EC67389880ea28ab0AD6FBf560Faa9feBD1f72D,0.34487512404955684,0
0xc3fd17CD4680c3Cd26314a5Eb24DD19620367271,0.000177376054787908,0
0xa6ca3Be93d03558e6842484AeE0b1DBb06cE1093,0.3516880175292293,0
0x79D11Df22D6AA13c418b95E32a871B62F339170e,0.3567849453195079,0
0x2E36623B7FfB5829E6d61Bc4D5F70Aaca4c1c4a2,216.20536651355854,0
0x23898273bbEe4386255045EF5e2Cef8ED9d54381,0,0.032865650580662924
0xFF1508C86a4e76756AEEf05cB61e9c01368671CB,0.000232832684791919,0
0xCe3b475b40e6263e0b20A4c24BFEDf1b7DcB2252,0,1571.1294465232395
0x1bEbF0E2C487bf6dB1703145F0bBa42F528d48CD,0.17061646120376628,0
0xA934334Cf7d540e0ed007716136b52A980613aA0,0,22.052715974025
0x2B13A9A626aC6F12F9b7047C4a6Cb0f504194a01,33.57860506210572,0
0xD9568B6B7ca87c3750864D69714018f7C0AeF0F2,0,0
0x0f02c6A0FE82Bf5B8EeB88Bd9ca1053f3F735a0C,0,2.628397721085427
0x55C05CA5e71e4c538713Fe195D7Dbf9A3c5Fbc2e,0,0
0x8fEA3E0c7b8B49999D83417BC1E3C64ac7B40181,0,35.0573655028396
0x93AC62009eAF411645dbD6D9d480225D0f66BE20,1107.8755644750245,0
0xD2b3A39BC91aa5164D152271778677dd32eB5058,5.097089883691764,0
0x3dcf345BFAdB9961305ed5FF535D31F313D52ad0,0.001265461470292574,0
0x2C6502d83361fEfAD7D3A01fa0EEd22E956Fcb60,0.001264324714804739,0
0x7F583a47e00701D257aC873C80eb5326FEC69E56,7.400320769355178,0
0x80AaB5DbE1fdC5765564165D916e793c71815165,0.5246991659675069,0
0xB186Ca0243C82508193678211bD915E4dF06cDFD,0.5246991659675069,0
0x3f82E90BF2a8498873af058c9A0DDB90e63D7339,0.5246991659675069,0
0xCe4e79869F6cD1C63F2897d6d952Cdc24E559371,0.5246991659675069,0
0xCad9D0B2C233866832e6CbB72AaafE003f2Ae4bf,0.5246991659675069,0
0xC1CaaF3AD97C14BEB649FfB8215b0e42c69D7C1C,0.5246991659675069,0
0x90e385836940a6B2793c819665cc38a978366A72,0.5246467955546945,0
0x44421e5a9493B2F7c19019838d472aD380a6Dd8E,0.5246991659675069,0
0x9f49288C405259916C2D4950427fDAe303631b03,0.5246991659675069,0
0xdDb2c430d8Ab40491A8A4F346B1ef4D82c47E5E8,0.5246991659675069,0
0x1dE7E8226A80288F3D9b39E493553cbc42cd22e9,0.5246991659675069,0
0xDB3b4B222ca594AFe5030a6c5763549BD7bF56b9,0.5246467955546945,0
0x55d6A219963db0c3Bf581a5E65cFCF89c56d16c0,0.5246991659675069,0
0x20d64Ac18E423c40750641E4e5ef3B47e09708eC,0.5246991659675069,0
0xffCcab3Bd69b725D42c6Ab2099861877860Ed3Db,0.5246991659675069,0
0x820958A3084065f9A59A8c45A9568Cc365187aeb,0.5246991659675069,0
0x1B9d2D72CC7BA46d521768395786371E18bD5Fca,0.5246991659675069,0
0xC5Bd576f28eD2F7fbCCb7C34eA22Ab3A198bb1d0,0.5246991659675069,0
0x27eE8561258A725D0875703386f283DC27a06841,0.5246991659675069,0
0x165A599d7E3060A4E9Fe3ED56BF23b4176F5290a,0.5246991659675069,0
0x14fb82304A2bEBdA4290a7619a5a7CC018fDbB63,0,0
0x946fB02c0C55e71b0E419C50D4107A0c61b44C2b,0.3964421808136604,0
0x8F4cBC820E6fb586C107FfF9407c9c6a5ceD3187,0.4585555446562255,0
0x28fA320549c6BF07467AAb97567495dbEF60813E,0.4586929464374847,0
0xb504aE551676F9D0649e9dDedd0C7e9C3c6743F0,0.45873874703123785,0
0x9b12Fcd66435993902c168512dee85cCCd328479,2.2307793836739784,0
0xb11F11ba4076a02f627f9311FE3990B4542884dF,0,0
0xe4BeB59853C98d3d1fe4154fc36165583f1F08D8,0,0
0x8EB91D0d3F81CD74493a3e95528B6FD3822514dc,1160.579914882808,0
0x3c3f8c8adc9b2880d1C3dA828f9B8A5680cB046d,1086.830336655255,0
0x0531525e8Fd5166B3Ff87a9619CA9aB4216c7191,1102.5509191386675,0
0xA3904A7AC89544a926a6B8c51fAE33DB186c2b99,1088.8349746900526,0
0x0C78238C9d1D9e178b8b5b6b7993ea1Ae5bc2090,1066.67844904229,0
0x4Ac66A0E166204321Ae4C9A99d7e81D66c01009b,0,0
0x2F1641a0fDCd532124D8eFaA8479Cf367e41f725,1112.0465729877087,0
0xc7D99AEd03801500A289F321d0d77194216e94B6,1107.8262823881348,0
0xb7932B859a533029dbF8B61caAAcdd39a4fBf2de,1125.7625174363236,0
0xAa2df5fEb6a118105D4E1AbdDe5350A0718f75bb,1158.469769583021,0
0x300fcD3C4b0d5a34E4aD2a9312c27A031710b538,1165.8552781322753,0
0xBC363c63589D390652dAF7f2DF5EA3c21402e041,0,0
0x97f3ef75ccf53e396B119bD7036f380E7488F3E4,0.1582584550640736,0
0xbB9A11cfF946A7124882e5609f08d6E33f8B1711,0,0
0x624D7A1b9a826109397E7945D9C11cC2e988a4bB,0,0
0xfEb095a1c17AFCC3Cb6C305636A58C25482b6FC5,0,0
0x25Ad6Ac54cb59C10665094569e8B167c234D7343,157.05973012990026,0
0x84d80f973bea3aEab04bA82ec0c15eCd5d2Ff9cD,0.019236034206508847,0
0x0446bf42fd5Bd9601AA04c707cD20F40E2884790,0,0
0x34263cd82d85e0672E9D3b45b57d0a12a9E4050D,0,0
0x71cb30202B92974C607E601c623dc0DD4f758F6F,0,0
0x874CF07dE84b0fbc45b9f780f1AC84D3354D394E,0,0
0xE726f59e70584c018d241f7fcC8A7d3703468be4,44.37191476314286,0
0x36Ff96987828Ca47FEE17F249d3e56335D185d32,130.70513319457376,0
0x10D038F6EAC5eEFDD40A6DB7BdA14cF31228E460,4.362264126100088,0
0x26D2cABaFc709380Ea7365547d62875a3100B413,0.000345863648558457,0
0x6634052005Ef1a5db69d80C0F6598246F6266F3C,0.000344864522471812,0
0x486ef9B6f79D86c7489FC48e6AE7CFaa85db3Fb7,0.000344864522471812,0
0x762008CDa83dDf79F57af7d3CdC3b1841Cb611c3,0.000344864522471812,0
0xB098c9eC703E80e50b25e181bf82eF58f5689C92,0.000345027473318987,0
0x9FC95dad6b2E226017625c074cEEA8c26c9F3FaC,31.068529360100488,0
0x313BEA445E3579cc834addAcEA606304f252FDb9,9.647000915557276,0
0x5051e95aEC5e5726A47007ECbD00C1307Ac0fC48,424.5386906431685,0
0xa243C30cC549C92d620651CA7Edd12B096e76525,6.96801509834943,0
0x61EFa3125d108619280A87249fDB28Fd899a5CbA,41.03240714376171,0
0xEa3f4D71752Fd43FAD15e11b172A0386C0EeF1a4,336.45521744880915,0
0x2ba025164435f434B720519060cE746eaE0E992c,0,0
0x2eD7c7A444480E1034eC069106ec767b6e834Fd0,1.0531365534979253,0
0xBEFE9091541d2FD2Bb2B931536Fbee0383C4c4E0,58.16077753442375,0
0x13A5755535F27A2db363fee1CAdb39475Dc42c49,0,0
0x6490FaF8d8e83f51B737D952aB62e8a2DeEB14a3,81.25303784917425,0
0x1a50BD83E9E36F30F2Db692fa5Ec111eA5B2dfC1,99.85206164624104,0
0xA85b53A872086f83077f260a45F6AC9608e39F2b,0,0
0x6Abd970aBe5175Dcec9c64E23D5500296ad9eBfD,0,0
0x5c29913f7f70523eCC881996098D8f6E44bE3C2B,0,0
0x677990e640D502067c528E69e48Ef2C0699eBD48,0,0
0x53D3aF248d13A702201b1143b9f92ec5b7297811,0,0
0x11c26aB8df9d187451088543F655C7548B628509,0,0
0x5E7a1C43a3aA9E81e7AC52e2FFC382ca0E2334F0,0,0
0xA8de1828b44A67a843007dBEdd184a03db276CE6,0,0
0x03f542fC77AE511db02f1C4ad8C65d471EB75Bf4,0,0
0xF460176598E245A12347CB21FB3Dde9002FadDB6,0,0
0xbd91e6a3b3Dd7a1Aa596f0bd9fc68bD34ca143eb,0,0
0x0E583f493B0ECB723FB41784E2D0FDe9B1D47C97,0.34794287013562375,0
0x9b3e6E6AD4b0F20E36e00F597C4f0792E0bDEdDf,0,0
0x77e9d490B6BC1559Fa912F9Dc624C93Cf0ED4C47,0.44791415934479706,153.24789903922039
0xd62660fd2be4292B9A83c88420585a0e6F430bEe,43.62522449534438,0
0x551981608f7812CA1d91ee571294f7A01C602C2d,43.19204414106309,0
0x8eaB75f97DF4A5aDB67bdF02Aec8ECEbE1f64898,0,0
0x0D5474500e66D783c50F71dFEdD05bAaEE51df98,154.50029328835436,0
0xc6e09D290c548118BE87B56F2Dde443A85e1B92b,0,0
0x4109266acaC7Bc28c754884920b059E016DDAf41,547.4094565843648,0
0x64BCa8b47aA8DbdaCa4be1458c0262a0086f3eeD,1.0501073639815264,0
0x240F896698438DBB7c4AD9b7372C6ee1e765A488,0.000898413629485718,0.000238600649003846
0x51a10F79a52a2d0584fb38565Dedd53d7A30F203,0,0
0x99115F1E2A51F00E35B897656d33c1Dc17c05341,0,0
0x8dcB63088d6535eB1A664D9187D57E715B86Ab04,0,0
0x41168b93C1Ae2b8E1186146cfEE5a8B7748C0F01,0.29035255534026944,248.52303260556005
0xBE36a4DD37dcb8692EF52947FCa828562A206244,3351.343631238842,1.2087994628770633
0x5C6EBF8f0dfa15F463279F24359889a64410B0c0,1144.1803347837113,0
0x2eb5c8F1cFd26095Fd695B89cf5AD59426255CA4,12.204808287885102,0
0xD950E427b2E20A4b4E5A220930E0D7af347A9D57,0.3278156522338592,0
0xe6C9B5C4cB04e521D9394F3f700755c1C95DCf4e,1030.1664882820178,0
0xf117383eC831B53E26C9fFDd2708448543D4Ba19,0,83.47356817845822
0x6495AA37b2369EbD7a0CC7e0C9473F509302e7f2,5.230191210318687,0
0xC8860E06528ae92cF508620D7C10A49f8C80c180,135.97955865598882,0
0x275A7f4f5096a4Cd187b89b7be0175d49015b5B1,19.60208662864745,0
0xFf2022AbcCc7078918917C9521dFb9bc91022993,0,0
0x4e40F34A6d4FfE4FfaD5eEEf446c23DD78cB4324,0.6341838561209675,0
0x7a38B009F9e176F07978C2E75bab2A5b657cA37a,8.270409094587928,0
0x53e812A771c3720A0b0eC7100C36D3ceb76C22D4,0.000470824747124624,0
0x0D0D7725D9D7f124c168ff90BC8245fcD6A97b32,0.1301315804580325,0
0xB9b98205F564666f7B432b942642e45d23acd5D4,105.06266080513949,0
0xce0f6249ff1104A27dF0F9d7cC167E3EAc497a2D,0.2545610909445528,0
0x9bb64e40DCBe4645F99F0a9e2507b5A53795fa70,0,0
0x8Db0620174E95d4D48577ee90C291854D2ea254D,0.11001493797687098,0.4013345851339305
0xFa719F2c121c70bdc649E390126467d14368e1F3,11.603134353290367,0
0x27503a68de1dfd3dC059fB9468435e4b9C1CaA1b,0,0
0x05Fe5507da021D3DF44D7D28519E69C77c5cF879,0.10362444226598495,0
0xD47b07f300Ec4fa2d1AF66784Ad56A86af95Bd6D,0,0
0x0AC4dd0D43A587B5f44Afd3c4E47CE49A5713292,1119.0277047734771,0
0x001Bf5f51453E74aa44dE9eE47F9deB6E896Ca29,0,0
0xE0E7745713Cca16eE73e231428921B424f419b10,0,0
0x91cc9d8602Fa1Da2829635838Aaa3A9C8568a79A,0,0
0x5DfcB006800283E724fF3324Abc2bb98934a32c7,0,0
0x10A32b7694b87F771F32123363853f73159F4bE0,0,0
0x6ECe38C9Efc73fEd70Ec7cA468C73FDAFfCaB9BF,0,0
0xB61ac38ceC1B4b3256AF1e66E716AE25cA73Fc07,0,0
0x7E68A2D36e6F4fc07777848609364d3500B30FeB,0,0
0x18Cc09A7Fe0b5e6057a3b0d1e70D6Fc4459997dC,0,0
0xDe20E7D9E438F5BfDA9EbA93167cE91806596a71,0,0
0xdf29E0CC20AA734630d2DF5Adeca55603966db15,0,0
0xEC78C49B69bAb6d6C9667317D3F1Da7d57F72F50,11.916153941633862,0
0xb5bfCE513710C246925D8aA74aB50Da2Ea2Cf23c,0,0
0xA70ED346d79f7A58067aD7420a159F429f918147,0,0
0x6799E946B06612A5460b5E6E3a3e1841BB06ed9c,7.709954597271908,0
0x76CcBd87A71f8572877db93BbA34072f0E36388A,0,0
0xdce0F20e5e0cB9eb7489564bbcdE1bF5836591c7,10.361872992725097,0
0xEC84cA73029969a43509Ff850De593E5540Cd050,202.15734461989436,0
0xbeA5B7A623217F0d5244CABed66bBFF65e55e8b6,20.824567247205163,0
0x699BfFB46d059bEba068120d76B7bf4e8045a277,0.2251637376675526,0
0xF96b453acd15b5822A5C3a4ef4211CA58027C672,0,0
0x71adD64adBB965Bafd01437295968502eB61145e,0.5212755634990824,0.4472783349188959
0xA0E1b70d658885c87d75CAb61815953d0a23bd49,0,0
0x06A9D7F472BEF060b79cC06E11AbCA822BFf42BE,0,0
0x79eD68c289Bc0995ceFEC1c3Ab8c359500151ed1,19.78729952254045,0
0x07349fe9D2B90FB21Fa823246aE46589b4c8E7A2,0,0
0x155e30E932539BB200dC9B6310Ae33E6b86ef225,527.7731440331537,0
0x23360c3992e141714cdD1ba8Acfa3AFb8288825d,584.6627349344585,0
0xcb4d5E7026C3F86348C80D918bA9E511295399f1,13.442725466615137,0
0x1473B14Bb7B2BDA9Ac8b5D5c9805cC862fe94DbC,0.10107850525379966,0
0xC074Bd441474cB7f619F78b12a9832e5a5d3e3bA,0,0
0x73d4adD86E88405CEec544731Ff202EFF199F297,0,33.391918871140554
0xBCF10094fe14b2f1764213880924C2E44E1a38f6,0.10105301868640751,0
0x69d3F83258983D3453b8082aD61325f4A6c3790A,0.10105301868640751,0
0x58AeB20755F0D8294B11588cF9F5F16BB8CbeD54,0.10105301868640751,0
0xF0F6F26dcc82bd82f54221121d6c5aFD7Eab67ad,0.10105301868640751,0
0x4F67C4dEE5eF88348c68d49e5F7817Ae51Cef8bD,0.10105301868640751,0
0xE9Ff6d07A8b05f1c59363a9a63be38Db08a6A36C,0.10105301868640751,0
0x2C40B6fEbafB2e67BCC14B21e8fCFE21fAb60D4c,0.10105301868640751,0
0x8a3fBFD99dfD70e13315d33a8c80432d9F26E0D3,0.10105301868640751,0
0xD63E1192c2754281d210fa18e95277c20E73F913,0.10105301868640751,0
0xFD5b0928bB188F87C04D82A9CEE6A9987E6252a1,0.10105301868640751,0
0xf217ED87b5ea44dEcDF1C2201cea55614570f5A2,0.10105301868640751,0
0x2E16cF2940b197FDC42B24Db066F07275804BE09,0.10105301868640751,0
0x77fc050CaB8470D46bbdb612Bb13404d3007eCc5,0.10105301868640751,0
0x49bEB694cCE87Ded16DC8E89DDCA032DCdbC53B7,0.10105301868640751,0
0xaa8BDB60eE28E7616Bfe4867f58BfE4EDF858271,0,0
0x224A65Ce130970B0159cAA536B6A999Cb0695D6A,0.000994402635711985,47.21213174699752
0x4f14e2FB57288986BA89d139Ba74e89c78A8Bb4d,0,0
0x16C1C2e4fAB76B20349bf42Ec0E0dB69C6494E46,0,0
0x6758bfCaD8E6C0163180502cfEB201744C93Bc8a,0.10105301868640751,0
0x2085968A96679c66861069E2FCFcccC7719D89f5,0.10105301868640751,0
0xE310550D1754AAE3B3884c7AE1819D76F1F9f217,0.10105301868640751,0
0xCe199342B2A066182A4086d55658a79e9C1B239B,0.10105301868640751,0
0x46Bf55Efe0E057F170308a2AD4677EA44eb76e77,0.10105301868640751,0
0xEcD60aD6C0e30af861baD59c409c67712681Ad64,0.10105301868640751,0
0x6c0aF183df3D8D27cEA36Fc7CAE35679238D4240,0.10105301868640751,0
0x1D85823064EB542e5f205a91ec0e5242ccCB2874,0.10105301868640751,0
0x9f93A279ea0B96dF43dadDE67845A693882CaF94,0.10105301868640751,0
0xA8100B3f1a878981Af8139703aC363dBb5AE364c,0.10105301868640751,0
0x58989deE9778FD3856d454177df8450718cB2CFe,0.10105301868640751,0
0x0FB56426708cc97ce2993f2D731c449733812A22,0.10105301868640751,0
0xB17Bdc2fC7A0382B21EFD312b67A53bBd944Af8d,0.10105301868640751,0
0xE99aC8B0B0805abf8e9F56F019A5a514D3fB4161,0.10105301868640751,0
0x37aC1B1787a4a1928E5123065BC7e917C6EB9502,0.10105301868640751,0
0x1390136B4d5A431D1c6499644cF18037df2f5148,0.10105301868640751,0
0x5377f4c635C3fCB216ae2A5AF31888D774FC3f5f,0.10105301868640751,0
0x6037530F95Ec2a707414d49F7da29778C8C76aba,0.10105301868640751,0
0xAD505C4A37548D5DFc039654db25ac08F2fA0677,0.10105301868640751,0
0xB7C4B80Dcd31a0f50588353051CaEDA5a1D92caa,0.10105301868640751,0
0x56E345EA5d53e03c024f3903D4D8CbD94049A23C,0.10105301868640751,0
0xBf4b254D9D444a97972cf74b7e7De02E4b50Af6B,0.10105301868640751,0
0x6a43b934C9271BAc37564287E8259a5D38d2A0D3,0.10105301868640751,0
0x975e816E1b01cde331B9802f4c6F4Df01407d239,0.10105301868640751,0
0xF93a5601AC3D2273a9F54909Bb934621dc59E7a5,0.10105301868640751,0
0x7F7ce950D0d7847d2a0401C55a3b66d9f0Bc125F,0.10105301868640751,0
0x92152460677e5bB3e85a64Ff1E5b2b7bC072cE7d,0.10105301868640751,0
0x26AA8b31dAC5585217619dfaBf941f46ea47C476,0.10105301868640751,0
0xa51D2FB3fF8d6D97bFd78646Ec39A65FFB1E35EB,0.10105301868640751,0
0x5b1691979AE49CC01ccdB6f5CB0e4141181A070B,0.10105301868640751,0
0xe93F9D169599E909BDeD49AC7B4328923bE4AcB3,0.10105301868640751,0
0xc3A9DDe7990952cf4dd9805c3BF5a194458339F4,0.10105301868640751,0
0xfd19Fc4e07418e81865983aCb77E84eD78249f7C,0.10105301868640751,0
0xdAA00a94d2480bA2c8a431befdd2Bc72FF479D22,0.10105301868640751,0
0x00e87F70BD06fe30B457cB5235e10dBC9C0152B3,0.10105301868640751,0
0x58a0318CFB651CB3e0Bf133Bb99304db43597bD9,0.10105301868640751,0
0x19d7b4d403a9D3DC5Ed3b15eA88671816b0F1d9F,0,63.14623087742544
0xee36DeeDB12f57Edb2cE14bbA781952C2E9E5057,0.10105301868640751,0
0x56Bd929a27Ae2dBBFFC004d988aBeaa80a70Aa9E,0.10105301868640751,0
0x64FC8C50d3Ae974Bf9a32AFb7232AE96bCFBb35B,0.10105301868640751,0
0x4703cA9DE8b29f7CcCA2E39822302c8322F329f3,0.10105301868640751,0
0x3e0557E5Ea513a5E6D299398eC82e900D682900E,0.10105301868640751,0
0xe8628a9F7727bCeFeab492D601DE0a0Fb1AB07fc,0.10105301868640751,0
0x0d2b0Ca2576F1Ce3B95084285d7A2235322F3Efc,0.10105301868640751,0
0xAA38608F6ec3787B09dAff24d5B5c117819F023c,0.10105301868640751,0
0x8F7f285815F9973CF6F4Abb76f5E87816B7b9094,0.10105301868640751,0
0x2021A60cb3b5083C9F4ec437e1bb365a2A591547,0.10105301868640751,0
0xD8A986D5C1eD0C89d7b95cb1D9E97E8448EdF08B,0.10105301868640751,0
0x5BC30d80f1899c1b13cf0d2c4306Fd4ca63715e1,0.10105301868640751,0
0xFd85630Fb336f7C10DDD8c5CFdfD4c3c64F6B9e4,0.10105301868640751,0
0xBcDFCEA87cEa940261d63c84419a969cB06bd3A4,0.10105301868640751,0
0x54AD199c76bf4e969296A38EC9a66e017B06a0d9,0.10105301868640751,0
0x5385462c747a0d44286f0907f086D9D7d9c6C5fa,0.10105301868640751,0
0xC95B3905e806815b654f615206519921A58bBa3B,0.10105301868640751,0
0x57B6771CdD64E00584E476b99821d8613fC43030,0.10105301868640751,0
0x933839522D058176D32b1F47Ef991aFdEb65917a,0.10105301868640751,0
0x3875dD5f38ba257F0Aa022B678f9154066bfc469,0.10105301868640751,0
0xCE0b74D2Bb7d2adb885bfBd782287E99cdb71fB9,0.10105301868640751,0
0x6aF511881DC80b8E4EE5dB1ac435D214E8F0723F,0.10105301868640751,0
0x7b0817915f477f0235e2C1AFd188185076D8c38C,0.10105301868640751,0
0x96145e4cB46853742AbdCd1F71ac6a67bA24c4dC,0.10105301868640751,0
0x2aEF28668EA956b79aEca9C9ec4cceb35D65e18D,0.10105301868640751,0
0x21322ABAEF06215b59d470AE886153dd0D540616,0.10105301868640751,0
0xcB7d9b15dE20B3B300Ed69239bfDf113028fD230,0.10105301868640751,0
0x35643a4Fc9293A685cA680847952A53Da7354a9f,0.10105301868640751,0
0xFb961089dAd18257D397A23B4D2B00111174A2bC,0.10105301868640751,0
0x9f9Dc982637B04878D8330629cD3A3C1d110d836,0.10105301868640751,0
0x814e6765e1d5A403bFE27612Bb497b4e71Ff2c2d,0.10105301868640751,0
0x76AF48639aE7e593B1F8C013f44F5DC852271014,0.10105301868640751,0
0x81cC5e5A00668000Bd1EE767C7e8cc1b6223980C,0.10105301868640751,0
0xb1fc724A10be01a91C4794c3852e8bD22a0c24bd,0.10105301868640751,0
0xf18977B29C1F87F9871B8a7a5aF1e4059e39b9FE,0.10105301868640751,0
0xEaf2ACe5ED8613fd2D2F9FB6f1a0976F009B05CB,0.10105301868640751,0
0xcFdD8a4Bfe5Ffd9E0C20265c4Cd691A2E84E08d2,0.10105301868640751,0
0x3A1cC753DD7a0Eca54957565Ce5e86c84e855949,0.10105301868640751,0
0xDec5c14B7f4995719aAd404ecEde728ae59F4834,0.10105301868640751,0
0x5414B5182816456ec6E5169b96DeD00A2a906c28,0.10105301868640751,0
0x3923b539449893aCdbf55A7F3e899D01aCC68590,0.10105301868640751,0
0x107b9Aea0f3E480eB898779A80483EBEA7e7Bc86,0.10105301868640751,0
0x3296Ba3D8FD5aA9dFc6543e6D35Bce28D9525d89,0.10105301868640751,0
0x9386e1Fc39beF83479550D5CaEbd684Fc21Eb545,0.10105301868640751,0
0x993A37dd64d8836014C8Cc1a8B49a98157A61668,0.10105301868640751,0
0x57eFca1DB35F5aE174F564Dc2866c6882aDcB5b1,0.10105301868640751,0
0xB0aeA13B5E5a9fc7d9FE9903a92BA84a172ffCc6,0.10105301868640751,0
0x59Ab471173Ab0Cbb6f86cADF338C68f94c66C8e2,0.10105301868640751,0
0xDba9CD859Fb4ABdC4F4d99b054b8aE4cBd46475e,0.10105301868640751,0
0x4C7b893b19A94369C3bF060615a90263b6A86196,0.10105301868640751,0
0xafB9726E37d3546318061a1EBA3b85A25b1B6523,0.10105301868640751,0
0xB6B615D8DbD0634E19c7048931f6dDE43e5E9316,0.10105301868640751,0
0x8Ec0dc2c3c4Db238D324f01a82cfb4cBfA5b3eC0,0.10105301868640751,0
0xf7026BCf6F763A0751FD8811A01472B8dfdA41b4,0,0
0xe853aD4d11FA0F9dA7EF8F620b397c72f5cDE37A,0.10105301868640751,0
0x1156F536c10FFFcC01e000d57D24D9699eE1BfbC,0.10105301868640751,0
0xF1F957595dc117128BF7d3AC5f71042a889b826a,0,98.20194813325304
0xd07F8B061318dFA642E9192c773221dCa3731FC8,0.10105301868640751,0
0x8a90c38Bc1396d2f658a1dCbAcDBD9cab78B6c11,0.10105301868640751,0.8356495935163146
0xd1b45607d5F5f25d4A115BAeD66a12537B09F3A7,0,0
0xA16878Bb974e7E0a9a1eeAe45aF80991a2a7800d,0,0
0x3359Cb4Cf0AD823F8AAfe0C1559997dCC164B5b5,0.10105301868640751,0
0x39C02d9498f43d089338E104ae031dE0bECC5955,0.10105301868640751,0
0x3c301D62A2D4dC76f53B5b493C8b9a7cbf456Dac,0.10105301868640751,0
0xdd763B5C4b02976d379192f40b3c59ed410411D8,0,0
0xdaa983d57EBB762bA98E44A89b0B8907B9368e71,0.10105301868640751,0
0x8Ae467201ebc7c80adbD34f2319437777427879e,0.10105301868640751,0
0x958A4190B4c385d5E42b2189526d568e57785aD9,0.10105301868640751,0
0x5C80830eDAB412C3C04A99BB3C0bE4D13c04626C,0.10105301868640751,0
0x371C743cFb0f7277BdB31571f521bE7ce05C1890,0.10105301868640751,0
0xF9Cd51bCd17F8C7638b96905fdBF10b3DE0802be,0,115.98008932449665
0x4035B7cc9b3F87aCF44c187B5D9D70F2E93F10F8,0.10105301868640751,0
0xC3D2cf60Ac75136F0D991c2DC95474aB3A4d7D99,0.10105301868640751,0
0x10408AD1aB8A3ecEf36C16e56305d24C60559aC4,0.10105301868640751,0
0x4baf89Ed47c585DFae2F9FB66A4cea0b6836310a,0.10105301868640751,0
0x81bb408d5A3C2114e270aF16f393ad1bA2e656F1,0.10105301868640751,0
0x94ee461f0E0a512d8bAdabcBfEE0554f4A64325F,0.10105301868640751,0
0xf8926A177273202755F9Fa930c96285e612375AC,0.10105301868640751,0
0x4058f3490aa354838cBEE2Ba032BD60EC090fd4C,0.10105301868640751,0
0x46f0dE80D2FDb0eb351eb51f511b59f738A7fa95,0.10105301868640751,0
0xcAaE1359D10cFc582d0cfAa17b0ee70011dd9971,0.10105301868640751,0
0xA3899A73C54CD5864a6990Ad50EEce47905F7F33,0.10105301868640751,0
0x0338d0E211da8565b0Ac507C1D83A2Bcdc157468,0.10105301868640751,0
0x6c2728c1b5D97833A88969f73FcFd74066C213c7,0.10105301868640751,0
0x6869e63b11b6f44d4F59454aa834b6cd61DD08Af,0.10105301868640751,0
0x12DE39d1Ee96C1767Eb483F465275B65DAAf5F21,0.10105301868640751,0
0xC3436FB07656c217032b95aDBA0A715A2f518e4a,0.10105301868640751,0
0xa7dB69778E7DBd420ED13902B7592Ed5e10aEA39,0.10105301868640751,0
0x123Fd41a159B8A69c6515C1fe46fcC1581EB2356,0.10105301868640751,0
0x1e47363f55ADeF1dC6e451b0B69aCE31D52a8bb5,0.10105301868640751,0
0x63A473A2Ded74E8CB10f99772F2bc73Fbb748a3e,0.10105301868640751,0
0xd591Fd443f29155322B5084a42968A3C53c61296,0.10105301868640751,0
0xf6afC0c2aCB23c18AB63b989176807dBD2E2Ef41,0.10105301868640751,0
0x25382A5F407a31c1996BBf96FBb92A690497288c,0.10105301868640751,0
0x9F06A98CFEDD5EFEA0F79F908B4c2183027c5860,0.10105301868640751,0
0xC9C0c9E9e68553a4ebD3Bc77fF681648019a2937,0.10105301868640751,0
0xAbE13671099b1eaA23B839cd46EDB0DFFa3f1f87,0.10105301868640751,0
0x069c40A2D6d3E88a49D998E3625AEe0Ba7c91075,0.10105301868640751,0
0x143b92d8f2e5894d60Ae6FD2D8321361A68771bc,0.10105301868640751,0
0xFfbC641a911290e877B19C2a95474670bCc17D35,0.10105301868640751,0
0x3167b11C9bc348f1ba43E9DE17aa246D0396d523,0.10105301868640751,0
0x1915b23E3B21eC736737a7919c7583bBA312ef5d,0.10105301868640751,0
0x1DD693e49fD73C5482Db31adbB8aecfa77368041,0.10105301868640751,0
0x80f4aa9429fbb51d5Fea39E9D06a4F5C3f38fd42,0.10105301868640751,0
0xdeC78567d41EE170f0eFf8F7729637C6427dd5f2,0.10105301868640751,0
0x3B03eD64c68692cf4C6bFCcdC006EAA2837CB95f,0.10105301868640751,0
0x633E94F8D4e4b1a9d824c37989686b650B04C596,0.10105301868640751,0
0x87c5c5aCAde9b2c651ED77bE0A235588D4094a51,0.10105301868640751,0
0xB64be2A0fd796a9707E24e01F52Cc2C81bed869a,0.10105301868640751,0
0x6C2CC8EA2b54E6a4807502f3A98A839184FeA6Bb,0.10105301868640751,0
0x9c7b3B11a69ab7Ed5418Aef5406bd529d819aCdD,0.10105301868640751,0
0xa6f53AfdA062A64444534F9a8B3f3bA28ee4A5E2,0.10105301868640751,0
0x672921E0cf1F4Eb4d6f76b1588d7b05e89C9992c,0.10105301868640751,0
0x95eCA5a2F931BE1eb099E4b978E176F034F0023a,0.10105301868640751,0
0xC7f885a8A61Da844Bc13e7cfCa5Ebc265b49d228,0.10105301868640751,0
0x2a070C208b16833966B6bccFF9641B2bbACb56D0,0.10105301868640751,0
0x95D522421BC057E784E1Fa8A1e80cb1E3BA9eB09,0.10105301868640751,0
0xA8714E63eE91D82AfAaa4853a9F70B1830C577c5,0.10105301868640751,0
0xCb56F3c49d11910f43F83482C737f2297840057e,0.10105301868640751,0
0x05E47d8650AD5E0c03135f14429B19664255A8D8,0.10105301868640751,0
0xc058683559fB8224B421B5a4433a087ADF394297,0.10105301868640751,0
0xF5ce794F13399D643E985D7505C453e78eE32322,0.10105301868640751,0
0x47a2AD95aCA3621c1411d5F0FfE9dA57cD78D839,0.10105301868640751,0
0xBe8F29c1C82088B872a0a66fD27de1B1D0121E78,0.10105301868640751,0
0x85dAe618f69Cf79dfc36Adb20145f575a01db94a,0.10105301868640751,0
0x16BC142863a6CA89475374b44e3fCE099Bf1fA49,0.10105301868640751,0
0xdE54d98c7AF5A28932af0DA38d0b6F919011C07A,0.10105301868640751,0
0xc69b245dF396ea200b4B26dAbb0524A2BCC837f0,0.10105301868640751,0
0xB26Cf3FEA043b9fd9a457B023238e5786fC626dD,0.10105301868640751,0
0x7eF2Da5d2B7b8007e88582475386532bF92513Ba,0.10105301868640751,0
0xC2cE420B9Add2EfA7934FE1bcF45bc46eBc881Cb,0,32.384264021044125
0xb1049a7FAEeFE28e9afF8FeB052230614c1981eC,0.10105301868640751,0
0x109D66848d58E69509660BD561a7981bAF33140e,0.10105301868640751,0
0xC8bF6E5Bf7CE0c8996068B35cc0D2A5dcb4dd352,0.10105301868640751,0
0x26a97d5844753063e204499B66470401a5D6D02F,0.10105301868640751,0
0xfa7c56E130666d78D5CFC5804E2Bf98b545548bC,0.10105301868640751,0
0xBE1F91683e373667D1826Fd303A5e3dC7B89a290,0.10105301868640751,0
0x2a5957fDDC5890D1764E38713eeF69D9D54f866F,0.10105301868640751,0
0x7305459011A2c99F61304e2DB805257F4C4Ca772,0.10105301868640751,0
0x6309Dac268FF8f19A1a073e24F4126B44Ef5B76C,0.10105301868640751,0
0xEcaB18630440Fd3f24dcAD406aa290398A8fDBb7,0.10105301868640751,0
0xAc683692902a158bA1a43003e134e45F02BdBE39,0.10105301868640751,0
0x9b18d3c083e8Fb56dF7d781c3286388EC59C7313,0.10105301868640751,0
0x7FF544ef66ef4512D0C6639B6c450B270FeCDDb3,0.10105301868640751,0
0x669b5F84C00A678b77435B53E0cA1cFeCbEcd1A2,0.10105301868640751,0
0x3E46291FAcF78282Fe9B50bfe1428DfDaE487Ef9,0.10105301868640751,0
0xe2D37BD99B8d94107A7bd9DB7898EC77C715d736,0.10105301868640751,0
0x4B75eE116aCDeC99C285410F08BDB02D11516384,0.10105301868640751,0
0x178978f56D6fE95559bCf795ca4eAF89a0Bd5b16,0.10105301868640751,0
0xA04a58dC365E5c088e8212fEdDC1470d8003BcE7,0.10105301868640751,0
0x565c25f706cd8bB21471fCA435bf760706dA8D6E,0.10105301868640751,0
0xF61Df658Dea780eA4b1Dc4d875b4c4660D992Fda,0.10105301868640751,0
0x89CC94cBc0B8Ec5593D5962bc5645A01473a3734,0.10105301868640751,0
0x21E08c04f29FEbcE461BE04789c1eE44d0E15da8,0.10105301868640751,0
0x807846b4Edff169B085CB035eCbA06188597A888,0.10105301868640751,0
0x803BC0dc45657fc9018c8Be9B0E4dA9d77D9F9BC,0.10105301868640751,0
0xD5dF456005711f937295C0b28E5755af57e8Ce96,0.10105301868640751,0
0xD7F944B6c5E45d0544100338b9eEa37bc57ce1A3,0.10105301868640751,0
0x2D949780b0b180510E0e5a7F0e4f13CA8c8F509B,0.10105301868640751,0
0x65e3952acf0c7dF04baaeb16f14da0f44C8F8915,0.10105301868640751,0
0x5a3779A2899d2741dB760322c82dbDcDf01c7aC2,0.10105301868640751,0
0x460fe9acD9E38b1E730aA131834Cdb720CCb17a4,0.10105301868640751,0
0xE44E835FeE5C487F1f28b20FA1b1fD564286E6E4,0.10105301868640751,0
0x2ee93F354f9d7c9ed0Ca528dc51775c88a6a1f1D,0.10105301868640751,0
0x88A962461EBcf47722f01dd05b31Fc4F5953C985,0.10105301868640751,0
0xCA8724D2c3EaD2E527308040d8A44d6B9d366566,0.10105301868640751,0
0x410E7ad43B9db8AF2795E7E88EF8F964B43e66Db,0.10105301868640751,0
0x06d1bD45caaA2881aBB78C8111541bd0b192Abc6,0.10105301868640751,0
0x95082F2538B23E9535b7843b0328a1624348465e,0.10105301868640751,0
0x6E11FaDBF8cEa5Ff33488F46cf7d80Fb692184a4,0.10105301868640751,0
0x7C6082AB78F8abF00b3E3D326dc97628C94c42b0,0.10105301868640751,0
0x6A45Dc4fF56A4426869e5C52Ec40bdDa2E906B1a,0.10105301868640751,0
0x00B18FF3222Fc785ea8b2Ad5521AE472BDEeD240,0.10105301868640751,0
0x033fd4DE9057B3F07815848A370f2AA6fA28d545,0.10105301868640751,0
0xcD2969193Cfcec1Eff07E717F6C1f7F9aFA94021,0.10105301868640751,0
0x34F61Ae6FD9070c81cB0518B42437D3ea0599859,0.10105301868640751,0
0xcD24EBa1E090655aD3f417B5ffB01a2bCD6695Ff,0.10105301868640751,0
0x7B115B4D0513E7C82fCF3b44634fD2526A68d263,0.10105301868640751,0
0xF9FF4cF31Bf2617362B9DD30C594348DF7C3D91A,0.10105301868640751,0
0x03e054022D3756429BBFc17E788a44781B221649,0.10105301868640751,0
0x2949B15af2AD319CcBb844F3E68EBf04A3b466D3,0.10105301868640751,0
0x17593272b5805A3eb9E533ac0B8edd32F7Ec39E6,0.10105301868640751,0
0x30F682b2b7a0e8C72714C0Ca4AD28B40ccEF3fDF,0.10105301868640751,0
0x581157DAb33fD47e76Dac956Fc4274e8593cA7a4,0.10105301868640751,0
0xa840A65c2fBE6d36CB4d17fB880D1EBf5E126aCd,0.10105301868640751,0
0x0CCfA1c3441F3fEbDcEE067bd1Cbe3af7BBB614b,0.10105301868640751,0
0xDf40d9FAD6b44F4EBae5fc62114e397fCd75D0C4,0.10105301868640751,0
0x1c579Ce7791934D2B12c16cC748F412404db477E,12735.896298476217,0
0xa417100dDCD35787E6C0598e63db45EF5ECCA567,0.10105301868640751,0
0x5546f27CBEf44f0A46b997894854E0788C45c6Bf,0.10105301868640751,0
0xA6459FD189568b8fCeE399ef1811F39c878c32BF,0.10105301868640751,0
0xc248C8193ef3A8E1D399Ef00243b150cc6A98Aa2,0.10105301868640751,0
0xd9f34D44EE1bBBca8f0615b63A92F8aA25bbeab3,0.10105301868640751,0
0x25EFf78ecBd337a3D639765cAe8bc5d5F60EA6d1,0.10105301868640751,0
0x909CEFd055B2F2C8160a41a3031B24083AFd2cfD,0.10105301868640751,0
0x9C016d9a1ce53658F7A975F796735B4E010013bC,0.10105301868640751,0
0xeA1c16b4042aCc7445D9B5Dd08C00b98250eA543,0.10105301868640751,0
0x6476febBbD03c2CFa934AF7eFA904d9116Ad5919,0.10105301868640751,0
0xe0f1a6494ee81864A2BB84E31D7F252342b90476,0.10105301868640751,0
0xEF629261993A1eE4f6F64f651820CB3f44A58ba9,0.10105301868640751,0
0x0c43D79BaEBA1Acb896B4E35F02615eb25c3e4AA,0.10105301868640751,0
0x0d08E4a1Bc8C6dF29bC20242EbeD04965069B3da,0.10105301868640751,0
0x90F6eB374DFaa33A6c3ab5389a93dFBB55E66E44,0.10105301868640751,0
0xB3e457Cf79D1F227EFF83a1668EEBe956682833F,0.10105301868640751,0
0x2973bDa61A2FF3d75b3211Ef8C8686699AA0214B,0.10105301868640751,0
0xaa356Ef547D5664c4d25B717760f521917a6936d,0.10105301868640751,0
0x148Ff93aF24A7c673a7643356AE7dA219bB9d522,0.10105301868640751,0
0x360cEBaC3453204D44032d4E4d2c9896DE48a85c,0.10105301868640751,0
0x77F635B1DAEd63a356E8A2C67DbAbBda37904E49,0.10105301868640751,0
0x67e98602B5Ad8BB6bf506A5b9593AC6C11D927F7,0.10105301868640751,0
0x19b97B896C241Fc39852b1BC0EdE5364a5B011f7,0.10105301868640751,0
0x19193a76741529ca5d5a92626B02bbC07122B23C,0.10105301868640751,0
0x5D0A8Fe7D6b70141abb75d4039C0De281fe11464,0.10105301868640751,0
0x9FfD7Bf7bfAa1012e01CBf906F926817a3ddB307,0.10105301868640751,0
0x0b858752Eb66C0386F86a12b6dB42ca4Dc666924,0.10105301868640751,0
0x1D88f5a58624688627fCCD370dc8eaC3a700c138,0.10105301868640751,0
0xFf63D2446aE1eeaa1b2f75Ea1E424B7fFD08846A,0.10105301868640751,0
0x0A88D04b7c05e19902285EF45781247855edc31b,0.10105301868640751,0
0x22F29CF0c890849de5dBc7CB15D18f20040d28E6,0.10105301868640751,0
0x2AE861641f095C3DaAAF8101218D8621b6f23520,0.10105301868640751,0
0xca0b894B2C6AA27bA1BFa2953132Fb50428Fe9B5,0.10105301868640751,0
0x13cFACFE7Fd2Cb6d3573c611c8F93C8840459544,0.10105301868640751,0
0x26Fe3B0784B30A6aDe6A94966f9784cb71460b3c,0.10105301868640751,0
0xE2cD5BBd5185318638139d17BD594f7CecD8a106,0.10105301868640751,0
0x6da4a1E86664b7cAf7E88418BFBc407720a5D4c3,0.10105301868640751,0
0x09F1a391A431D358085c7041d6100C7e9a72c720,0.10105301868640751,0
0x45f4a474F0D95ab541B8DfCeF66c27d987A06501,0.10105301868640751,0
0xb6da9e6b1663acE6dE7f63328b6F28Bcf1ff6e29,0.10105301868640751,0
0x3B9273d8D3c8991a2fAd758F914070caC4EcA7A1,0.10105301868640751,0
0x70C556Fe87545dE4fB841dCB67c732162A1Aa928,0.10105301868640751,0
0x0f513bCd9A31a86a433327FCac2E96fd29b2CCBD,0.10105301868640751,0
0x63F447FAD1f87253ed6D32edFBd74dDa357A3d6B,0,0
0x55c65dbE2588cCCa361ee8174370edB1d6FDA50f,0.10105301868640751,0
0x6979d979b91c4836a861e261d1e0128b6d9a7900,0.10105301868640751,0
0x69e71b3165D673818d4a28f4c981A8BC3f984C53,0.10105301868640751,0
0xe9c75cC33c330ddB2DE24af406f27dE090F9C92e,0.10105301868640751,0
0xA16E0765D93f1b3c776d8ec55Ee22EEFA3ac7a71,0.10105301868640751,0
0x5981139FB92d9865B6927E540FA1Fe0122efBbE0,0.10105301868640751,0
0xD66eeb9600660Ef405c2B348391aa3688a1d4780,0.10105301868640751,0
0xA263ba83BC468BE9BD44198AA456B546e0769307,0.10105301868640751,0
0xFc6BAeC34f21235c0475C92FAe3c796A5a266e59,0.10105301868640751,0
0x2d44d5C6e24440239353Eb19F4b6b2C669Db0147,0.10105301868640751,0
0x181C27b57bC055655BFbAACB5614e924E1AF15A5,0.10105301868640751,0
0xb8D9A49aBd6980998A6E8B43084bF7d6bEfAC911,0.10105301868640751,0
0x4E50b61923f4A370f41dCA72dCaC4D146b860D39,0.10105301868640751,0
0xc6DD8d8E165cA4F46203E9b199ae48531d184B2E,0.10105301868640751,0
0xaC63e94F98F6a9db9254753F3787Db1ca36f727E,0.10105301868640751,0
0xeB57a91a2E6F718e94d25eF8A1e4A3a64f9D680c,0.10105301868640751,0
0xdE88E30325E1761844FD919125EEF142a33277C5,0.10105301868640751,0
0xbeaEac7A60De4421fDE94dD50240523A71dff3fe,0.10105301868640751,0
0x11b4568D102DF16cC937e4A330d88707030F18E9,0.10105301868640751,0
0xdE5E8a8C49Bb3307df343b4e9acdC1E4A5DAf8d8,0.10105301868640751,0
0xfCE67Ecba94Ca8a1D3bA6D88442D1f0C908d7f56,0.10105301868640751,0
0x3798940Ca4CaEd967Bf4E4D6cab8d576B00252aB,0.10105301868640751,0
0x15Bd6e69f1f895ECc2f253156F76C6bD069f5e3f,0.10105301868640751,0
0x12fC977E597B85766afF129933F8bDCb7617cCC4,0.10105301868640751,0
0xb97328626f5dAA31Cd024B5597040E0c3c67CbE4,0.10105301868640751,0
0xDe39C03ACd40cB259A0edD96078b3ac9F6A152C6,0.10105301868640751,0
0xCc8DE540794A1f147217C1992C811B180Dc58eEa,0.10105301868640751,0
0xE0439Eb69476265360f08fcf2b10fB321Ede90ab,0.10105301868640751,0
0x616B141299D0786FA25907B1f879d489263f95D3,0.10105301868640751,0
0xB64057D1B26D50094c0439C21F787c5d605e83Db,0.10105301868640751,0
0x67ceF5Ed708f275B3a6224C695140AA163FF1150,0.10105301868640751,0
0x74859630705F652433563A9E988A8784b5B7245e,0.10105301868640751,0
0xEeb5a6441673d925dF706E943475abd5f84724cE,0.10105301868640751,0
0xF0443b0f7AdFbe905DD3802b0354e8efFd3744ae,0.10105301868640751,0
0x42499D32782000aE6ad9f8173d1fFb43Af0eE850,0.10105301868640751,0
0xe8262022b439F998634089C532B4642D58D5ec00,0.10105301868640751,0
0x5435637B56CB9bb6D43102e705A9C70DeEF21205,0.10105301868640751,0
0xb3473d25Ec24c5023222FC98905900d64da81f58,0.10105301868640751,0
0x26419c1842D26ddf7B74fB73cEbCb622C5C836C0,0.10105301868640751,0
0xc07E6743138Fe4B47B65937DE357a86c6d40980C,0.10105301868640751,0
0xFd14c420FE2cef892a8b8cE3158B1CDFB2DA26d8,0.10105301868640751,0
0xD438FD0c855D6e6a07A027D4A22C97bEdB605B2e,0.10105301868640751,0
0xcA7065B2e82d2c7A1e703b1B9dEE93C54484200b,0.10105301868640751,0
0x408cDfADAF671c730A1134E5f9B22cBF817EE22a,0.10105301868640751,0
0xfB776593b6DdF5e45F812573766cbCA3a39A75Bc,0.10105301868640751,0
0xB86f731729dDe9d5eD0AAB13B5EC91E550E2dD32,0.10105301868640751,0
0x11E0DfcC25B4007a04673120d8dB15280327704B,0.10105301868640751,0
0x03A46950e169BEb5c112EBf6abC85bE72b41d85d,0.10105301868640751,0
0x384a29f743cD7c7D32Dde4542063639628d884Fe,0.10105301868640751,0
0x78eADf900c1A2D157EDf4F34737F3cAEd5d5Dec4,0.10105301868640751,0
0x31d1E14aB763099945085B9A5C582f9c8189064B,0.10105301868640751,0
0x2AE58EE07bdD23472e6DBbb8739A00805B516994,0.10105301868640751,0
0x8a43A644B2A6CB1dc4AD2F0110e34bF5b9aA45B8,0.10105301868640751,0
0xc134148c3FFe4A0B6a1B22229689FBd21723c553,0.10105301868640751,0
0x3415B98631b825e9f6fC182092Bf12b001E47145,0.10105301868640751,0
0xD229A3c9C05185d4ce2f453724877EcB1Bd3d269,0.10105301868640751,0
0x41ABD034EcE930AD7FE13145E905966811639FfC,0.10105301868640751,0
0x010657cF44Ca34c390Fe6Dd16da0208682a4dD5C,0.10105301868640751,0
0xf2aAE5E47174DC3EEdE65B55133E21ecC104582A,0.10105301868640751,0
0xa0700b6ebDfeB62Da231147794939bbD8187A478,0.10105301868640751,0
0xCc9324d6b8C0b4914a9555dda7b8cbB1A8f9c194,0.10105301868640751,0
0x79569C476E96a5c03730aBd064CDEB27d644660B,0.10105301868640751,0
0xdc33c5ADbF55B65BEC51Ff327A92a6BD45A30E04,0.10105301868640751,0
0xe4718d367e620985EE1BF3ad72A4FF6Bb30D8c1a,0.10105301868640751,0
0x55766A9af1A02c7Cf85F7170a0a2B2C1D7b05FE9,0.10105301868640751,0
0xdda043a7D16EC520705a02C7Dbeb606D2888C9D6,0.10105301868640751,0
0x0139EAFDD31Fa8Ac7f63b28b689AaDca7F21e5Af,0.10105301868640751,0
0xE29954FDb8e732DEa0ED319601c75db187a8e189,0.10105301868640751,0
0x74bD389C6216Fe134C0a77A244685E8BA622f82C,0.10105301868640751,0
0x78914B4Adf127BbC3185FfE0ADb406100bEB1cCd,0.10105301868640751,0
0xDAA7F74D84EC5368Fb4541322B08D389f467DB5b,0.10105301868640751,0
0xba1a807DD776Cb1AD5CFA95B539494bcF57eB9C5,0.10105301868640751,0
0xe64AE0da7197CA169658Eb9cE42CB746aDf50a6E,0.10105301868640751,0
0x0184161315124FF419Af27E78c95fb4947238e89,0.10105301868640751,0
0x654d97f89fa94071264bFFdBa6De43EA427C12d1,0.10105301868640751,0
0x1F0b298fE4Ee17a1577b54F306A8C5766d0f6812,0.10105301868640751,0
0x6e0557AaB30BC641f40b860072146D428a7e0B22,0.10105301868640751,0
0x18fDF66867eD7ac5345b0a3eeA45bC2A9a42E7A1,0.10105301868640751,0
0x7c72448558e21E70e51B32696A1c4d4fa08e008A,0.10105301868640751,0
0xfB9FD7FABc90c5de9150e5e32D930DC6cF384748,0.10105301868640751,0
0x9516A60C841a93D37a46F94f2dE47199d84E2387,0.10105301868640751,0
0x06FbF2c15CD4E18A9CEDb99841Ad342dfAaCAEc7,0.10105301868640751,0
0x8a27658E6A182b0fc165B450ac0733e80173c2eD,0.10105301868640751,0
0xef46d6379f8D6867677a77cbb5f0d00C7c5EE9B3,0.10105301868640751,0
0x0eBfbC5A78386CfFA79bBc362E82362b2F0d2953,0.10105301868640751,0
0xB4Ec1febE0D9599783CE517831503Ef91efA23c8,0.10105301868640751,0
0x5B99a32462272F9330FBA859DE1430E3F6EBcac9,0.10105301868640751,0
0x94B09601b04269b4329CA9c011e71A8105ba8E3f,0.10105301868640751,0
0xfE4E3c7b204CA5F7fcF334441C2315e56D7D1460,0.10105301868640751,0
0xa95324Bc8857d97C802a3f823e3203C57E54B949,0.10105301868640751,0
0x24B7E000588f3DA29fabFD0F4A71DbA2A6f5685C,0.10105301868640751,0
0xD619C6BA24bd6e1f2939b79984870707A2732bcc,0.10105301868640751,0
0xf2C419ba907FEe1F7B08C984A42142eAdAa15A63,0.10105301868640751,0
0x70E3CC066B87Cc5164959F2B4e3263b038C91815,0.10105301868640751,0
0x6568afC5b8c903B4D612e3e66133d26A0aE85868,0.10105301868640751,0
0x1021117074AB2013Fa6f7c3DBFA9A919473dD246,0.10105301868640751,0
0xa1Faad55Cc72929aFE9582E8446e5363f12dfc3B,0.10105301868640751,0
0x314b8aa996cE6b0601336166E217C423f56c7fC1,0.10105301868640751,0
0xf888321e980Dcf01deA475029aFcbf8Af51fbde3,0.10105301868640751,0
0x10025ff2248CC519bfbDb44509E17fdB24fb74c1,0.10105301868640751,0
0xC3Ed8444dB9ccfA19Ecfba651a4B9571Fe8D0306,0.10105301868640751,0
0x6A8D01c884D3047f7f17f123b4126CF509D8dC4E,0.10105301868640751,0
0xaE3282fb3666859C238D704e4aD2c6ADfE5e032D,0.10105301868640751,0
0x279F136B5b751912ebd4e7F8E4C0682348294f00,0.10105301868640751,0
0x4e18ff075a428D4EED3be6bDe6f7DD00EE3dA040,0.10105301868640751,0
0x483BEd38Fc3b3420C00288d4f09afe80D3b0DBD6,0.10105301868640751,0
0x941576067De28DeF63F49e97d04D974fD5B33b44,0.10105301868640751,0
0x20966ce6B216462861058D235a738010947D7199,0.10105301868640751,0
0x76A45e6A43353Bb15Ba6c7cCc68e009Ec07C5D60,0.10105301868640751,0
0xc31184cFf6F9A92Ec7E39a9Ee98BE05212c9423F,0.10105301868640751,0
0x6076F449f2d817D3530DeE65fCfC156Ff1c9E9e8,0.10105301868640751,0
0x5486C57EFB3233238Fb3057b7DD964c33b3bE349,0.10105301868640751,0
0x99C12d799e22ACFbF9b627e074F515d30c6D6F6D,0.10105301868640751,0
0x38CA82Fcf2cD0232c49dBA5918FC1d2F7d4008EC,0.10105301868640751,0
0x9169332E2bd717321BdA13679aA25979E4E8dd36,0.10105301868640751,0
0xA09afba31C36BF388152525A3ec8C436EcA2186b,0.10105301868640751,0
0xf0bE9161324EFB85D45037FaCa480a55DF79f87a,0.10105301868640751,0
0xdf1A80841b16747Ea4A48F449a255a79f8E238dE,0.10105301868640751,0
0x896b2797442e7066f2e46959a0B32398999fCC0d,0.10105301868640751,0
0x692Bc87De5C21847f7774869EBd2fA4A13c6e7da,0.10105301868640751,0
0x819e38815a2f8c2eDd09ba57B69EBd08d2387570,0.10105301868640751,0
0x9eEcAE8ED278Ae3722E2B3a6bd39B2fE0860dd5C,0.10105301868640751,0
0x236176B4f9d3E3013E6959C58F7fe3DE534e1772,0.10105301868640751,0
0xc26DccbD740d96016C528f2dc9E34a6ECaC3919F,0.10105301868640751,0
0x59E34f4f9d5D23B53879f9C0680514BBbc2e77f8,0.10105301868640751,0
0x00bd42F0ce1f2B9be6f6a40A569710c209077A4A,0.10105301868640751,0
0x7eB3c698489175D40F187E6b77d6170Ebb66B98e,0.10105301868640751,0
0x31d36D203B5D057Df7e6674494e6cfa57a66a062,0.10105301868640751,0
0x57427d043d3122ebc68B59B3EFC81f50aa809F24,0.10105301868640751,0
0x3C6282aE5cB1D0FAB3e51F76c7bEea219F67b617,0.10105301868640751,0
0x0E0C8B2Eb81C338a4f8713A34fdd031deF4A0bcB,0.10105301868640751,0
0xBfB9684Faf2d3b693B4dDfD5B4409f958FAcAf2c,0.10105301868640751,0
0x2FD0ab73Ed358041b45caB117a1E6D42F72c9D92,0.10105301868640751,0
0xbA4B69823a6e6177ABE449eb6F2B1e75Ce3799E0,0.10105301868640751,0
0xcA13c89Bd53c0b117D2D7BF73b701A958e538dF3,0.10105301868640751,0
0xBCd86c48C3171B64f280812C485A936D705bD95d,0.10105301868640751,0
0x2De11547A489D2D8f17ae8D156707e7d5b0f61F5,0.10105301868640751,0
0x085d785f5a03a6eD9B454830721cfca951c37555,0.10105301868640751,0
0xbfb0ab9F838F7D498E43922B11B00F9B4080D095,0.10105301868640751,0
0x22faEE0361E033aFe1F1d00957cE0D9D6Ca57527,0.10105301868640751,0
0x39a98d633c2bA0Fd3163313390f88b66f048AB1D,0.10105301868640751,0
0xe932d02E3F2aB97a147DFFF26af4924682C05a82,0.10105301868640751,0
0x31650AE11E3a6bb1F08D896Fa57253A621CA7378,0.10105301868640751,0
0xb2f6129b4B2fa2061BBf6d136BEE016A66D821Fb,0,0
0xAC85d29E78Be4FA614F50b67Cde33B221Ff916b2,0.10105301868640751,0
0xEFef4BE7dD5f986CaE5aB85F8705aD601323de54,0.10105301868640751,0
0x689355079f5EF281D7b421d094C40Ab244D987C8,0.10105301868640751,0
0xbCF7897BCCb952Ef050391603bC4E9a0f0cE5D57,0.10105301868640751,0
0xe0e00faCf78b0326A81f9a05B6B84f8282aB9695,0.10105301868640751,0
0x4571e955064a61462328697eA12Cbb7DF40A1aA0,0.10105301868640751,0
0x6fcc09b8cB6dc790aF929959Af65237EE9d8a521,0.10105301868640751,0
0x58A6d81A16809ED5E34E4EA530eE7cFdf96C0734,0.10105301868640751,0
0x92a0087a4607083848eE40D3A81425942352fA09,0.10105301868640751,0
0xC1e53A4875103D465E7B39837D81942DCE49A076,0.10105301868640751,0
0xbb6b98aBCB46F4F5B0850c8055966a0d2aF75dC7,0.10105301868640751,0
0xa1b8843bA1384835F563f934cC2850598e601eF7,0.10105301868640751,0
0xAa62355B4b5993a1511b45F823Aa54dda26624b5,0.10105301868640751,0
0x46fF2Af9C8C3c4ca90149225785Bd09A80EEa5A1,0.10105301868640751,0
0xE5cbBF8B1494da23Cd2dC9B56C24Bd8F8BA25091,0.10105301868640751,0
0xBC03F710a7757ffb62D64721Ef72A7e903eaFc29,0.10105301868640751,0
0x3499DEd79Ef4285dbDB5232D24106087d383732C,0.10105301868640751,0
0xDe6d00De8667aFFd3EaEA9eeF0dfBdf7dF3D4775,0.10105301868640751,0
0xC85c78B9f61744eBf60DA473D37B2629e3c55e5A,0.10105301868640751,0
0xbfc7830100dC58322FA89133C1c046d329D1917e,0.10105301868640751,0
0x4a12850573836260d8103134698e343e42af77a3,0.10105301868640751,0
0x54Dc5827b5DE3249C3acFE38a76A83De57B41e63,0.10105301868640751,0
0x46E4d8082b58ec6c9795807B70C0a0c242eE3D7a,0.10105301868640751,0
0xe4E61ce60c53A2B6b08d81d1445bEdF7F90f3FE6,0,104.94426351956211
0x7dA2Ed12921FC1CD96a0D0298F0d2D70Ad589FBb,0.10105301868640751,0
0x3E2D88203FBa1D1626B93fAb2848bCe2eCBA2E59,0.10105301868640751,0
0xf3FBbFE2dE5B45440580a7Debe2505894b1fC904,0.10105301868640751,0
0x1054f4853e4b09CCD0bA3B5f8119401123E3721A,0.10105301868640751,0
0xF21001189FA23b35E342B145daBaB6f654653773,0.10105301868640751,0
0xdA365cBB3b866D85df9A90e04731dC5f141a1a14,0.10105301868640751,0
0x4d0f4cf367568903B5f023809dFE9Eb15b5A8e20,0.10105301868640751,0
0x80AE63df9eE49C295296bd185594965515BD0F2D,0.10105301868640751,0
0x8A628825CF3044eB7879df5E4ecD06A9CbbbC744,0.10105301868640751,0
0xfaE1C206f0866453f1640aE85C1990d79CC1429a,0.10105301868640751,0
0x6366670af92f488B939fE12b274ddB38245F4a9A,0.10105301868640751,0
0xf609B96718B682f81c778211BAB09799Ae7bc5d1,0.10105301868640751,0
0xa593097bb48Ea61e90719b59eA0F77410C321A80,0.10105301868640751,0
0xEEd8098adD5B7Fe72f274bca4ef8c97198D8172E,0.10105301868640751,0
0x98FcA89F52FC4E5E477ef91e89BE84cD75689cdA,0.10105301868640751,0
0xFD7882bac6A5243008942cC51894bD226020c123,0.10105301868640751,0
0x2F2b1BB10365ea86FFF2e36d1c8a0c2c4701F8FB,0.10105301868640751,0
0xa4eB248FcbACdc9B4b861448D8DC3fD476c196BD,0.10105301868640751,0
0x885EC80a882529169a1c9BDE34C9d2Fd6EAcA363,0.10105301868640751,0
0x66FEB311d3fd9758c26538d35bFd83D0BBf1D0c7,0.10105301868640751,0
0x6d6f9aE649FeC4fca9065752ACd8286e1c7C5e3E,0.10105301868640751,0
0xc4deAfa91E4B9821AaD3f11Cf9232f847ba3ab2f,0.10105301868640751,0
0x48a7f73944073833E5773346D94B31a6a21c7a0C,0.10105301868640751,0
0xF718004E23E3aCB3aF7F89C1b6C4c8B5D607a479,0.10105301868640751,0
0x0530E84aDB5D0cA3DB9ad9A0F52c489a6676bf49,0.10105301868640751,0
0x6202Ffe17E85129fF7F8C472bE5382D3787208a2,0.10105301868640751,0
0xE480A9404a4b7D8A2b2FeB832CBE02bB52dDaB69,0.10105301868640751,0
0x14baEbF72581c4668b52745502051aFFB21291E6,0.10105301868640751,0
0x8d005CC8c0ff30Ac7e2343351107dE2591E3c59a,0.10105301868640751,0
0xdcb08222C991a1802D60D17d7ca30C8CA72706de,0.10105301868640751,0
0x77287070dD8b296df2ac7886E7262f7E7d015E81,0.10105301868640751,0
0x60Cda5ac152dF80b5AD23823A1CCE21f54340aD5,0.10105301868640751,0
0x08547707EF146659D70FB5bab9Db5d8253873868,0.10105301868640751,0
0xA562dD2cb7c2BA024929B5492Aa2B135ac4C7565,0.10105301868640751,0
0xa73BEb155790251d1e857baF3c154Ca4aBCb2bbF,0.10105301868640751,0
0x83b09beDFC22a5a2D5afDcF63DC073B9D0f6a8c2,0.10105301868640751,0
0xEA84aDE1546af1085941AB3fF39580E9d8dD0A5a,0.10105301868640751,0
0x0471c451f69455a7D1B670aCdDE972DD3dc79eE5,0.10105301868640751,0
0xbC9C2De6A17fedC37D23dB7A0b34C26aAB75229f,0.10105301868640751,0
0xC84FD1109f769e1C05852Df678Da5ED015109993,0.10105301868640751,0
0xc1814D7708880194E83202474F4F0b9D21AfBf0c,0.10105301868640751,0
0x234Ee634b5DE860754A1717e47e81538C9BDBbde,0.10105301868640751,0
0xA624df7f3219f6F76094652a63aA25897fCfd0e6,0.10105301868640751,0
0xBE288E652fF75418f8187Ac65FC93C941A2c2738,0.10105301868640751,0
0xeDaaB4A221C5fC27D8c9D93ee8F2BcF2F646C1f9,0.10105301868640751,0
0x6e72278d16f0B9A5c3EFec63d7813257653e986D,0.10105301868640751,0
0xeB002bE073CF0ecE79FFD9154A95023E15d011C3,0.10105301868640751,0
0x11fF76a481c9FbeF8b4A18308c2baca902Bfc455,0.10105301868640751,0
0xEeA497A33809238910083ca127C1D5Fe4EFc05CA,0.10105301868640751,0
0x1D274b378E8555944Bde0516065434D52F4668fE,0.10105301868640751,0
0xeA64b819507316a2f0e7B19686b191CCafBF5520,0.10105301868640751,0
0xdA3d7DbB9fe32eD3b4455BA0507B9c66B4607710,0.10105301868640751,0
0x720DCE87b5B490f8DD1B7D60CdA3400456398DC9,0.10105301868640751,0
0xc2E1ba918e7B0FF3f89c37992702B1Bf7Ce30546,0.10105301868640751,0
0x0B6caD234Db2ab07ba79801FeF5723a943F70fB0,0.10105301868640751,0
0x316299B75FbeE4bEEC1005948FF90a0884436F0B,0.10105301868640751,0
0x32C585ddCc6925E398a0f6c73801Dd01579E2aA6,0.10105301868640751,0
0x40Eef6Eb917B220D4F65B6Dd7f237AF6239cf822,0.10105301868640751,0
0xa2768cebb53072395069fC7C62C21Cd432f76239,0.10105301868640751,0
0x262583f31168158674762123303018E0170aA64A,0.10105301868640751,0
0x2aceE103AC7DC0666F68B08f7807CE07aDe56A0D,0.10105301868640751,0
0xe6A51F62a61FF8a150EFDBEcDa5d9910BF125208,0.10105301868640751,0
0x4717917d8Fb4576714DB3c4ca18295fB38267369,0.10105301868640751,0
0x1E37bF10C67091e9FEA06559B4778BFCc4A2A866,0.10105301868640751,0
0x9fEa3f0a23eD850C5d72Baf411088969CC16272b,0.10105301868640751,0
0x4Ecd76968042e3D422D87D5f4A3976b0e0418Eb5,0.10105301868640751,0
0xD8412ED39e3FBF2Fe0ce302b1BAD5EF3bAc42699,0.10105301868640751,0
0xbaF5667286381C1Ba2d6B857c8Ace09421e00a86,0.10105301868640751,0
0xa544780b6549e60D988aB33ee02ba5894aAEF899,0.10105301868640751,0
0x05a38B41d5D46d02c746130e3e885185719a06ad,0.10105301868640751,0
0xEc632D2aAD7356dE833246aD736E531c3d1342aa,0.10105301868640751,0
0x60fEa5171A1446E67f70be8a817fe1be3cD734DA,0.10105301868640751,0
0x151Fe546BC7a82B3cAbCc7B9123E99134e10b0ee,0.10105301868640751,0
0x6CcdF3FeB9344FF62Dbd9F576b57D47c8A7Fc927,0.10105301868640751,0
0x175A8F0f6C09400b610e623B4fea30574F1270a4,0.10105301868640751,0
0xc9405b0dF06aC3C45578e8E6B56489Ee3a4536Ba,0.10105301868640751,0
0x1b7e86806aAd7C45501a9D0200849757d08Eb487,0.10105301868640751,0
0x32f201235e705c18Aa204F18836588d30D6876D8,0.10105301868640751,0
0x515AdCc9A30E2c144d6296AeBAEAD5151251B00A,0.10105301868640751,0
0xAeF53039e89b50379dF6cb85bAfFc0F74719213F,0.10105301868640751,0
0x9A28cab446B97ee0500A8b5C1c5F4121E12adC73,0.10105301868640751,0
0xca98a7Db93E53aA7381461F728a481a941a590b5,0.10105301868640751,0
0x7C9D6C080f1bC87A0E553E8C77188aDD6083fa8b,0.10105301868640751,0
0xf87ACBDDED5B7176c37599c5799C93d7e967672D,0.10105301868640751,0
0xa0067E07837C04975dA5e9F4f0a7e9EF2CF1c889,0.10105301868640751,0
0x8FDA73Fe2Ee0D43228eE51eE0AffF5154780eE82,0.10105301868640751,0
0x3C6DD296Cce8c325148F706f4f41e08776EBa513,0.10105301868640751,0
0x11609B6A445A998e4bFc995003C3964BE3CB83E7,0.10105301868640751,0
0xD1f703F5c0Ee4F985399829fb069C9c92466ABaa,0.10105301868640751,0
0x558c67104B56869edEcB7374592Cfa0fFd775b8a,0.10105301868640751,0
0x85304235aAccD484661601bf4D6B764A9122fcDB,0.10105301868640751,0
0xC5Ea6Bdbc51059182EFF722C6dFBCb95195d9101,0.10105301868640751,0
0x6946FF357fE2625dc928701e6e22cF950Cf3054E,0.10105301868640751,0
0x165233a119A068A2638Bd9f37F448A6b6eb44c42,0.10105301868640751,0
0x666Fe863Bb5F4a4A737AfC04dAE63852b067B529,0.10105301868640751,0
0x1aed163633cB442b919627CF85C959dBca75726B,0.10105301868640751,0
0xe47D937e5DeD832a767fCc81671c0d2F860527Aa,0.10105301868640751,0
0x0000001089167600c25258Da29d2e2c857ec1689,0.10105301868640751,0
0xf7D4A2906bc82DC099E3874A6Cc41968186aE6d2,0.10105301868640751,0
0x00779b79BB1Ec71CE36340c1128687C61cFb0feb,0.10105301868640751,0
0x8Fd8aE51f56c9251D6F4d9A437672df7ee073962,0.10105301868640751,0
0x37Da25931F1FFeDA4029fc782095Ff22BF74d970,0.10105301868640751,0
0xED5796C52759E72fc2D4079da6d3E6a5B5D22943,0.10105301868640751,0
0x0260F0cD9f456A5E6003Cb8c1ECeE524ebF7D2AB,0.10105301868640751,0
0x266DD924527707e16aA9b964fcebbfAfE54aFbE1,0.10105301868640751,0
0xae09DA130E565B9b34B97492ad623d74fA9babfd,0.10105301868640751,0
0xb5E7973C931f16e68D1D35F667025EAeAC58dC2C,0.10105301868640751,0
0xc51771fD111BdfBEbe2395a28392c5a45452eDc8,0.10105301868640751,0
0x14e9653DB2eD5e528E0571680cba0c49173b9a8C,0.10105301868640751,0
0x230Af3c16740bc63b7dA968d451945Eb87dB0e14,0.10105301868640751,0
0xDe968F529BBF305318862eE78DF85F95fc042aa4,0.10105301868640751,0
0x083739935E648e36e3e366B74f263848Ef567d15,0.10105301868640751,0
0x364A19E6D6F47a333D48a5639295646a87D51bfa,0.10105301868640751,0
0xc043aEc09Ae0ed14A283A8Dc075DA77A910e441c,0.10105301868640751,0
0x189d6381FCf8A0b27D78d846dd390d1Eb6Ba10c3,0.10105301868640751,0
0x25A8c907670aE7f7BC0d708c10bB6aEB160504E3,0.10105301868640751,0
0x55bc94fcB6987Dad6c190a108083777dDb73D1F2,0.10105301868640751,0
0x0D740C6699eD58963D555379a1fC9646e5e0D0EA,0.10105301868640751,0
0xF13fE83eBD40e65489fC90b5f23161F6B97B27e8,0.10105301868640751,0
0x586F90a144a0C86c1eD6669B4Fc6680823Ad7d62,0.10105301868640751,0
0x972DEF3d6E29eF3eB3B3A1ABa5413c619807D3A4,0.10105301868640751,0
0x2DD388488420AEA4bdfe6547fb032b6140d94B92,0.10105301868640751,0
0x07D2031Cee5e85c62f2Ffc735F1d50C6d1d09a4E,0,0
0x3a48784ed390e64A2B9770e7375711e182a10ab2,0.10105301868640751,0
0xC6D31Eb55280f18A1228F258256F57854c77BE9F,0.10105301868640751,0
0x64b276936840E2c8D6889Cb008Eb52a713073182,0.10105301868640751,0
0xAc16aed33A1Ac9686A59f52F0046D85fdC518873,0.10105301868640751,0
0x6948BCe6BB2E5E59FcEF5e5dFcfAB61a44bCa985,0.10105301868640751,0
0x20030FF7b8fC1f188D3c664D54bc074677C47bf8,0.10105301868640751,0
0x9e6061FdFA0f3D839278c734ecaE2a2c1AE5ce80,0.10105301868640751,0
0x790079Ed19d40CFDB1C9aCABbC605A5800d0f38c,0.10105301868640751,0
0x178DAaA31b7254dA16A74275F6769A22d92433F8,0.10105301868640751,0
0x2f4Aa9F48Ea281B352a659145A7c7293b9023CAC,0.10105301868640751,0
0x0000049507924Ce153034BE957e54d0D5CDefca4,0.10105301868640751,0
0xaC48c2dC9d511De9C1C2720e10ca27B0c62E3Ac1,0.10105301868640751,0
0x84BeDcD9Aa4243d1c6f2EE6aD847Ce39EDfad9D4,0.10105301868640751,0
0xa3b85dD45e46982956c84B8b0223460E520D7401,0.10105301868640751,0
0x99AbBC97f9e5E452f3fA0d78fFa89c99B3B1167E,0.10105301868640751,0
0xa4A35b669b47828B7202a885528dDd59feee981B,0.10105301868640751,0
0x77B413B1E796bDB8a6EECD513436e43271B662C3,0.10105301868640751,0
0xbeA06222e795A01864d2665D56067e3a3Fb6B4Ce,0.10105301868640751,0
0x715eB0df22506adE8d5DD5D89fF9caFFbE3Ec75D,0.10105301868640751,0
0x41E246C3FbC7B75746f73754D7E0359D0689c089,0.10105301868640751,0
0x4359D22160Ebfb7C51ac5437E9f0259985141B5A,0.10105301868640751,0
0xe6d8Ee57384a50033e52a64C5d64AfD7bD1d820d,0.10105301868640751,0
0x2CCcB42Ab7BB2669736DB5E3e6AFd800bb5dCA56,0.10105301868640751,0
0xB598B04397e2569c2Cc53E574773FdCd5F1d86Fa,0.10105301868640751,0
0x285369c8539e27bF55C16653547c78ACacDd3698,0.10105301868640751,0
0x3Ee7Dd6e4C2b469e1E50cfAeE4910B88E0a9389D,0.10105301868640751,0
0x68EE67b71AF756Dcd7027016CbfB948f5de91cED,0.10105301868640751,0
0x6D2696D09E0373629f57B0239756e98A8dbad221,0.10105301868640751,0
0xc4CC710Be7094FC882D17FC6fFbd498e0d3Cf5b7,0.10105301868640751,0
0x000000727267F07135CbF91FDF49E03fD348dDe5,0.10105301868640751,0
0x8C309c65A10e299b937E674584d143e6A2Db5F8f,0.10105301868640751,0
0xC4485B8288f735FC8008a5005b535c8eaE974db8,0.10105301868640751,0
0xf79dc02E1908655dD2B5774f5D6072c5fe5aAd6b,0.10105301868640751,0
0x21E2eCbCEDa8e3619AE8110944f06f5B9E4894DA,0.10105301868640751,0
0x2f9B9f4A9f28Cd1cB9ec30F7Fb4f6612d8CE725a,0.10105301868640751,0
0x6c5c6D782352488DcC5d42997fa121f376B610b0,0.10105301868640751,0
0x16C845D3E1a258e8e7dCFfb87532FE37113872D7,0.10105301868640751,0
0xefeB1270889C89938517bb8E36A9a3097EAC31eE,0.10105301868640751,0
0x314B1135Ef878679Ac53aeB2AdB61198Ec236785,0.10105301868640751,0
0xa9D68dDd7e441219412AB5BADA1e24B3E3fB26e6,0.10105301868640751,0
0x08667039c40e179257Fb5d4c72BC618B27cB36ca,0.10105301868640751,0
0xB8D95C72abac437f4a3b90e53bCcE5A5133Eff54,0.10105301868640751,0
0xED70f0Ac0F8FB0F49E3fd51173873019D4e15Ed1,0.10105301868640751,0
0x6128d63647679c581f111c524C7d3F25d8D200C6,0.10105301868640751,0
0x1B96d942cdB894c67C954eCC26918225b5051dD9,0.10105301868640751,0
0xF73e7415b771b42fce0f42225A6A32D3a29f5E17,0.10105301868640751,0
0x165255b83Cb610461D0471e987898a1812BacE07,0.10105301868640751,0
0x93F1c12C15021996Fd9DCF3095359104F23835Cb,0.10105301868640751,0
0x25d52f0fadD08e8876b4290a629779EABB472f92,0.10105301868640751,0
0x5776a71c06b86d6B4300F7aBd9eC9023d57f1F49,0.10105301868640751,0
0x5A64e1FF16e1ba8acAbC7190C69fC4bb5381b38F,0.10105301868640751,0
0xD0a846eed558d61E65A3543ACc6B9B46619Cd2CE,0.10105301868640751,0
0xF48710FA7B2b7aDec812c2589A1Bb86A4d6E1cE3,0.10105301868640751,0
0x8344CE0dE3CB9012D05aAc48bDD3176Cbd7555E9,0.10105301868640751,0
0x2C76F72d35E22F825A7E4b0CA13f420FBC4931b2,0.10105301868640751,0
0x8FB9deDb6A5956D446a6c6778838D7fc3f34596D,0.10105301868640751,0
0x0af36bE57995Cb131e24Cb78dC93802E5be25252,0.10105301868640751,0
0x0e8C078ea15B7Da3dC7915Fd3b51Fb8C5b8ad36F,0.10105301868640751,0
0x47D10cEe83abFaFD3342428746aE803b4634F73B,0.10105301868640751,0
0x70db30A6C78d7B23C25Ac1e2B423839d1ac347ec,0,0
0x1f24BE8E584cDB0600404E17dBc327ac3C4E6C49,0.10105301868640751,0
0x0F8a070fe2541538cF21796aE5e3f6f25A89BaCe,0.10105301868640751,0
0x03b6B7c3cd3ec53DbaFBE3199c43941c5BbE3598,0.10105301868640751,0
0x55a75B6DaB623AB4699fa18B7d11d3D4671de63c,0.10105301868640751,0
0x880acAa975c32B1BffAA430B49eA56214B31Ea0e,0.10105301868640751,0
0x6097751505bae8f258AE7F66CCfd35eC1F878530,0.10105301868640751,0
0x662B5A005154d433741765b09346B4407213786E,0.10105301868640751,0
0xcbf5E28eebBca656400b2eCe6548cA656714587F,0.10105301868640751,0
0xDBDa6575B3D75608C950c7b9013e654A0dE1C277,0.10105301868640751,0
0x2eb25dd124eB63Fb1B42a2742a273441B9c63fCd,0.10105301868640751,0
0xe09D0270eb4def4EFdd2B37025539991C856B02a,0.10105301868640751,0
0xaacc166576a1e767aF788F1dc28B4A995C0df621,0.10105301868640751,0
0xB716D04A80245E5E9a3a385cCeba11ec6e6E9277,0.10105301868640751,0
0x26eAD2ab4981049677DE0b7683bD6804A8192b41,0.10105301868640751,0
0xf5ea11AaDaF8520FF6E7Daf2fAAe5b7Fb08D950f,0.10105301868640751,0
0x5d428310549B89a590B85461f4625fC7B5426A41,0.10105301868640751,0
0x01718550a1A82d4B115Fe01B7C3DbFC6b7629A7b,0.10105301868640751,0
0x1216Fcc0e9fDD122872429Ec1DE3970174C1C053,0.10105301868640751,0
0xa3d2A15067B77474Ccc87956C0e9b0d8b1936d39,0.10105301868640751,0
0x0E3857989D0598f198edb10B42ca0b014756eCD2,0.10105301868640751,0
0xf6bacfA5BB84429AEDDACF6860f69274e3C11832,0.10105301868640751,0
0x9Db51a9E91D776607a8CDC6731185a7411A06960,0.10105301868640751,0
0x9e978608C77d2Ff6B3DE86E5d72334c8A77F531C,0.10105301868640751,0
0x9Bd7EE52592e6Dc7C978FD4a9714549dDE8a7b9f,0.10105301868640751,0
0x72EC6d97A4B190c3AED3a3e03ec626624dB3c0a6,0.10105301868640751,0
0x0f7B2c7C0D49b6baeDb50CACa674ea6640812BE4,0.10105301868640751,0
0x8Cd325a95055E0A7676B46aF0A0809612F5A04c2,0.10105301868640751,0
0xe46e78D321a51b5d53a2Ac412f89a384fE210f22,0.10105301868640751,0
0xC1fD608ded09e74367b7b429A48b15dFf70807C3,0.10105301868640751,0
0x415A726C72C91dDaFec08be15Dbf1Afd1E9D33F8,0.10105301868640751,0
0x851432cA77546B472b08e06cE050e4fDeB557dA1,0.10105301868640751,0
0x68538021F99409B84666D76a877756b78Cb40C5D,0.10105301868640751,0
0x1B92B26De0cCe01D2620E2A1Faf9af95b371ee1e,0.10105301868640751,0
0xFc5d62C65d5Aa84916B5b0dFc23f362A970B10cE,0.10105301868640751,0
0xF55888c4010d3401F5a6a17471a2Ffc4ae812728,0.10105301868640751,0
0x5E82950031bb1aa566e307E45D9dEdA897c107e0,0.10105301868640751,0
0xc06e37ab6D9842b69D163f81c2ea4Ee09e9CA503,0.10105301868640751,0
0x2FE85c90012f511BE504E962a496596Bda7BDdbb,0.10105301868640751,0
0x5F5d542625F0F53D70afe0212673b418d3E7a3c4,0.10105301868640751,0
0x0312E4E4291370E835d472e85e9ec6CBA7c0e0a3,0.10105301868640751,0
0x3452283caD384b9A7a599d77d5a7A944d3b716Ae,0.10105301868640751,0
0x9C1e6f3397DfBD8b6E5709beCa7261B72D98D4e9,0.10105301868640751,0
0xb52a0A678734CB5dFaE78D8a44747542A457523a,0,0
0x249DA53668627652b4f095D225686f2258A89171,0.10105301868640751,0
0xae459aDc298a152F04C39ed9Ae9d94d9a75d4A70,0.10105301868640751,0
0x8D7bEd73c38a090B1Ce18511a9A33F6c76Afb9DB,0,0
0xd0ABc432cbA741d35FEA50714E3D7DdF9a325a46,0.10105301868640751,0
0x1D9E99eEc6875292fEA3B1B76671005D9574671b,0.10105301868640751,0
0x3D48BFfD22476c4efb0dB52d4203E7d37Ffe3432,0.10105301868640751,0
0x9372a43EDB4542FB718d8E6D4E6c429817024131,0.10105301868640751,0
0x1d2aDd9a927B8A8D6c6970645dDe35c8588236F9,0.10105301868640751,0
0x9C5546E566D52805D12fc9d3133a7616122aDCb8,0.10105301868640751,0
0x94840E85B84A85ad8960eAd4179EC25277eC1424,0.10105301868640751,0
0x3C4c01Cf6C971351dFaAEad1Dca7E122f2009AE9,0.10105301868640751,0
0xf0Cdc7A1D9F72842F6B88e9697bC211C1c9a9914,0.10105301868640751,0
0x0CCa5B3056182dCB631713137380c2AF3ecc2Ac9,0.10105301868640751,0
0x70685d5fc9d62F4F93157892B3bfe36440bd4Be7,0.10105301868640751,0
0xb7FB742C3A0b0c1DA27A287D7c9Aa974407CE50f,0.10105301868640751,0
0xb0d23165D6F69086c277F52e8b7309bede839eEf,0.10105301868640751,0
0xE3B044341313D30d596C6752BA92b2f2c97fd495,0.10105301868640751,0
0xb9d8501E53fD29FC3C9677fec2b2B8fcF973AF80,0.10105301868640751,0
0xB54DCae65C43c92a5a8c7f9E4e8184a24D4A74eC,0.10105301868640751,0
0xc132FB675A094776879a89A28878aCB24e405C69,0.10105301868640751,0
0xEB15793BF1EeA454D984B05f8415e950bC13215E,0.10105301868640751,0
0x843429d1174cEf4b3788fCb8BF0c26376dD84f7e,0.10105301868640751,0
0xE5a939ddf05A4777037AC0397b17B1C1B39E1D3e,0.10105301868640751,0
0xFef9bC6DDe7a73A5913cFa3B916d0ad918B27E93,0.10105301868640751,0
0x5C541230251D0b3E4064a037227166642903b1A0,0.10105301868640751,0
0x8ecEABa0865fB311138345304aA4Cb1e9a64C45d,0.10105301868640751,0
0x3E5A5A440D5258cdfbDbD911E5eD927e84096dE6,0.10105301868640751,0
0xf76C3496B1086279677FE910B2440A30D75bfe93,0.10105301868640751,0
0xEbe2D02C7FB06b6fbD4CdA75E791ccB4c02B859c,0.10105301868640751,0
0xf20F1fbABc32e14eD2D179eeB2Dc7B969cA2DeAb,0.10105301868640751,0
0x00A55470D6ED3081E2c1F9eB09dd71B542DF22ce,0.10105301868640751,0
0x1c7F7957E080fF68db1a485C6E17fA4d0d89CF63,0.10105301868640751,0
0x8465497c7bCe3d8d68dE4b7583B3d9a964272476,0.10105301868640751,0
0x9E4cD84e78FD1F27377b5549f9184f1e64538750,0.10105301868640751,0
0x2B7A866c8a1735cFabE71f7916c2564db2338A7D,0.10105301868640751,0
0x13EE6E1794b452bd0Ffb5a6259BAd4b4Cd289755,0.10105301868640751,0
0x089f879FEBDC7374E9cbb7533419Bf9E06D69562,0,0
0x90f0d52B447CBF91894aaF1Aa9e2d7AE894b466f,0.10105301868640751,0
0x0Dd5547A71341473c1590598c1c67E2837F5B23D,0.10105301868640751,0
0xEf0014cE3802337C6AEa47993135E839B8C65f0b,0.10105301868640751,0
0x477bA72176E4913Aef876cd1F5eFCC7138cd0aF9,0.10105301868640751,0
0xEe0310678dc77B59D4652A4F00606B086bfAabA2,0.10105301868640751,0
0x11B9dd6d3129Eb740011b1A948aDCbCB67758a10,0.10105301868640751,0
0x40A12234650338f0EaEb2e08ebe243231387AEEC,0.10105301868640751,0
0x9195033740f1e851CC19DAFDF76C99481B6Dc621,0.10105301868640751,0
0x2d3e7593Ed225F1d7Ed2dEA12a3b44Cc850dAa1f,0.10105301868640751,0
0x245919FF8b091Cff3edF61Df9321A25348745515,0.10105301868640751,0
0x8B54A98671b9A2CfDc4b447eDFa02075683cc82e,0.10105301868640751,0
0x4Fcc80D4d9E7B36c0D98254Fe15Ee862e7761590,0.10105301868640751,0
0x77fC967f27a55A2a962Cd89a31E3ffE3f97fF27B,0.10105301868640751,0
0x569430dDD831C554feF1a8F3FDaa96d94d57A870,0.10105301868640751,0
0xAFd96d0967D988cAe56235157CC065d633007CA2,0.10105301868640751,0
0x1192EE571753B2F74c54D778Ad16415f7d3b7D03,0.10105301868640751,0
0x87FF0721A25E35925AFfa26cb7AD93fab2cFd84d,0.10105301868640751,0
0x65eAe48540Ba9Dff41029f17743F63C0196319DF,0.10105301868640751,0
0x52E77Ac737FCC66a4Adb593985354cADCC99c8b8,0.10105301868640751,0
0x36853452A97DA57E9372397A59A4648D05829481,0.10105301868640751,0
0x7E7A254276F3150Ec751658Fb3D5E95F29cC7949,0.10105301868640751,0
0x287b76851d8f726dEcf8b3418382D2de2D43Ee46,0.10105301868640751,0
0xFA5F9047E7F79aD0068c64D24c67397327F7117e,0.10105301868640751,0
0xB455f55d513ad833253F2f57dF7E87d757A7C0EB,0.10105301868640751,0
0x1f1a69F218bD480b8578b04EDB993658565Fb627,0.10105301868640751,0
0xd992981F0B5757710643F0F2232eb1C35DEd821c,0.10105301868640751,0
0xF9522216c03eEaB71d82A37c58Ed1Ed51415A5d2,0.10105301868640751,0
0xf259EAF8A0A9fa986146D99474F0EFEC6C8b6790,0.10105301868640751,0
0x583B04034b355e3b2f20c371A33350377FD18d68,0.10105301868640751,0
0x2E9f9017219f378fD4cF48A0e0e372Ef63982d6d,0.10105301868640751,0
0xf23ae3767363a025A6c9a3E6D382875a16f37063,0.10105301868640751,0
0x887CF533922381ea70cAfb37319ca8739F9C609E,0.10105301868640751,0
0x9556823ed0137B3B46dB888d24d0F00030b82469,0.10105301868640751,0
0x1a047B2Bb836Dd20F373CE62Ac0663C7c2905332,0.10105301868640751,0
0xFcC56c6Ec579Fd249fE2Cec1983e975A157113be,0.10105301868640751,0
0x4af7f3D11651Dd2Eac1eFd774F5BfA3411331045,0.10105301868640751,0
0x0F610b6f85829000bD4E12269ef98D9A9C42a9f1,0.10105301868640751,0
0x8522baa70CBF53dea2091E61e19beA900f960280,0.10105301868640751,0
0x6DCA413FA0770Ee9B65DeDdb7B82D44aC33b43DF,0.10105301868640751,0
0x22c20bC8a791d22426Aa0fDa45B18F11413667cF,0.10105301868640751,0
0xeb6704630B5E9efcC48127D5BFc97248f2eD81D5,0.10105301868640751,0
0x5db0dc861Adce945f16Fd70699b3f35bCa825747,0.10105301868640751,0
0x629ffB36EFf74e83DfBA3B7b581C8030f958f1D7,0.10105301868640751,0
0x90d12B2bE7A256098786C979A7890EE0B1A37246,0.10105301868640751,0
0x4775F321D682065D2d17d89E3a747b43A8c22d0d,0.10105301868640751,0
0xCFdD6Cb5AeA4C6DA545EfE9201BC8c3aE959aA79,0.10105301868640751,0
0x574D02C760a63571006154b69d43b156D282e588,0.10105301868640751,0
0x41Ec5ba89539162B4ED455fdF885126264e7Ad2a,0.10105301868640751,0
0xa7D78f6C39788408c00d6A25970A462AF60CE36C,0.10105301868640751,0
0x11da088D20377B4f1Fd7a2a92e677485C2C137e2,0.10105301868640751,0
0xE1850B56f9A8C020c16CC8570EeaF7f000b718AE,0.10105301868640751,0
0x0a76900f98a6b2629714532Eb1B90cCdD2B7934E,0.10105301868640751,0
0x4CA8729e9F37150EE676935F579E9A6Be95bE470,0.10105301868640751,0
0xDf60477c4A013513dE20bf1929c4A9703CC9C5F0,0.10105301868640751,0
0x0aBBB99D3ed703A665245646B6dD049258f632b0,0.10105301868640751,0
0xDa23C28793CB7Ff633CEbb2A5b42FA8a0c40E8e2,0.10105301868640751,0
0x670483F9C9B690D8450E88eBe0e5248cF776af2b,0.10105301868640751,0
0x931794E6Bf679B00653ae97F772Ba46285A91fC1,0.10105301868640751,0
0x5a0D7ab14f170c6EFe92952CF8cF683316bFBD53,0.10105301868640751,0
0x053b216DeDd69A5923fFd5Eba9e3Fad6063E43b9,0.10105301868640751,0
0x4781cC3480144B98DD124542bc825191D2A51889,0.10105301868640751,0
0x4Eb1040Ae990195922aB36782640EE09de0b5479,0.10105301868640751,0
0xE67E391F4f019F03B63494b6146a649679cF9015,0.10105301868640751,0
0xBeE0A02F882fb75B0C257331d84e1a7ECDF8A33a,0.10105301868640751,0
0xa0F78070922C8ec8bc3Bf8dD0F322De72199710D,0.10105301868640751,0
0x2a8cC839A9630d518030469F330793A295A2B257,0.10105301868640751,0
0x15dd2966Bc4eccE6a45F490B4284b297a68a8172,0.10105301868640751,0
0x92E7e398141cC7EBD6F30dE7De79a7028baa3982,0.10105301868640751,0
0x0d4A6324D8545C110F8D8a15893BcB4ef5Bfc53f,0.10105301868640751,0
0x5159B2b47654b60BE7710b85fe1eBCC40b5eEA2C,0.10105301868640751,0
0xad592352C489E5693b00D3Ea51aD5b147C412A51,0.10105301868640751,0
0xd0A8D62b31CC75ecBF431cc258Cf9b1184363512,0.10105301868640751,0
0x2aD3A48Fd6De6a91b1acfA6370A0F072E5cfF36a,0.10105301868640751,0
0xC99a7938A26f05F6dE9776682a380b71221958D1,0.10105301868640751,0
0x4287D2A28Ee05bF297b27C35Dc7E7E165362EaCf,0.10105301868640751,0
0xe2c04A198461d591aFf0A09083985B946111a26C,0.10105301868640751,0
0x191b00B31BfaC863eaD8e6Beb5fC672be278e562,0.10105301868640751,0
0x6b5d7dc15F7b8C84A77b77C58fb0b2534ced6853,0.10105301868640751,0
0xAfC6909f0a79ff10e84E7DdFdFBFaC06e0569E06,0.10105301868640751,0
0xaf72006D84ADA99984126Be3Af3E3b193cee66C0,0.10105301868640751,0
0x44974ff15C703044251F1a9164985A727916eBa2,0.10105301868640751,0
0x4ba6d32e3Ca848D8d66d98B034EEeF2EC8f9c005,0.10105301868640751,0
0xf26c0Df01362Bd98a07f7820805c827B3b9E1a2a,0.10105301868640751,0
0xA22530F51434ddC69addF53D4dAd40dafFC20161,0.10105301868640751,0
0x24D305273392f9F36011c2EAd7495388dB39Fad0,0.10105301868640751,0
0xBf2B7E80e63b8dC4d84A43F3374d3E335f878A89,0.10105301868640751,0
0x51b978dC3231a948fb53BC907F3453c1F8e22FDa,0.10105301868640751,0
0x000011E0AFaCB4689082fA58f51e3dFea83310f7,0.10105301868640751,0
0x1F2Ee08768f41d41611aAB78D19f0a9Bc91252a5,0.10105301868640751,0
0x48F42c85A9d3FAB1a3783c8B3c16b8745F1a1CaF,0.10105301868640751,0
0x70d42Fed0B129Af7910268B5f181421db7A3EBe3,0.10105301868640751,0
0xb91EE5657D8353CB66Ca6f30f1D51bB8D8aC641B,0.10105301868640751,0
0xC6E5A536F8bEa50D62660D7e3f73dE8AcA0C0686,0.10105301868640751,0
0xC2680b260b817B3fd7e68E9e3E8A3032c2dd68E4,0.10105301868640751,0
0x66055870cCfbFdCd7f2813c0a7042F8DA0CbF28B,0.10105301868640751,0
0x206783BAF41F72a27998d823920BE958efde8d09,0.10105301868640751,0
0xB0a4AF7D96FCe2f1326798928dBC9714e2818F02,0.10105301868640751,0
0xa272495f292E2FF1f96A80ff5DbBF7d7E3d396c8,0.10105301868640751,0
0x648F17d6C1a93B850785D2d5A46aCB8707E09BC6,0.10105301868640751,0
0x10282dEE50C20703876E7ac39a05fCe9DB1aa6c9,0.10105301868640751,0
0x7b55AA1dBd35EB73889fF5a5e6AB1e4Edf44e639,0.10105301868640751,0
0x3b3D11DB6Cc3A84192FABF6e1d706542dBcD896d,0.10105301868640751,0
0x307981cCd61C303C762099feC7F5D833e0Ec1778,0.10105301868640751,0
0x822C847AD09dD366e16251331A58C396e84D1cd3,0.10105301868640751,0
0x35f42CeD55c4B95b77Cc82491867B26910cf0A99,0.10105301868640751,0
0x51F56adC0De9fd147B69D6df5cEf00C31823b8d1,0.10105301868640751,0
0x34316CA1D42e61391752aB413618dd97456EE01A,0.10105301868640751,0
0x78861865248416E5D4105355B538F258890B87dF,0.10105301868640751,0
0x44CE45B3A6E56a189994a0991B103A716A50ab04,0.10105301868640751,0
0xd076a1d7f868BD7D79b875612500C6b9a27CB2a4,0.10105301868640751,0
0x919bA41f097FE9061bd386DD594BB56DF8cC7808,0.10105301868640751,0
0x590b37BA2416911D4b0d9B2DE415228A4B725F9F,0.10105301868640751,0
0x9Aa0b03F4f5dDE7A89976E306d00A23B53C511F2,0.10105301868640751,0
0x9Afb2b2AdFD647C0F9b182A03E9B1f0b2e269cd8,0.10105301868640751,0
0x993242CCC754f460F502b53AB887a216Bc6c79F0,0.10105301868640751,0
0xA102A3B71b3030Fc05bBaE44928d7b4DD655D8e7,0.10105301868640751,0
0xd497aE8C414137375B66cbEaf842278a76FAC850,0.10105301868640751,0
0x6A2508d31f4F301f88870b92efcEF9D8a486A3Fb,0.10105301868640751,0
0xF08d88c752134849f397CBE57c35E44391B6729E,0.10105301868640751,0
0xf8e47b72d68fcbA68A6398B3b9954F3E9Bf5A190,0.10105301868640751,0
0x3307412ceba0E87e75B3772563268Ff03580F62c,0.10105301868640751,0
0xF4e49D13B7924124969Ed8EC93c315D1743d2fE8,0.10105301868640751,0
0x4d8Cff859a8C64B5eBC22be9412b1DB2e92030B7,0.10105301868640751,0
0x9799ecE68D9E41052D9346f0DeDa3F3afB33071b,0.10105301868640751,0
0x814B9DC385ace8a58d635023618d80Fdb218fCCC,0.10105301868640751,0
0x6ECfb5Ee9dd9ff7ef4d53a17d497800cdbF3eFDF,0.10105301868640751,0
0x4a0DdEF3fb2933AB80Ddc678D3F709173A86AB79,0.10105301868640751,0
0x6F4b4a1219599252826C3835a7fd9b595B467Ce3,0.10105301868640751,0
0x454522a100BF721492516cBE98207E901824B11c,0.10105301868640751,0
0x6F28983A053284FACE519035eb6763BAE1807e38,0.10105301868640751,0
0xca293f6b4f8CE2851B38440b22A099Bc4CCB8a5c,0.10105301868640751,0
0x695169A29C37279d61C071Ed37f89EDEB4406279,0.10105301868640751,0
0x76F8e9F2fFE00fd63528208CA07CC03391B3c568,0.10105301868640751,0
0x03F3a382478A64e44D350D7e4a1528C846B09628,0.10105301868640751,0
0xE6118452150354c495fCB9F67bb7162f465cF273,0.10105301868640751,0
0x9e19EfE81B6Bd7Cc10dA47df2AE761f71fbdC790,0.10105301868640751,0
0xe8797Ebfb791572FbD7240Ca45138CB1D1A22803,0.10105301868640751,0
0xcF5B04b14218267E2e82e46dfFFfCd1cEe74Ad3d,0.10105301868640751,0
0x5E590Da96ED3a58C57b1F2056428e1C95eb808dC,0.10105301868640751,0
0x76a21f3024E5fe0B2632Cc9DCeE8d786fD303442,0.10105301868640751,0
0xd63DCA620E6d0c10Dc5268fA86B119F58650E78f,0.10105301868640751,0
0x70Ab0cFe42A3228a3aB7679620af5D087AB18089,0.10105301868640751,0
0xeD0e8d217D584219479a8afEeD1650D8Ec5Be54C,0.10105301868640751,0
0xC6bfc51653Fc6cd6EB9d213bB432650FCB0d8bAC,0.10105301868640751,0
0xAF02ed128A0050D7A94118341607b8BFD9A08E9F,0.10105301868640751,0
0x31C22b6479047d4b5aE25cFc693777530536aED7,0.10105301868640751,0
0xBadC779552EA26e21D322C586408B90b04cb20EA,0.10105301868640751,0
0x729351edDbEA0E7fBe184edCac7F41dE0dBFc688,0.10105301868640751,0
0xccc73e55c53d7D80273055B60E2F2f72f729522E,0.10105301868640751,0
0xf5B680b638D20F51dFE7Eb25b639297DB4A3C644,0.10105301868640751,0
0x84037Ca730373Ee873A1900644E8CaDE61995171,0.10105301868640751,0
0x44Fb038061d5c46Dc107e45c04b0CD1b7D4AE90B,0.10105301868640751,0
0x84361C94D33C8f9057A2AFf89EB319F01Fd086E6,0.10105301868640751,0
0xd9b8028Aead92F2883f6e25748228359A7efFF64,0.10105301868640751,0
0x27A27e868256F73a24fF4c400e0860352Fbb994e,0.10105301868640751,0
0xc93412641301d0E14712401729Af205049680e56,0.10104737473894247,0
0x0e2B22a98057FEEB47407aa5c55190d88560E4a6,0.10104737473894247,0
0x281fc4397FaF85Ae55D2D050776dbD9453291Bae,0.10104737473894247,0
0x231883484C14DfB29405012c268fD4Bda7420Ecd,0.10104737473894247,0
0x1750eff8524AbAd858DaD8aaf377f93eb65E5009,0.10104737473894247,0
0x4609DAcbdF653F60Bc0feba5a554D062eAa79cBA,0.10104737473894247,0
0x3D57E882fbE48999ED95b0cE9C656E349A9acD0e,0.10104737473894247,0
0x0b6101Eb1b3036E6e0a5259F4e0437a273E8F311,0.10104737473894247,0
0x625708B3fc9251fD648D1565E819d23ba86A2e2a,0.10104737473894247,0
0x057D478a55Dcd0e57fD575B658Ff033497fC4E2E,0.10104737473894247,0
0x662aFd5C2577005Fbf125e50fB2Ae8B5f797b468,0.10104737473894247,0
0xfb1191B172F22168A5A9C2bB6be4b205b5785e72,0.10104737473894247,0
0x0aac7844269D190112050Cd2CfEB27E504dD931D,0.10104737473894247,0
0xdF763550a35e1B95ba769471Cfd502c4BA6525BB,0.10104737473894247,0
0xB9421EcD5b1e251C69fB0DD9108594D77e529ab8,0.10104737473894247,0
0x6CA3F50Dd9E9D9A56C1D13116A2A3d93fDd279B9,0.10104737473894247,0
0x58C543F4A884c18Db8A7AE9cBF698d1178A2110f,0.10104737473894247,0
0x4bb750B7a3eC27125e526A9e592779d8f3456CE1,0.10104737473894247,0
0xEac26BCc3B035eB90aCa0429fBfA5BD6B531BAF7,0.10104737473894247,0
0xfc7c41Db7eF28245701dc235d74debEa293Cc322,0.10104737473894247,0
0xd8a97D35911953Be125eBfE0d98a4AcfcFA33FFF,0.10104737473894247,0
0x9E78b754EE1BA22C1F13144666C868313583C6B9,0.10104737473894247,0
0xb2DA954C52C409F1fA6F9E27e76386FeB5d4840A,0.10104737473894247,0
0xA4EC2C99BDa9d173A8dB03caF236856C7aA8b977,0.10104737473894247,0
0x9920B7D4798BF6554d273cE6B41a89029861cB89,0.10104737473894247,0
0x174F9A4D17E2522aEf2233553205b8645a9d8A67,0.10104737473894247,0
0xa41D9C504eEA0D5364b73FceeF6a739FdEa8F82C,0.10104737473894247,0
0x6AA8D76059E95aBDFe422131FBd581372B586821,0.10104737473894247,0
0x6260261234B80911b56F5eF4b6b96e27afb000a3,0.10104737473894247,0
0x9B25045c64dF8Bec671860eAEb6fBC2F4A1C558B,0.10104737473894247,0
0x80495D52E441A211a380DACf6c30FA45c908f6F7,0.10104737473894247,0
0x537B9614846C9aCBbafE3179621753E7B05F1929,0.10104737473894247,0
0xBF976907cAa6432A14340882d0817B2E434FA501,0.10104737473894247,0
0xce735bFc8CE3e493aaE204DdBEB197e84e5B65c8,0.10104737473894247,0
0x0b900A8eaB109FB4B80024fE6c8D30efc03dC4a6,0.10104737473894247,0
0x516Fe6650D8BadC912291de43c9766b079f3a534,0.10104737473894247,0
0x6F355Baa57062CE19dc193AF328Ffe21485DB2D2,0.10104737473894247,0
0x15fD9897FBDFcE4287db13a02F9b0218d96dFD58,0.10104737473894247,0
0xeA9799C0d3749779A4a736a3785832229638B52B,0.10104737473894247,0
0xb89365Dcc98b55A04D857C4147D955C0F5Ff0d77,0.10104737473894247,0
0x2c959460D0BB2096F44017B224b5DED99E7E94F3,0.10104737473894247,0
0xBAD9d068E17779066b6A8C9f259809E4c94423C5,0.10104737473894247,0
0x8FF694E605Eeb209E953A208A3180352547bE3CC,0.10104737473894247,0
0xC83f9Dc97a16a94A6f9bEe0d36F730c3f636d4c5,0.10104737473894247,0
0x6c4D082E158120d688a140BA6c1BEdC27eb3A0f4,0.10104737473894247,0
0x466DBf612c66ceF9d402539cC910750D555Ff63c,0.10104737473894247,0
0xBdCf2b802127A7E49437eC1F210ff0e2e9254E04,0.10104737473894247,0
0x94492304f969975D1A1029639de92D3C7B97FE0A,0.10104737473894247,0
0x305e7ea36503d0809c214EF20791eaC1BE3eF0CB,0.10104737473894247,0
0x72af750023A1eDdE3D0B018e3c40E99723B47987,0.10104737473894247,0
0x4A15895FA7E66fC6D886b7302334511d011E5b27,0.10104737473894247,0
0xC79593ce51ACE1D2155a8229ec4deE7b24Ec7cF1,0.10104737473894247,0
0x4C46629804735be64e5183963aE5955145528621,0.10104737473894247,0
0xD80c52bfA74912aE556b8931465a755C8fDF8e72,0.10104737473894247,0
0xbe525c150Eb92A67c4411dCa7BC918711ef9AE51,0.10104737473894247,0
0xf5B92240CAF41c01420d5B14bf5a7CaAeBF009Cc,0.10104737473894247,0
0xa3a59A46c23d2d6d9C7B5Ba07e1736C2fcbe9bCa,0.10104737473894247,0
0x5Ad1d43D6252762C7d65a4868D367Db6BEC43599,0.10104737473894247,0
0x6Ba2a9E0F333dEC4B31490b10bf1eDaa495FfE18,0.10104737473894247,0
0xd48E95243e33f88c128AF5B73d0427211d14E07F,0.10104737473894247,0
0x16357b3C9f3d71b824c6bE2ae9902791494dA0a2,0.10104737473894247,0
0x005F717413070A4EE8134d3433524ded8aD658b1,0.10104737473894247,0
0xeaA10E92fc71a5f0D9876cCe2DDC93D62E45A368,0.10104737473894247,0
0xFadfB032dE0383E74883ec364162B3DAe4557675,0.10104737473894247,0
0x89C79EF9c3675Ed536133F9331b54b72CB1679C7,0.10104737473894247,0
0x4128bA58C2A65DB1f573AD0C145DAFe5718B280b,0.10104737473894247,0
0x276728037145566A7C98A9c24dF8f92A3f7d9EdD,0.10104737473894247,0
0x96cEC7Da0aD1d868eb2eB6b2b81DF31066e5437b,0.10104737473894247,0
0xDCA3b76E46EbA9FF0D830C27735Dc4D812818c6D,0.10104737473894247,0
0x03B219D5b32C90CF9d6Ac325bBF73532C1949F2F,0.10104737473894247,0
0x184728147216d78fa676F630837d1274E7568c6A,0.10104737473894247,0
0x6D3882453F3E9400935239F16FE09854a1d788f0,0.10104737473894247,0
0x4bcDA99E537561662e00CB76295B9fFa0861ADf5,0.10104737473894247,0
0xB421225B3D7D52F3F77e58193a0fe6E9a7EEe150,0.10104737473894247,0
0x93041f503C49cC7632B09C3D22312738a6b7fE30,0.10104737473894247,0
0x2695b4a3BAa3F218D24f1281356FB05E35D5CcA6,0.10104737473894247,0
0xC617e30699124D94A41e10Ef4BE4889076912E28,0.10104737473894247,0
0xbBEB0e550143ED7EDaD8849dae0C6101e44983a9,0.10104737473894247,0
0xD9867DdFb86d6Ce1DF7f88CAD48C74Cef550e5b1,0.10104737473894247,0
0x049972c803301a37307bb60772b41C73f9d64635,0.10104737473894247,0
0x9683Db61C5e24E0cdD359b7e928eeA4002765Bfc,0.10104737473894247,0
0x2C4d56B0C7987d0ae59b051Ca3Fe4184e5E20f7a,0.10104737473894247,0
0xCb3CE8669c138D02014f7A255bd2f697951F097c,0.10104737473894247,0
0x280811877d3B96b906EA8B90566C51Caaf1B6C22,0.10104737473894247,0
0x56c3352EbFD687011Af311a9032c490a795A324b,0.10104737473894247,0
0xA1743B6D8468900Df793009B7Faf243D4933D2B5,0.10104737473894247,0
0x87CfDdD418e4e77905023652C5C6Fa41e00a791D,0.10104737473894247,0
0x5D6bB958cb3a91C20621aBEeB1e2934504E399AA,0.10104737473894247,0
0x741512d06b77f3C0209E1128ACbAA7f3BBF5DE6b,0.10104737473894247,0
0x425dE231AcD3bd847C53940fB3b65710CF4998E0,0.10104737473894247,0
0x6cD2194ECF6Ccb0676d4425821A97e3c995296e6,0.10104737473894247,0
0xC8c38709905c5B689F2F09B3b5339Cc7024c23a6,0.10104737473894247,0
0xe3216dd4b8a2DEd1986cf6F59d94fC5cFA5981DF,0.10104737473894247,0
0x317ca27C70f9D00e74eC32Fa55a3CBC746d173Af,0.10104737473894247,0
0xb52E063eA893206B52915544223B761996b370B1,0.10104737473894247,0
0x69ed32fB8f30ef7C0714E3a18d33EC9Ef623df92,0.10104737473894247,0
0x8d83701c20cee0978D7e3ab1341445f4B60cCbb1,0.10104737473894247,0
0xeb7f71D61fBE53b18BD353158FBA9a59CbbE8eF8,0.10104737473894247,0
0x5CC5d7E110af316e3286C7587164dFB653E770B1,0.10104737473894247,0
0x7438c477E0F222cC9032204936cFB84933443B3D,0.10104737473894247,0
0x023ef669f5166c3cAC63C64D2348d47247B7A554,0.10104737473894247,0
0x03715842b836C775aBC2E98e6aFEb335CB51859f,0.10104737473894247,0
0x50B6fCf47b67C2a5405651Db1d714ee001A818C6,0.10104737473894247,0
0x18F0004732F109f1060e1e71b224C3feA5FAc133,0.10104737473894247,0
0xb22Fc246482573f586176A257d1739A051587577,0.10104737473894247,0
0x2f3c39E4979148018a0eeaDFf9186282394c70a4,0.10104737473894247,0
0xc5E26469691A6332CB39652Deba3CfaBCc9d87Be,0.10104737473894247,0
0xB493158392c37Dc8CFc6bd22A88CeF6C46Dfa54E,0.10104737473894247,0
0x6dAacB7d1BedDDde4B5A98cBdA001Dd5aBb4F544,0.10104737473894247,0
0x56Bc19deF19a6D49f1d2d03De4F3C2beB026249b,0.10104737473894247,0
0x8B40E9f6A066884f880B36B571E133B6B423ee89,0.10104737473894247,0
0xA49BB5795DF2bC0b7A02B90Bc80110Ca01936FaF,0.10104737473894247,0
0x235Def6e2692537c6E950a1A0F678Dd4e4eb7EfB,0.10104737473894247,0
0xCd962f3DbB52393bc6dc68e76E0462E80392BddF,0.10104737473894247,0
0x6E246BCd173eF53C44dD0109be3ff928E7C92F0e,0.10104737473894247,0
0x99BC2969D7F0462ADEb0B51B3FFe05110eF97aDa,0.10104737473894247,0
0x1111F872471A07cb2986b38b57B64Fb4C30C607D,0.10104737473894247,0
0x85591e7a281b7B58679DF8D6ecc1d810af6cC7ED,0.10104737473894247,0
0x914Bffb19983990aeFBb10Ec92a58e6101fF5AbA,0.10104737473894247,0
0xB900145892F74d40A67c1A2a8dE02770De02f5DB,0.10104737473894247,0
0x51AB1d6997743A836BcFF63a9A9E0c46c4CF0164,0.10104737473894247,0
0xb6927c04f11D4ba53F8e979D28b8149ce5d784bF,0.10104737473894247,0
0xae38776F73Dd531Db5FBA09557Ee6175F45c112B,0.10104737473894247,0
0x119112a7bba193c25A66B1B362aC99634446E917,0.10104737473894247,0
0x58ae8Fa661543aD2B46Ed6F35792d606b82E34E3,0.10104737473894247,0
0x58D89bB12BDCC2856870680d27D5dB7c92184eac,0.10104737473894247,0
0xdD8C4131E5976da71f7ba8bDE881888DFB88F3f5,0.10104737473894247,0
0xB8b29F9bed65AB15b3C7E8c15e32449ed29e2Def,0.10104737473894247,0
0x1b91d8103301AA37F0FbE51755A956F6E1d6fF24,0.10104737473894247,0
0x738ee9c05C03Ec0c860043Cd8383C08cF9626a5c,0.10104737473894247,0
0x2F1e95F8c652842C17844037477FCD91c66cb673,0.10104737473894247,0
0xF7fD662B85aBeF5Ec219aA830511416F7FA6411E,0.10104737473894247,0
0xda80349c9E6eb1aE682aB1177D7BA2d17d692D3f,0.10104737473894247,0
0xd876293714Ff4b54475a79f354aE7A097a44C39D,0.10104737473894247,0
0x2FCd1afcb6F29A599567C2CCC6fFC484b9b5f101,0.10104737473894247,0
0xe52dB8982A87623F7756703bC4b284c3A0a19c76,0.10104737473894247,0
0x0d46444f01F41b8580705Db0Bc0aD6f44FA9a62f,0.10104737473894247,0
0xbfA74E8543E6427F3cA213fD0adf79095E2894CA,0.10104737473894247,0
0xE5BFC29C2806CCb3C0a50907FCBbBe233D901e7B,0.10104737473894247,0
0x2aEfc99091420218De94D8b446d29F08189a3B0c,0.10104737473894247,0
0xc15512fE49C1150FE136a4859a012C6A6E23dB59,0.10104737473894247,0
0x24aea31Dd03Dda163e18c376774fFd468754d239,0.10104737473894247,0
0x09946d0770766731B8389c124084de13267049B8,0.10104737473894247,0
0xAD3EF0f961Dba804a2310d6BE949988C2af8b462,0.10104737473894247,0
0x20365D5e968f570Ba800123531Be7FC08404862A,0.10104737473894247,0
0x781CF0B418cD5dC71Be86dD4Af239ef8472d790F,0.10104737473894247,0
0x8a250cDf701476571114C86E6b814d589d815385,0.10104737473894247,0
0xf4053F4e987E92354dc8fF2022ABbdcbf18C3319,0.10104737473894247,0
0x6e42AA65c3980b67e239dE236E0efF1c295aeE92,0.10104737473894247,0
0x81165cD93F85A073D567B886f63F90E34e363685,0.10104737473894247,0
0x3ff2df5094d4902Df2DD0860E971fC73F2e97504,0.10104737473894247,0
0x3d322C8A090447c9ee752284EC5C91A9801728d0,0.10104737473894247,0
0xAe929d013a92bAA3D27A0cfdF2943170907A15Da,0.10104737473894247,0
0xA84964eE87E6D8413Ca786E1BbaCD8CBCF9a6C93,0.10104737473894247,0
0x2b858f429A2a82F80bEB0Bb3ecdEB9E438Bb56a1,0.10104737473894247,0
0xF74c24fB849cD112E5aE86f68834a73e207e466C,0.10104737473894247,0
0xb7cC3158E004c5fC9d6496C6CCaFA614f384859B,0.10104737473894247,0
0x09A685Fd5338022c1c5A47811Bd38c4d07be0f92,0.10104737473894247,0
0x8EB83B2d75d61AD7de139d1D33b89f37Dc762445,0.10104737473894247,0
0x802cB888988aE3C73C92DD752a73f1636108DEdE,0.10104737473894247,0
0xc2754935Bcf7a08ea292C143E320d63878812419,0.10104737473894247,0
0x11fA913131747654350513CB7Ec335b2949FF2C3,0.10104737473894247,0
0x618FF7C758BCfE00Cce6256881963badA5A09B23,0.10104737473894247,0
0x4e60c52999B824E71001Fa023BF64E46a593A97F,0.10104737473894247,0
0xEA6879556e51977c09A7B99e81A84C7bb015aD9D,0.10104737473894247,0
0xCb1C9503d08E70DCd04618C5a9658A29E3AB1326,0.10104737473894247,0
0x77Da3A8e2445102EB98Fab42Dd1253aF5a64e727,0.10104737473894247,0
0xc08fEfc19Fc7Fa17A8dE791AAC0622aA162BADF6,0.10104737473894247,0
0xc409E5D67a8ca5E24A9d90eD3eD01AdeaD44B443,0.10104737473894247,0
0x20aaB5a08E8d0c2E843Efe3393D3439458368f13,0.10104737473894247,0
0xdd2aE2Bf9ffcc6CEDedB65f5296F6b488020345e,0.10104737473894247,0
0x7B648c6Dcea2E76F70cEdF82A26c6390A315D50d,0.10104737473894247,0
0xf2dDEcA2C7A8200d41C0e63f25e0c8038a2C9e99,0.10104737473894247,0
0xd99ECb3673dA9Ff7aa54B67bE27cec8201B06b06,0.10104737473894247,0
0x48a47DeB79fb205C65c8D257F60a641B248e7e05,0.10104737473894247,0
0x5a6EC2323f76aaB5c3974A53e0C2149E746d21a7,0.10104737473894247,0
0xc3c4e63a63457283ec9E0F3E82AB67b4Ce646a47,0.10104737473894247,0
0xa18E738a473F17A7B37c8a49aceC6f40a22AF251,0.10104737473894247,0
0xf4c4d1eee609D0A454ce5153d6187eD3EbdcD452,0.10104737473894247,0
0xE75B307A730495b3bAD781552c8D88B3Fd4b75a8,0.10104737473894247,0
0x84691be5C5091Ab8Fb887564699f08290B8AcF54,0.10104737473894247,0
0xccc43B523212955F212ffb60719cDAE256225bB4,0.10104737473894247,0
0xc2b5a65026995027a03Bb18cC911ceA346b98438,0.10104737473894247,0
0x491B516a372FC78c6fc7320cA665cC8202a0d373,0.10104737473894247,0
0xaA79B9B58C3D7b1F6E89905469608436bB8c4af2,0.10104737473894247,0
0x7382e081070e115ee9C3d7b79E61A41841a571c9,0.10104737473894247,0
0x801e98ab64E85EA0d3d9760C8FC52Cd41A1b1145,0.10104737473894247,0
0xAdf3081629d197DBb3aceE190Fd304b5b4B91e56,0.10104737473894247,0
0x3D8Bfa60B76658BC4fD44EcE1777aF6D183E0235,0.10104737473894247,0
0x630fcd8f9208672A62658517931D51242f6A0a39,0.10104737473894247,0
0x1641f06de2F8F1b544b676c6A42b68e7499BB6dB,0.10104737473894247,0
0xF26eeF92A0Aca12D5f239B1De6ee19150443B3FF,0.10104737473894247,0
0xC3Ae74eff0cdae9d7f16cC6B839F6e6adBf99126,0.10104737473894247,0
0x79C93BA5f32b8c52c0E4d1DFB9538bC309f3Ac14,0.10104737473894247,0
0xe372b1B1a89AD79a96e9b535BdABE7D594874b9b,0.10104737473894247,0
0x6A5CE2bFf7eE611e11cB9bf9c63814b88890b33A,0.10104737473894247,0
0x5F5ee26f1009e37E296e38620Af1E618665cF3A5,0.10104737473894247,0
0xD8454119F9B97d33C52a141ca372b76Ca2897f80,0.10104737473894247,0
0xB1d26BB3Eb18B294BE9e3762cE999Dae7FafBe06,0.10104737473894247,0
0x5080Aa83b8aCb68f2495501D7c757E244D403Fc1,0.10104737473894247,0
0x311a640084Ad576Ff9ccE3389F4b1E0966691529,0.10104737473894247,0
0x7fC7765843634E906b6290d2947C95859c75F210,0.10104737473894247,0
0x3A36b83DC327f0cfD13FAB58A7c78e131c27d67a,0.10104737473894247,0
0xF6812A4813aF9C139F7A584BAD62bCa462940670,0.10104737473894247,0
0x555439ca7E11a16997791d02AD183E9b1a4FF01E,0.10104737473894247,0
0x4Bbf26c102CE04BCCB0a89a5998886DfeF30bd97,0.10104737473894247,0
0x49eA16D5b3068C81280735e962444C7165B10A85,0.10104737473894247,0
0xB80Ba8f4Cd67Dc9d0090D2330f68eC41663BA5e4,0.10104737473894247,0
0x73493cA916dE9C76C15d66265AAFeF39c00FBC64,0.10104737473894247,0
0x9864f04bbA72707A20DFE261cbA2fdF0394F3F1b,0.10104737473894247,0
0xB5CF2A8cd6c8aECcaB0d722A2E571764FbeCa5e9,0.10104737473894247,0
0x703f215F55debBbF5fCF397a1eDAC85825e1665C,0.10104737473894247,0
0x315f8FcD082A7f46467308F72301246D42C0253E,0.10104737473894247,0
0xEe6C1fcD7d816E6a0D7c90836E82aCa215FeFedF,0.10104737473894247,0
0x710C460C6723c3D09C19864443FEeEF69c86b79b,0.10104737473894247,0
0x853fED8AFf4d197798680885aD0e0AA462d839E2,0.10104737473894247,0
0x33B2460B9C51F8B1677ACe2BB4d45cd4BC485C4F,0.10104737473894247,0
0x2C4043dcec5E52104DC0e06fFa6AE534AAf779Ab,0.10104737473894247,0
0x974E7CfcbEB8C2709dF22Fcc79F39A8a37e92939,0.10104737473894247,0
0x25f72933DFC9230332814e3D1B6e5A7cb49bB74D,0.10104737473894247,0
0x0003f87D4bE6e35989E2C8244c3f2F65967a5F66,0.10104737473894247,0
0xB778527eD387b19f1b31876ED286c0C0Ca9d7b16,0.10104737473894247,0
0xdB3b70438b5C2e86d0AEA94c7c058f12b481C091,0.10104737473894247,0
0xa6deC70534279BA619946f6039D3628334e8A393,0.10104737473894247,0
0x0F5F31e33b4FcB4ab412707583674E65d80dEA25,0.10104737473894247,0
0xA33bE73D698Bf2216CB47A95FAC8B664f5A172C0,0.10104737473894247,0
0x75ae3c8C7A00F8a9EE02DF24Fb067de6fB1eb6A2,0.10104737473894247,0
0xfC92260387384548377576a1DFff0AeC052F2273,0.10104737473894247,0
0xFd8fcE10F2D642E4dFb614C951aB2f2D42bEA216,0.10104737473894247,0
0x73E3229B21df42C75129d99a3F7c982F2c8FEe90,0.10104737473894247,0
0x59D527aeD14106ed410E64964BB45eFf234a09D3,0.10104737473894247,0
0xDf55e67D261535e60CAeeB9Da31144E8218CF0Aa,0.10104737473894247,0
0x7466B1F4808e04357DB6c420a8ABab41e38cd33f,0.10104737473894247,0
0x62e970F030C68a56EC5632a17F412506F907f324,0.10104737473894247,0
0x50238F6B3725E4902E51077423eAF14618e72F99,0.10104737473894247,0
0x902fF9c3B91490bd8abF6d46f7A911bDcE233Af3,0.10104737473894247,0
0x396c11B87EDeC8A47AB189cf7a41D128148A8983,0.10104737473894247,0
0xBD95e7711Cc7A3D8A7dC178903b63C4bdDf5d3d7,0.10104737473894247,0
0x05E805696bC3f951eAff34cD8Ce491C836ec04B2,0.10104737473894247,0
0x86a5b88f7158D948AFe4ceCa0E1D31729aebc60A,0.10104737473894247,0
0x2B736f78eC720986356f0831d0DDc940bF7F6633,0.10104737473894247,0
0x0Df100148548D80f947e91F1e81B27A64d3F0a36,0.10104737473894247,0
0x2975efFaD5A537E1a4bc02bea36c6B7fb54ed604,0.10104737473894247,0
0x8ee87a90968ee7d033aD7725516234522F54a998,0.10104737473894247,0
0x4C90726681dbF0fb785C38d28D7CFba344EAB4de,0.10104737473894247,0
0x8F0Dc980816A1686d3d0A11717561d151c13ee75,0.10104737473894247,0
0x3D184F25cB6711840305b969db779DbB0A091b79,0.10104737473894247,0
0xb7591ec7D09A6488f996d07bA592756dfb15Ac71,0.10104737473894247,0
0x0B165D35Bdf9F927F3B719ac37549E87781d03b6,0.10104737473894247,0
0x9513c2194e96A71F8374661D8f58329468B26334,0.10104737473894247,0
0xb4aC5bd49bc7a43bca7b248C71523266A8Fd09C5,0.10104737473894247,0
0x33202901C8e060bc4A1649EDCa701758e6A1C6dB,0.10104737473894247,0
0x4e3A9949461384bef2BC09bA4F2539c4c6E4Eed4,0.10104737473894247,0
0x1836ea78d957d36a7fEDD4AAedF217eaB50817DE,0.10104737473894247,0
0x1cbA12e2c3d5B97be04372DAa9725F1aD7A59B15,0.10104737473894247,0
0x59f6281236c8bd4a33588f1623b22Bd23Ec679F7,0.10104737473894247,0
0xfd6cec59a65f67AF739eb3191C4793C342E688ee,0.10104737473894247,0
0xdaC570ceA38deC21De4305fEF8d146AadD42b90B,0.10104737473894247,0
0x9C701a57873120B1c177700Eb911Bb6830647dDB,0.10104737473894247,0
0xFe456400CaCcdD6dcdad62Dc036A65Ca240EbC46,0.10104737473894247,0
0x12FD160BC8d8D2C239a706C08E9e2dEfB5b45850,0.10104737473894247,0
0xDD73475C88637d8255a856E04ebB4B6a62C810A8,0,0
0xDF57F21e7ffA60E40B407a4a8276BA8C39E2fC89,0.10104737473894247,0
0xd2933D68108cb399000790C88385B205518E5CCb,0.10104737473894247,0
0xCF7E0a3271820D90f2b3B736d48ca69AB8d458E1,0.10104737473894247,0
0x6562cCEBf4D6749E84a50f39f3cc8c9Ca6c07a57,0.10104737473894247,0
0xB76dFd55Bf5172DFcD59247217B3E8302Fd0c1Fe,0.10104737473894247,0
0xE8098785B14FAD857Bca1bd507B045f7ad825114,0.10104737473894247,0
0x904179Bd0B2E7919f263ed7e17a02079703D450d,0.10104737473894247,0
0x0736Fd3CF4011BF0b5b4Bf8661F44A5367764152,0.10104737473894247,0
0xa16698fe43155e908BcE2f8E1952d1a1cDd84557,0.10104737473894247,0
0x101266DD52D1878aE202C9E077540b92aB3cb9f6,0.10104737473894247,0
0xbeE5Db4B8D1028dA22C988a193e0DfeBC95b3C8E,0.10104737473894247,0
0x98404327dC0716D71AB40b177532d0584E4511c7,0.10104737473894247,0
0x5d652760cEF458649b245d9f11c0A7b62752B4a8,0.10104737473894247,0
0x6C2e2C3e2967Ca6f2537aA39259620Ea4840609A,0.10104737473894247,0
0x83E09Ee0361e98EC5178939B5A722d25fB6BB894,0.10104737473894247,0
0x0BDc3D652d3c28959482225853926BD931067550,0.10104737473894247,0
0xdb64f8d25f083655D64d18eb43E32480A5831f2c,0.10104737473894247,0
0xCBe73B448F1bc96c650e5eEf37BD0cacd1d99869,0.10104737473894247,0
0x0dCa69C417b498DD34ff02AFAA8EE7070501a7f4,0.10104737473894247,0
0x80ee70171A8B82293ec0ebeeBe42F8a4114768e0,0.10104737473894247,0
0x786728344aD011A1562946AA7744AAb90fFB8111,0.10104737473894247,0
0x20f3bAcA6b16a3F54f369aAdE2e254498ed0fDFc,0.10104737473894247,0
0x67548e04E0C59551F7A89ab96756B692f15dfEcd,0.10104737473894247,0
0xAe3A0B5C4C33545ad782166BD686CFC8F2ab009a,0.10104737473894247,0
0x046EF3Cb049f3dCafCd226a1c5e8ACa77273C80C,0.10104737473894247,0
0x276314F1AD4A789dd2Efa76Bfe0857DF63a243CC,0.10104737473894247,0
0xfFd16F9afc8A5465Ee3A8e3bc96AD2Fb05261a01,0.10104737473894247,0
0x7A7f2124eEaD9d9b80393EcfDB488141224f4031,0.10104737473894247,0
0x033Ba5AA601B6FbD15e294527BD30A03fe389366,0.10104737473894247,0
0x00801fcb3792228b6a0d2b50b4b27fB47eAB085d,0.10104737473894247,0
0xdfC2cC0cE52b322159bdf5d96497De2203abcF3F,0.10104737473894247,0
0xaf2D7BEd75289094980Be105c4034d0eaC0e60C8,0.10104737473894247,0
0xfACB8262062c7816685825a127fAc7C60BdbaEF3,0.10104737473894247,0
0xd69769aF1448fC9a207fe13335C641a79D84A71c,0.10104737473894247,0
0xAb4E0Fb831E72c6BB6FEc251E0b7f1Ec161F810E,0.10104737473894247,0
0x1216928a5147854f090A663198dD3Cdd6F4DdD5b,0.10104737473894247,0
0x5dbE96bA48e85D10cfc291A099434D5C4da95F4E,0.10104737473894247,0
0xA6c918d76E63e4526915aeb6B2fFcFcD79167aa7,0.10104737473894247,0
0x6E95B5E23847261cc5Bb379179bb803B3926F60B,0.10104737473894247,0
0x7474a680c428D0999925EFA25F2aD9C11cd59F48,0.10104737473894247,0
0x3515Fe7De18fF5246Edb4B48c5E5263940220377,0.10104737473894247,0
0x513D2d11532297B39D06F61028718b6b506a7D6E,0.10104737473894247,0
0x9F48b53121A41816D3f2e4e2D2D343d070c063c4,0.10104737473894247,0
0xc640cCcCE6809fcDFAdC467F533cE68d3fb0A72C,0.10104737473894247,0
0xd5E7D7234BC1b473b981cE90B751bb734B33f078,0.10104737473894247,0
0x006c0421d12775A81FcEbC7D7a045be0a1DfBbD0,0.10104737473894247,0
0x67e2967Ff9fd5d48F5a96d77f8dfE9C6EA48f984,0.10104737473894247,0
0x4A2a079496aDb751d17ccA867242B91da37Ed49C,0.10104737473894247,0
0xa1855B0edA33D80cEA9A6712d14caf60e9754125,0.10104737473894247,0
0xc7a3345EbC192575B92fF5f67C4cEaE7c0Dbc6a9,0,0
0x2e01676a7274Aeb988B4d0E8a945d55c1996405B,0.10104737473894247,0
0x48A2C204F2566c3711AcCA0aDe2d001897b60196,0.10104737473894247,0
0x773B1aCC268f8A0C6076752FcC042BaB87597718,0.10104737473894247,0
0x8a044Ce90Be5Dd047f8c801B89994ff41105960c,0.10104737473894247,0
0xB8cE84b89078FE8C362cF61182745Bb69ff03708,0.10104737473894247,0
0xfF3789aF1159fa17DfC02fD8dfB5Ff7Ad43C83C4,0.10104737473894247,0
0x91FF5d9F0a36D1c9675b3cf38D32178234AE224c,0.10104737473894247,0
0x1B6A29562D44B288113f0546Fe01e5423EeaA2fF,0.10104737473894247,0
0x6c86924C3cFDD5827F944aA15C4bD48E045898d9,0.10104737473894247,0
0x08d388037eB75C4CC13Fc8f5f373E5d84fB5cD86,0.10104737473894247,0
0xbB4959b04aaA2EB59f802825F741A2c2871dEC07,0.10104737473894247,0
0x171f77C9edc560d18862bC9919B286D3BbEe0E9c,0.10104737473894247,0
0x9F77FF8522283830d16a8D090f8deDC692448A02,0.10104737473894247,0
0x1b1bB861621399B6893125A4645CE27b4196E38b,0.10104737473894247,0
0x5Ab920e6c9328bcc08Fe7D2408a648cDCeD1F2c5,0.10104737473894247,0
0x548Be6667E92E742Dbd852662349ae74Bb39A215,0.10104737473894247,0
0xfef2A5dA711a65723362f48f4b70b9327C0D6edE,0.10104737473894247,0
0xe168a5c257139Ab12dE4c73729f6C2C97De7a8eC,0.10104737473894247,0
0x54CB953413EAd5A3679dE4Ee61C45E42F64F69d6,0.10104737473894247,0
0x7cE29803E5Cea8518BC83EDaB55dc39a61343879,0.10104737473894247,0
0x444764334521a0c4261420Ab2E30B490d26A37C7,0.10104737473894247,0
0x873e54E96D2A3FAf457cB29710b76C44c540191a,0.10104737473894247,0
0x4fDf00bd207285CE35Fe28FaBDe61E5bfcADCeBa,0.10104737473894247,0
0xeCFBc7135c3596788d9a1Cbf097a5E287F9760E6,0.10104737473894247,0
0xAB7342735AC9472140717D9Da5E1007C9c42769F,0.10104737473894247,0
0xe7F9b923587920d8ba7A7b4Ad8B23A51a05C7719,0.10104737473894247,0
0xDAA5CDD355d0E5fF573bb04B6666BbF440F7b5DB,0.10104737473894247,0
0x2126aBB422Ba65d26221c93F59173C33A646b260,0.10104737473894247,0
0xEeC4aF3fcd94cE7843C4634f487729B4dc01f513,0.10104737473894247,0
0xd92e5473FCD2e14Db8D52c39E07d434B8bB6D8c2,0.10104737473894247,0
0xe0Be86f8f5fd21Bd5643092bA045a030957D7D3f,0.10104737473894247,0
0xb1CBe4224Cb01767C7F4C07689332d085fEFdD72,0.10104737473894247,0
0xECD87fEcAEF76D16834a2B63511d15704F02f34E,0.10104737473894247,0
0xfC26676a9f7A7CdCCAB14793b599b5bc0B73005D,0.10104737473894247,0
0xe1DC1e8421334bd6F49A339E283F9A4C07eb56d3,0.10104737473894247,0
0x011465eBaE8A83Df7ff364563195F119068DA66A,0.10104737473894247,0
0x6aE253824627D8641F0d6E68a6A08842dE830286,0.10104737473894247,0
0xF2Ac374F1E4aBaB5c4e6EE30516e7Bec1B209FE5,0.10104737473894247,0
0x34397b5D9bEab9cA80afD945b3A4b1612370AAB1,0.10104737473894247,0
0x32680a13a3614a52D1d9E5Ed47C3EE8B90813Cc3,0.10104737473894247,0
0x0714b7938905657eb774e94515b2c552d7863C89,0.10104737473894247,0
0x2Be916516ec557F1eF408097870BC44241515E2a,0.10104737473894247,0
0x8dcD0DD2851495Af8C14dBc1950D8f88a05e26B0,0.10104737473894247,0
0x9b6d9d75854B9702B1b5408F56E12FC18eaB8898,0.10104737473894247,0
0xd685f2229a68bcD684fc230c918926570038d8F7,0.10104737473894247,0
0x1f602726Fe783Ab5466BE071F26521685BddDB21,0.10104737473894247,0
0x1667ca055c1fE85BB7f598818AB6C6e30f3d7821,0.10104737473894247,0
0xec11cC525E727E33f7b6E26533B68dE3914Bc799,0.10104737473894247,0
0x9EB58b1adF032036E43bAb6286031e343Bfe881c,0.10104737473894247,0
0x8ed675DF43f016b7c813E468e075BAAB68F40773,0.10104737473894247,0
0x09dE9B06D215B283aD32dB41680f48E77B573780,0.10104737473894247,0
0x421D5DF89A1564Fa25f3E082DD89e2aC5C04E9f2,0.10104737473894247,0
0xe862dCfe05d874082d7409742548A546cC022FdE,0.10104737473894247,0
0xA439b9D2fe9AF0739A96F77D50C93b0FBA8c7d2F,0.10104737473894247,0
0xBaf9517afdeaCfb28Ffe63DEd06101F630e6c944,0.10104737473894247,0
0x533EF16CCd3803dfF50f7c3E46dEE2faE80d386F,0.10104737473894247,0
0x0ca87F3F22bd1984941f75cbb3E5267D94D694d2,0.10104737473894247,0
0x7d7AE84B728E2c55981889D6e85bf65674F456B1,0.10104737473894247,0
0x7E8b2E3a6a7CBb68cFAB7E61a20b891930A43B27,0.10104737473894247,0
0x57C552651B6Dd1317fbE1d1Fe82Cc58dFA915A3d,0.10104737473894247,0
0x7E2074FC0f9Cd4Cc54aef6dB3090a746b105955b,0.10104737473894247,0
0xacbd54bAD73F3b8Ed114812886074c0c39480e4B,0.10104737473894247,0
0x70805433816298Adb37F41D53413C642fb152e1e,0.10104737473894247,0
0xd51bc14e2bd26d0657698Fd5b51612dB24e5e401,0.10104737473894247,0
0x8CFEBd495A8f0e2EB652EdC9B92Bd58D44fe1875,0.10104737473894247,0
0x1857Bd8D16051Bf33E7227a4D46A7af1271191c5,0.10104737473894247,0
0xA35f827978623B8D9CEf2F146Cb11369c6dCBb45,0.10104737473894247,0
0xbe435B47EEf09786Cd8C855e6899E65da04fDB98,0.10104737473894247,0
0x4E255A5EBDC122f01aE00C84c6d2FD16e5A02fd3,0.10104737473894247,0
0xe30B070047b2dEAb118cE541D57aeb4c6DF6Bc43,0.10104737473894247,0
0x129550a478239035a94c86df8BFa478805415DeA,0.10104737473894247,0
0xAE3083cB36740E48f0817bbb862E196130B9206b,0.10104737473894247,0
0xeeA4E5D7a0a49a6EA85fE3ce3A19f9a1226d46d0,0.10104737473894247,0
0x0d3C9607d7D2053F471B1CF99A92a79ccFFD1AaC,0.10104737473894247,0
0xbC733f926B9400F57E6a86a20Fcd2480554d7Ff7,0.10104737473894247,0
0xed3648745d4223ca65F794a4EE4D29fB71d1D01D,0.10104737473894247,0
0x1a85ca464AdB76808f6B840954956Af350A555Db,0.10104737473894247,0
0x85B392FC34464569faF99bB83b3d013F678F5759,0.10104737473894247,0
0x681DEA24E9c09B50D4aCBad8c0fDb6f4f224b1cc,0.10104737473894247,0
0x5DE28c1dA2F7F048a8f2e577BE1Fd7d80498192C,0.10104737473894247,0
0xb10f01ac6818a7Da330C3Da3EF39dBCA5c2D13dF,0.10104737473894247,0
0x32C048dFc9095769f858724C9b0625D70ed38bBE,0.10104737473894247,0
0x0B5178b2FfEA28AE4F8157B862AFE663A25efaCF,0.10104737473894247,0
0xa2758921Dd7E3cA0C28071cbbE0fCe3291F8d589,0.10104737473894247,0
0xeaF4C395A8b5aBe856D0bC5480de682c8dbfc770,0.10104737473894247,0
0x158f80110b4990D9C7AeFb3A77157763eFFaBa84,0.10104737473894247,0
0xe4C6f73e258CC1dD61960B99b631f13024aD9Ef2,0.10104737473894247,0
0x0033f47Bd54b89459b1Db4b5011Df7C8fa1A3D77,0.10104737473894247,0
0xFc9dF7a21519310406a69660bA118C94b3A849E3,0.10104737473894247,0
0x074cC7874bEA989E4620374f067b5Fd510A6d84d,0.10104737473894247,0
0x67666B967D92f0A1B89044Db0d9DCbC44AA95825,0,0
0x6d5b3Ef5D062Ac78ADBF282bdC6A9379c7300F4c,0.10104737473894247,0
0xCF630B7A7C506CB915969f3Bc2c7a192ed3cDB2b,0.10104737473894247,0
0xED63363AdbbE35Af976F5765a6321daEab1127ad,0.10104737473894247,0
0x0A8BD87d5a146A3Da36CD0C413E39970597BA206,0.10104737473894247,0
0x129d35e0ec279D64043CE1E310D5948B5Ed91220,0.10104737473894247,0
0x5576dB57FfDAe73599F5B469Ac6b6313a68577C8,0.10104737473894247,0
0x473BbBA8b64E0C118F90251480D7e9121c96b935,0.10104737473894247,0
0xa233501D3573773780fd3380B24224014Fc55179,0.10104737473894247,0
0x3C4bc6f5901085376F33c169D10d73E70Dbbcd7D,0.10104737473894247,0
0x00000400E7454e92FF0739F1538fC16E5c6Ac89a,0.10104737473894247,0
0x26613B942D23fe0aEFe3758EA8B8663519cd28F8,0.10104737473894247,0
0x840E028F375D715B3318f9F69e77b7E5F5DD3B35,0.10104737473894247,0
0x74e5B751A37f7102C654bef1B8491EdCd4988e09,0.10104737473894247,0
0x39Cb9CFC9086E0A788e10Fd63F215fe674FB9724,0.10104737473894247,0
0x437Aa9cbEAF9306C80F53Aada2352B65F01B5e8a,0.10104737473894247,0
0x756d0FfbA77eb92fFeDDe4648abB2C51A0892535,0.10104737473894247,0
0xc1e6C5e9b7bf774dd8BCEa24421d00955c2bD1Df,0.10104737473894247,0
0x90e1C2914A0559625Cee5452A208A39532c42460,0.10104737473894247,0
0x682a850A822df44A4cBaa02A4905276d14ba0b40,0.10104737473894247,0
0x910a48e13E2b30Eb8054803c131239072324b5Bc,0.10104737473894247,0
0x4e8bC6320717256Ba97b54c7D64180e94e476CFA,0.10104737473894247,0
0x54852a6D9585266ADE94C46DA26417B31Eba4B11,0.10104737473894247,0
0x7285BD0644369b7Cc3a1b7E64d56E1c4093A9c62,0.10104737473894247,0
0x28F0D5858c673D712C9716367dd2A3bD8C04e569,0.10104737473894247,0
0x000000A07a2cFAa0Ee92c655EE44ECd3DFbc14cE,0.10104737473894247,0
0xEFb51e64A2207Ed9293a757b622e23F1B61246eb,0.10104737473894247,0
0xa277DBa33844fDb908078a1626e0E5adc0aFe34E,0.10104737473894247,0
0x968d51cA7746beeE55e69b2B8d13a5cff3165E6D,0.10104737473894247,0
0xBBF63FC00c42042b37f5d79CC9EAC8DbD0C5e8b8,0.10104737473894247,0
0x6Ad06244E29da0879905529b6f8dcEDE429Def6d,0.10104737473894247,0
0xfdD68BD0D81A2f03766fB27Cb3ad4f3ecdc618F6,0.10104737473894247,0
0xe43bD281b4Bad6D706D120A90FFD129dd8020AAf,0.10104737473894247,0
0x0A71F6e447d279d8a439FA16A6BbB9737AbD3997,0.10104737473894247,0
0xFd2b02178ac44008f852911CAB6515d707AFEcC4,0,0
0xD48304Cc163104D39D1882A4ad0f620AB026E3f4,0.10104737473894247,0
0x3e2d79E1e194BbeD0EFff73B8626E269951E72Da,0.10104737473894247,0
0x866ad3D8d601cDc54CBD3eB54643C844C736c7C5,0.10104737473894247,0
0x1aE7a6ba23958F308061E113178134FbFc8693dD,0.10104737473894247,0
0x307E4C2ab298D1A6f151Ca0dB8F0D496d8A85822,0.10104737473894247,0
0x7741684b1476b1df3e51a541E0C75385E830456D,0.10104737473894247,0
0xe2CACd9b32d510D070607dE9fa5EC50ac37b88A2,0.10104737473894247,0
0xbAAe58b1648850EFD80992fB60C333C6eB05a9d2,0.10104737473894247,0
0x5da9eCb7a3A386a82dc18b27BCede80967C48F2a,0.10104737473894247,0
0x407530bc3639d80AeCDA6c57eC39C4622Dc37e93,0.10104737473894247,0
0x7cA0eDC65CC97E8049102265D680Af5aCe468306,0.10104737473894247,0
0xAc0041eA3FCe51713a3F8D6E4b87e6d3C27ECEbF,0.10104737473894247,0
0x98dba852320992BC43D3C3868934ab0567B40223,0.10104737473894247,0
0x05c181d43c846621bB3249258dDcf9217d6DC3A0,0.10104737473894247,0
0xA751E68985dE0Cd25560Dd10D916B1BE36EF6487,0.10104737473894247,0
0x6c7a7C992A62f5609a30643B263Af96333445789,0,0
0x3895F4761B422669d6024E1faC001A338662ADeF,0.10104737473894247,0
0x1b267430e29a52ac2c1Dbd66AA76E1BD9487a90c,0.10104737473894247,0
0x912A74255c2DbA36F0ed54CeC9C92B9142A788f4,0.10104737473894247,0
0x77c6A7AB562A484C2760C6CAD2C3981cB233b299,0.10104737473894247,0
0x03f6bC309B30F9799BA6179e38cD29b70752b5F6,0.10104737473894247,0
0x424082721278B9FA3ef5574c519f9ff039425143,0.10104737473894247,0
0x1de10853dD7Ad1212a64f37f59B9262FbCd1cF4D,0.10104737473894247,0
0x9c07292da7D490a55ab06cF872696c9D21366Bf7,0.10104737473894247,0
0x5b18d9E4d97c0127db069216eDDe2CA73127F0B5,0.10104737473894247,0
0x5d4ca1F57E81769D1219fAAA997F3B774A868c08,0.10104737473894247,0
0xD798d4899188816574A06789186921C7BeE97AfC,0.10104737473894247,0
0x5DB44d7cD46AA55840E1ED44Bcbaf5C4dfd5e067,0.10104737473894247,0
0xB1460b92C47a3b310E6B9EA9FDB966Fd3EFDE06D,0.10104737473894247,0
0x617AB2E83559FDa088136f4F22Ae07e45c5C8757,0.10104737473894247,0
0x69695816f724c3Db827c97Fbb28374f07E5FbF50,0.10104737473894247,0
0x222FBADc8cC475336167472d81b27faB04Df026D,0.10104737473894247,0
0x98759FF169bf7dB1b283879E0dc4377639e84636,0.10104737473894247,0
0xE699aA340946E7809264F58A0aFB4BA281E46d86,0.10104737473894247,0
0x32e8C2F853b9348bA6dd2F9c9E280F473C42a47E,0.10104737473894247,0
0x9996592C0eda79918e1618Be067E23Ea3463FB5e,0.10104737473894247,0
0x2d1e48f82E307c11b7EDFfeAEC37A74207e3De34,0.10104737473894247,0
0xD7473205eA7D927D4bb88FFD1B406c430AfD6281,0.10104737473894247,0
0x2aAeb85781af996841E27eE49750fE3c8D318589,0.10104737473894247,0
0xb224052B25FBF3db5ebDd43FF42D8a494732Df55,0.10104737473894247,0
0x7Ff733eFf52Dc9bf712f8768654d6D7Fc47Dc4B1,0.10104737473894247,0
0x9881D18E28037a19Dc44E31245F777E35a936bc3,0.10104737473894247,0
0x7D4FD0Ec33dBEEEa91E90aB094DC3A93e3c305eC,0.10104737473894247,0
0x16F5C1213DdC50F9f20B955d4250E2A1A97E8D9b,0.10104737473894247,0
0x35fc77AB8F5e9be49a181E2D7CDD5C08cf52c8A8,0.10104737473894247,0
0xDdD435BF935D5625de09e419c15398344feCD920,0.10104737473894247,0
0x5eda2B9FfD477209CEebED4e0fA8Fa5975B72e04,0.10104737473894247,0
0x10c7DA95CD0832c47c58fBf5C96151C7b7BcC13d,0.10104737473894247,0
0x9E449219468b8Ca3E1F0DD4BD7fB83D2CBa570Be,0.10104737473894247,0
0xc55Dd8a32682E5b098B2d36B7465b882096C07fe,0.10104737473894247,0
0xe82D5Ae4aC85a58293c0c82A46511a60818b9d5b,0.10104737473894247,0
0x1Ed9426CcD6599cA52faa6E10BAaB61Cb9A1FB3E,0.10104737473894247,0
0x52FeA929586BF068f4969FdAeAc3D5DA8E6b8A53,0.10104737473894247,0
0x5753cD94872F87e3A1A1f80B7C77E52d470d6a1b,0,0
0xD9b03361D2f8854ac5e212010B63Bb2014954ee1,0.10104737473894247,0
0xBAAc8b00C59DfF2e52666F9B18B53E3a9464edfE,0.10104737473894247,0
0x6825eAA57b09Dc9734f34D401A6A30F52860fb7c,0.10104737473894247,0
0x7fDa5084c92578848b3240675Fad8F600502bC32,0.10104737473894247,0
0x3bE14Cd8524468c40801FBEfA3B3D7C83cf3F354,0.10104737473894247,0
0xB1479200A6Ff256D6944E6d51689359122b2A204,0.10104737473894247,0
0x2D735C7557C48EdE263eC0B4EEeb65b9363B3d31,0.10104737473894247,0
0xa5fc8f323Be3727a6cFe690eec37Fb2Dd22a060C,0.10104737473894247,0
0x8C2d6d8333AC47EA4322b7890fD71827dD24767b,0.10104737473894247,0
0x50E09eBc63aF252AE83115f6B630d15C12D998Ba,0.10104737473894247,0
0x23433aA8Be1bEb7CDDd194c172725982Ae12c4b2,0.10104737473894247,0
0x944Cf798120bA164DeDe5edb91c2Cb1ba47438Bf,0.10104737473894247,0
0xD9F02C6D08803a0162E741c0BcaCf54630d5e26F,0.10104737473894247,0
0x489b5b5D83ac54A2c86c133DE7526DDBa76EAB77,0.10104737473894247,0
0x968FAbFBB6B405C9585b8a6061C750EfF8aBdcf3,0.10104737473894247,0
0xdea1D3A12379443b164730F1C66F0ca5b9850989,0.10104737473894247,0
0xdeb570AF88c18C7821dF9f7a5f7A1E614924222E,0.10104737473894247,0
0xDA8AC235558dd75F875400165975bbd63B50384F,0.10104737473894247,0
0x2eBAA4f090F4B6D55803a78ed6695dFa0f4f33b2,0.10104737473894247,0
0x7920cCdcfD868cBe6b629e42c60F8f0bB002CAcc,0.10104737473894247,0
0xcbE4CeF536441AF6669899aFD331E3F5948887D4,0.10104737473894247,0
0x35C04a5a42f75382eE55DE8C522f178958712Ac5,0.10104737473894247,0
0xcF9Cf9281bA06C03fA744a0b4e572482b3f6feCf,0.10104737473894247,0
0x1737AF4772F822fAF968e1d8EDd72B09F761f527,0.10104737473894247,0
0xF28e69488d0a9B1bb0FBC498500fFa42bdf18e66,0.10104737473894247,0
0x1b0Bd1429b783309884bF67cC9121FdbdA9b894e,0.10104737473894247,0
0xC8D835225791C1c4629DdEC8b1ef1218d270c347,0.10104737473894247,0
0xb60A29E12446b3778e04eb30d8804872146e94A0,0.10104737473894247,0
0x3b223426b647bAd0d0c64e78d21a7eB893FBc596,0.10104737473894247,0
0x306de99932fbD6A8D7dbf86E29758CE400B38C4a,0.10104737473894247,0
0x3b02325747053c0f3d635c5c077692F53F5dd4A3,0.10104737473894247,0
0x567302273FC395629F6d2050F89E28A3f69F3ef5,0.10104737473894247,0
0x00000cD78a60aA19e01743CEBB958DBDcEAFcca3,0.10104737473894247,0
0xfB08Ec92D7D48f713046aA9228ED86a4275FCB8e,0.10104737473894247,0
0x356Df63Fd3d167E556cEdefa40CB0C8539a96c3F,0.10104737473894247,0
0xB54A01c195bc9216B3531e7316ff0Eaa426C3102,0.10104737473894247,0
0xE570454f8E0FD3955050B72d182dc45aAc11BBE9,0.10104737473894247,0
0x46c6bCAb60fd4749eCAa31aee026a81f7b3EC93c,0.10104737473894247,0
0x68c34690c8D7aA566C3C4F4a1D3BDfb26Bd3698C,0,0
0xe46A15d7F23ABD9Fe1763bb0863ce74a8344A1A2,0.10104737473894247,0
0xf3663bBCe969b8991F0Fc3B001B89A8884bc17ae,0.10104737473894247,0
0xEc27791B562c0B6964AEE962fa4b1F493c69BC38,0.10104737473894247,0
0x9890268a07DE18ba2d96D8a132979bE8e3EE2Aa6,0.10104737473894247,0
0x573Ddb7231ac41AaA0bafC41073926ea758a5cED,0.10104737473894247,0
0xd969224D2a9D049318Bf82f82Bd8004Ad2FF8925,0.10104737473894247,0
0x7cE276aE41430214CaE9cf1ED363C8750ec3fF37,0.10104737473894247,0
0xf5164FbC7606da21ACb7a9A6275d6410e2B9358e,0.10104737473894247,0
0x3Cf139488F5E6D536836Fc5Ae5Ca173Cf07719fC,0.10104737473894247,0
0xB8CF5C5c2D2C5FfCa56b9dF7432F5115a240c037,0.10104737473894247,0
0x577C63ab357B5d277Fa71b61c8a7ea48A0abc582,0.10104737473894247,0
0x27C27c02811f3B5356c7Ad0E3B48DD59E0479e08,0.10104737473894247,0
0x1E7665Df450b2365cD4b96D3Ff17e217F300147C,0.10104737473894247,0
0x0DF4e1073f1258604f36Eef0DCBFF546f1bbaC23,0.10104737473894247,0
0x2737B48A9263ae268c20a6471bF6fe3D9566f8b0,0.10104737473894247,0
0xaE1ADb7b4094d7013ea3bB343FbC122567b8c3d3,0.10104737473894247,0
0x629955c672bF2539A2f103e4F8e4695395190275,0.10104737473894247,0
0xB3FD2Ed967a9EF9E96043bA2165dD0d63708BB8c,0.10104737473894247,0
0x7D9301Dd26684947ecEBC5B89BfdFc9B6209BAED,0.10104737473894247,0
0xf975902f853F7609C0aF5BEfC43783a0c1bFD5d5,0.10104737473894247,0
0x5d0d21694b94813C1be0bB61E7a90f31AEf1Cdf5,0.10104737473894247,0
0xF25Af5572b696C979FE5AB8F5837F2D79c7aDB73,0.10104737473894247,0
0xA5002b596d64f7076AC203cAEbc2AbD3B0B06A13,0.10104737473894247,0
0x759aC61D7aD33a5BC5aa29301Fda08C96C8526C1,0.10104737473894247,0
0xfA89C9E5e1a69969e52F44AC9e6DED0750CBcAb1,0.10104737473894247,0
0xc8fA91bc69FB46a5AEe14C9c290C5b788E8A8c00,0.10104737473894247,0
0x4C55924ee61d86410B1daEBf7c8be7B4aA856461,0.10104737473894247,0
0xCb99eD79Ac5618aff5bffA8201bAD7050A039E6E,0.10104737473894247,0
0x7094C3247d79898cff829a8A041582E2251bAF9B,0.10104737473894247,0
0xa395dB6f10F2855aF4C9858315d68E82d1aa9468,0.10104737473894247,0
0x79929E457122302b15Cf5A847865b0A5a890429D,0.10104737473894247,0
0x3dC114A93A05e34FfD92C81d26a2F89280e82EE0,0.10104737473894247,0
0x3c471e5B2942f2c882697F689c91904fbFf589bE,0.10104737473894247,0
0x0039960c390eF2F15F00CE4E136ef6007303cEA3,0.10104737473894247,0
0x3840EA32358E38de5Fc5dDd1Ae9caf95d3b6d7dE,0.10104737473894247,0
0xAC52f73Be0b50196e79eDAdF065A3DC24e7BD4B1,0.10104737473894247,0
0xbbbcF0912b700BD4c90F37AB4734f6E1a7195c54,0,0
0xFa82c3857B351ee7E1C569258A2E67C8eC109c0b,0.10104737473894247,0
0x7711a611CAeFF565f5a62DE4CD410366585e11f2,0.10104737473894247,0
0xe2D883a0515Fcba1b55e70F0dB8A71c3891AcdEb,0.10104737473894247,0
0xD297b259Ca843FF5167B51e030D590Ff70D56E64,0.10104737473894247,0
0x5550F88a3dF20D4198591902037fbD62117977Aa,0.10104737473894247,0
0xd7B2b43e85D4449702941674966aB2928e1Bc88d,0.10104737473894247,0
0xC3C6D292f6216600540D35bc0Ac582BeF8C185dA,0.10104737473894247,0
0x9C592942d04A1A798D1620E1f0a1c0B59508B68F,0.10104737473894247,0
0x2aC14b9d95effB5dCa7340AD94Bd4f0F1a613c4e,0.10104737473894247,0
0xFAdb280EB367856d5E6bd031D519473185443215,0.10104737473894247,0
0xf0CB66c2688dbFf5Fc409604035485920f7f0908,0.10104737473894247,0
0xbE9604FbD1Eb3bbc729D45B7Ed5a2848998ED94b,0.10104737473894247,0
0xF4a2eBd44B58DbfFaD3D8F1a55b31B8125D7bA48,0.10104737473894247,0
0xFd5Af0669F164E8FB8bC464eD84B576c65Dd331b,0.10104737473894247,0
0x8a332964D714e470B290C5100153a664da7Abb00,0.10104737473894247,0
0xb1b1b3BD249322F8a235bF6ca9D25aFfd7C1e3A5,0.10104737473894247,0
0x8A4D7900e5f9c23b9226f1E8951199a961e87cFE,0.10104737473894247,0
0x37174945E3F22F0aDbc45ff48F200A84Ce8CedDd,0.10104737473894247,0
0xA97c2d2F7591EbDa459a3E19c53ecffA51C5Cc31,0.10104737473894247,0
0x61c39ba81bFC1920Badd73e2137235D1e2496a45,0.10104737473894247,0
0x780e76888cf78ce38eaD40950b8d0a90A8319A19,0.10104737473894247,0
0xE105AaAe7bc77E950D55A03B81Ff0464B66DdC52,0.10104737473894247,0
0x93428C2B91782980Be8e1D759a964309f5080faF,0.10104737473894247,0
0x97451bc133119a594310c6E491987De3Dc12C69D,0.10104737473894247,0
0x0f2c1B28e7C4a445eE2AF75dfa3C80086324E838,0.10104737473894247,0
0xa914e8b342dBe6abCf1A017828DCC43d9576B34f,0.10104737473894247,0
0x6cA8D97C0E400d32635c1c2E39Ec63c2f7F69449,0.10104737473894247,0
0x19Fb974F9a2601B917a14C40B34c6F4FB84f2eE7,0.10104737473894247,0
0xfa4b5AaA53bC5835014dfE535b27C1F6feDbc184,0.10104737473894247,0
0xba13189B8170D76c670b255Ae2af799A742aAf5e,0.10104737473894247,0
0x4fC21e02d3d9e998a23C98def6183cb98cE446b7,0.10104737473894247,0
0x2f6625C4bA253f497B09BfcB694931244cA1606b,0.10104737473894247,0
0x741BFA2CEA6401842118f8f60cE151F1827184B9,0.10104737473894247,0
0x5cda23079471815F57665f95a9217fc176eA53C1,0.10104737473894247,0
0x2135c8185b090E596B1a7734591519890eD4Ed99,0.10104737473894247,0
0x4479ec29659462096DFBdda2ED6389aD680ACc46,0.10104737473894247,0
0x6dFf50Ad886ef45791b9448B29490CD6B3772899,0.10104737473894247,0
0x71A5D33f7074d673383aa7543E0EA274E7Fbef0C,0.10104737473894247,0
0xC542Ab0D627A01635a4C6731b09421A4F20ac7Ec,0.10104737473894247,0
0xb7F7daf3A04a08807eC4f94a09401877aBe9dABc,0.10104737473894247,0
0x8bB905CC4853FEa109f7A0381E09046C490ce5eb,0.10104737473894247,0
0xC731Aa8Af0928399E00a753002996481cf6A45E2,0.10104737473894247,0
0xE592adF0D28aab71afD558a644d79e204ed258d9,0.10104737473894247,0
0x7Be25b7706ebd3F625A7128AfBfef5e784e3FF56,0.10104737473894247,0
0x18cE8F52e6298fD022E7286a5b8D485986459394,0.10104737473894247,0
0x83c39d9BeB3c832A41180fb8601DE78574D209FB,0.10104737473894247,0
0x2568cC5640a56b9631e1ad5159550812a417E11e,0.10104737473894247,0
0x75aCCD2A273342A4364979985229498212e6bb30,0.10104737473894247,0
0x45470c35f94F8eE24265c2ed12c54b4851672c57,0.10104737473894247,0
0x96c9a472d95C5955eaEd889f98cE46DACA237B40,0.10104737473894247,0
0x958B07392ad2019B09c6b9dddFFf1e95369318fe,0.10104737473894247,0
0x290F1D58EE4D52bD735D24d8b0E0D3c21F4A6d62,0.10104737473894247,0
0xC2f8C4E8152CaEDb7D63C4434Ff0ABC11C820eAa,0.10104737473894247,0
0x6553b8259B4aC217D17f01e6d9FcC822233fC235,0.10104737473894247,0
0xbEc556A0ACe0aEc6922B72817142c2E6B40a3ce5,0,0
0x984f9d487f3B48EFC15c5aB88E986F70aCe77317,0.10104737473894247,0
0x25dCF0C64a39DE5d5046D1870Fa14C9DbA474698,0.10104737473894247,0
0x2B9FEb9839bC42345C2c1AD5787784eE3a2Ddc56,0.10104737473894247,0
0x92c40FC637861d0685BfEA6383e54198e8A48035,0.10104737473894247,0
0x06b5929e8c31cbBcb82aD2942F3007B657A7EBc3,0.10104737473894247,0
0x53EF63b18F8B851F674fE92cf63C00783904dD26,0.10104737473894247,0
0xaeBF949963CaBD779a86daCb1bd85ca0561F61dc,0.10104737473894247,0
0x7F094BBA5916C637072C0850746696a4a24A323a,0.10104737473894247,0
0x77F2f34B8710fe1980180Ff1d26c951a0e55FcDf,0.10104737473894247,0
0xC10354cB6001F1CC61d8B2A17590e2e4Bc2a7117,0.10104737473894247,0
0xb49431e122eE53a8D56c7d6b6d48757450E77b4a,0.10104737473894247,0
0x2A72dBde665094Efb967d2d67DBA7b790136b7E2,0.10104737473894247,0
0x00514b44CDeDCdf2f790a68512Bd3b836164DDCD,0.10104737473894247,0
0xd5B0e672814BaE219dC1692495FC5f1d492f89a3,0.10104737473894247,0
0xF8B5710f5956fFBB7FA32757e2b94E679bb6B6Ca,0.10104737473894247,0
0x16B7Afa21D082d043d8653b151855Ba4EF181eED,0.10104737473894247,0
0x41D1455FE985f6c081D84b80C538fe0ccE1b4864,0.10104737473894247,0
0x6F8EDCDFBE2bad74Dd697B1E948DF2f05f3A3883,0.10104737473894247,0
0x77367671921bd9337240F2ff5f19f19895148D65,0.10104737473894247,0
0xd3C146EADD9790C6515a6F763FfA9B7cca8F899b,0.10104737473894247,0
0x9d691666B5E7f5945B23d7bC7951f952b7807269,0.10104737473894247,0
0x6CF75691ef21ab503054901f230416672bCA2e72,0.10104737473894247,0
0xA7284E8596a2B61A239b5eC13708e30E7A4d9c43,0.10104737473894247,0
0x55c39621A07bf3a4bBD5EFC27E23030bd6470a21,0.10104737473894247,0
0x9CfCBb37BA2ca67b5A639Fc080B45d8c1dE90688,0.10104737473894247,0
0xe97527B393db96075109db95b07C221d5E0c6FdE,0.10104737473894247,0
0x5A10e8C41A3f6b8731405C88F6d60F5044414012,0.10104737473894247,0
0xCb3DCCFdB44D4967feC5B14A9E50B194E2DcCab5,0.10104737473894247,0
0xcF29BaF88612Fe1C74f771280c8B6ad05849cbBe,0.10104737473894247,0
0xD7340Bc1d361Db8213483f7C52Cb373c256d4c6E,0.10104737473894247,0
0x24cdfBffB6240662784dB38374537ef0Cec69969,0.10104737473894247,0
0x5D1c5E74251a9442Ee3e12A4Fc2ad52B952eD17a,0.10104737473894247,0
0x95091A1762Fa1edcb53a733409E3Eb9baf18C54d,0,0
0x37Df4c8Edd6907D8B5C6E6254433D0729E263093,0.10104737473894247,0
0xDF015650a917f54C3092fd6d22Ae140cB811c047,0.10104737473894247,0
0x7d3516E98eEFC15333185D1AbD61D4bd48F101a3,0.10104737473894247,0
0xe1f9317a73ade28F7857967e9C5461E97dbAB5A2,0.10104737473894247,0
0xADBb235B3a798C85FAa03A2cE20342FDF0aDf600,0.10104737473894247,0
0x716fCDDdA366a9E83720A24eEC8689e1f6795387,0.10104737473894247,0
0x852661397815019a994e6836a0CFd0DA8407947D,0.10104737473894247,0
0x5103C39E6ae6771cC0a0c0b7ce02C9D4228F3745,0.10104737473894247,0
0x7e22825af389BA48ea304685ef503D76E3A0E04E,0.10104737473894247,0
0xeec90830B1760FB0e150356A7D98A8ab4A5Bb3EE,0.10104737473894247,0
0xa82c4B75ad08290307766F70a602164fE06cA96e,0.10104737473894247,0
0x61Af57be04eCf244064931575a74FD0B5cE18246,0.10104737473894247,0
0xF596b52Bd44C4e982ADC06e7e816C6D073D55d8E,0.10104737473894247,0
0x50bBE6037eef744a6c06D3DA0Ddf8661c5368B7a,0.10104737473894247,0
0x1D41519f5D3E96345fc6D0994a0AcaD6b3f1cc55,0.10104737473894247,0
0x09Af1E95826b965084F27f1FdDfc621913CdD47D,0.10104737473894247,0
0x0D3519f3a2670FC9c4F30e4eF914a196219AD110,0.10104737473894247,0
0x9dB99AD21DdC7dB100ac1B33494198cD223C9469,0.10104737473894247,0
0x32c5421288B6eCf242aBa780A2BB7959995885FA,0.10104737473894247,0
0x05590C4e09A3aEcbf06b5947F5E0cCd3aeD13F62,0.10104737473894247,0
0x208f4Cfe34CB224c50da4425Fa09843f1C1D2E49,0.10104737473894247,0
0xCE04b6f2ee7d855297b695080A94439D605b7EE0,0.10104737473894247,0
0xdB9713dFAdf177DA2276FcDfB4630D41579D9E72,0.10104737473894247,0
0x875bcE92070e297042838204f514F035372be011,0.10104737473894247,0
0x7708699001c6A933598C3d705F31a5AF70799E78,0.10104737473894247,0
0xd02CA5a6E4a94Be0244fb2E452F0a82Ec2375bcb,0.10104737473894247,0
0xD92594E50F29E228029Bc461d156Fc4A60E972F0,0.10104737473894247,0
0x6330EBc3b83Ab8b36677428C2ad492d443B86559,0.10104737473894247,0
0xD54700edb57a836Ccc8444D29f5EBAf2001fcA22,0.10104737473894247,0
0xc303253bB11498E67d422C18f779a3a11aad3174,0.10104737473894247,0
0xc7411bF95bb8cEf41Fd7ADe87CF6623681F9BBD1,0.10104737473894247,0
0x09a5c918C080e1Ce913C8E664D1Fa23F179E367E,0.10104737473894247,0
0x6bE409157730862624F5bD4a50fD8399DA5C986a,0.10104737473894247,0
0x7edD5669F2f35E6111E157EBF88fC34E6D472aB3,0.10104737473894247,0
0xe4BB30bef0CCD8FB166Ef3E74De432D888bD0b7C,0.10104737473894247,0
0xF78A310A2481819C8aabCf19ca13308537693560,0.10104737473894247,0
0x28979CEb91189039b79637B18D5ea052A98e3065,0.10104737473894247,0
0x3646DFfa96e0886F32D6b40f2cE23887251B5a16,0.10104737473894247,0
0x76e83D71618509368ec3D34008FCeA83Af037D87,0.10104737473894247,0
0x9c79F6036667313f5A65C31d8863f0624aBB4B4D,0.10104737473894247,0
0x9a5110d02CB882E32CC50e88Be0a2e1c348FC929,0.10104737473894247,0
0x3Ed99e5190a59D4ecEdc38510BE51056765D6199,0.10104737473894247,0
0x12047877D668786659413a49b88b3474a9174688,0.10104737473894247,0
0x4EfF0D1d3f010dBc164be684008045165F713389,0.10104737473894247,0
0xA3386BBF63FD023df4A0B492766a22dEC7AdD4aB,0.10104737473894247,0
0xDEE726aCB92269400bCcA3c2D31fE174E92251Ee,0.10104737473894247,0
0x3fd95ef4ADE1E127156aE0EcF020f8FfCA42a9b8,0.10104737473894247,0
0x03F4A1B11Be0d40c8E8A9647dEc8cF2D88B5B727,0.10104737473894247,0
0x155423cf74EE8393c6dC35C1e4502c76fc723898,0.10104737473894247,0
0xd1976dcF1BF9DbA3749B9Fd022bb084Bbbd233fe,0.10104737473894247,0
0x81b63C7Ae950B8EbAECADd8dc00eD47C979B66E5,0.10104737473894247,0
0x4Cf53201f0d2E6fE5186151bB0BAdca37Df63fEd,0.10104737473894247,0
0x711566702453FeD72B5f5ab4D88fd5C92d38E06a,0.10104737473894247,0
0xF365fCB4c5315D358b36A1D1daC0BCCef71089fC,0.10104737473894247,0
0x733E4822b08E5BE145e5d9D5A4Ec9901aABd9d07,0.10104737473894247,0
0x92642ccC3FCAFeD77728bd7d78494a29202d5dD5,0.10104737473894247,0
0x27e8108DAE943391C8A75e2eAb5CB5171a95bA28,0.10104737473894247,0
0xFb30b105E5012b8de064432CB5F42582E81cC7b4,0.10104737473894247,0
0x50b30CB35a71D9250AF22166b77491B68390B26F,0.10104737473894247,0
0x354Ea9a342c8d741c4e48035B75E5591469Be989,0.10104737473894247,0
0x634AefaAB96238Ed0Df41d252eB5A4e672d28399,0.10104737473894247,0
0x148cA5CA19ff3D372A5cEEbc24c9b2b447010bd7,0.10104737473894247,0
0x7d02f1614347265043E3F481427089AF5202354f,0.10104737473894247,0
0x2161518850828516D9016f3D1875403fd4a3B925,0.10104737473894247,0
0x0940E6082264B584C5DbEdbD07164B45af62b6A5,0.10104737473894247,0
0xe98211822c4935c0c26B0E140E791D1BB21261F4,0.10104737473894247,0
0x8855BC13c07815837269A0c41C4a2E214ca7F762,0.10104737473894247,0
0x39FEd76EE83b10CE0fAfa1Bfcd7b1fA27E88357a,0.10104737473894247,0
0x99BB1c5204076438dD27a4B5C21E2BE288789BDe,0.10104737473894247,0
0x53E92846d9626886394ff18A3E44BE42229De238,0.10104737473894247,0
0xfF0EEeb08a5b8840A5a0C76E24C414C2e5785cE0,0.10104737473894247,0
0x2c83db78EA4439f6b6EC6b859F9952e0E4e5C369,0.10104737473894247,0
0x7aD19e617E1f60413b373E47708D61a8dB5bac3e,0.10104737473894247,0
0xCeF165e2C2f0163bC4149Ac226402A25b395A52A,0.10104737473894247,0
0xD2309fC60752F0bC9B06386C82E5735f301d3B32,0.10104737473894247,0
0xbCe3450be4860DFC257D29E3620419f22A641509,0.10104737473894247,0
0xdd6a7aB350D5C2C10Fd928bED12B446d46C62d56,0.10104737473894247,0
0x6B257e503f01EC38086066DC4f97B162fFFcef9c,0.10104737473894247,0
0x3996E23eDf4977Dc72A06AaEA452f4e14AC0841E,0.10104737473894247,0
0x48F3DcDEEE76F5922c4adD6fcb99CdE2c3dfC8D3,0.10104737473894247,0
0xEd47E5D4BfFc993b5C70Dde4D74e6DEe9D3688Ba,0.10104737473894247,0
0xEcf9b8bc87BcA654D7A853a991E2735367294e38,0.10104737473894247,0
0xaF75AfDC6445DF8C7EB323aF2bfa0986Bb7f6895,0.10104737473894247,0
0xC6217442a4C1A38c41d7997fF3a6e9D7DDfCd891,0.10104737473894247,0
0xBcAE35a5F00a933ee422B0B0b80814F7cD60FEBC,0.10104737473894247,0
0xC86364840EB8EeA2426E6Bfa8cd2AEC906082e72,0.10104737473894247,0
0x074Dc33beb3Cedf6B6E7b701412Ab8D1BF2CBAab,0,0
0x38DE982B34551657373e8c7352F4ab7FE02825b4,0.10104737473894247,0
0x485Be3b597922f61557c9D977431992BDe41DEe5,0.10104737473894247,0
0x5b3F03F27FF2Ec06174f21d519df30B2a73b38a8,0.10104737473894247,0
0x68Ad617EAF30BA43Bc9425c3c78bDcD932f2699a,0.10104737473894247,0
0xFb6EFfd4528d7e03cC5c53880C15A7bb0C24f1f9,0.10104737473894247,0
0x5A8ad070395B31975F7edD564AEed75337e778A4,0.10104737473894247,0
0xF67e63aF69786F7417F85559FAD7bab5452d4c03,0.10104737473894247,0
0xfd89257150316b0e10148F2c30474A791421DA6f,0.10104737473894247,0
0xFE0445eb0AB05FA3608Df91c56D8e80B3f122505,0.10104737473894247,0
0xFA26c83EC7A590B0687270F474243AC317732B7A,0.10104737473894247,0
0xEaB60D98124ADf71356E582b7Ac00d35E09Ad14e,0.10104737473894247,0
0xCeB41Bb2eE6eF3260d4619F858061664d01B0575,0.10104737473894247,0
0x3446f512f9fA821fc865175018a45EF239e007F6,0.10104737473894247,0
0x2824acb3E8e9339983B27B83e3188484Ea1F4f96,0.10104737473894247,0
0xF218200495a65935b8Ee0bdFDB66611a65c4e273,0.10104737473894247,0
0xC938Ba1201075D5ad4B487DDD8297f49cB67341e,0.10104737473894247,0
0x4eAB8aeEC18ec552F0C37aC6D568E8DbBE337b16,0.10104737473894247,0
0x4D373aefB6Df58e33352F7A36eD5453eef960561,0.10104737473894247,0
0x3d23BC4C18CAF965751b1FEd3E1cA8b9c6a3638D,0.10104737473894247,0
0x24d23d72B0d38a46EDCBbCD0C3b8b799b3F24b74,0.10104737473894247,0
0xFb2e4b5CEa3Db6AfF126D406148d9F3A2d9D00a1,0.10104737473894247,0
0x9cB9803d97B18b0027742c24e4e614C657ad8200,0.10104737473894247,0
0xA3570f3d7bb28A827CdEaF64f74fC19c9cDB9d18,0.10104737473894247,0
0x9A669532fb4fc4C72C2EA0D0343eC788e6023202,0.10104737473894247,0
0xe8366A8077206A86a349966C00903BB9e28723F2,0.10104737473894247,0
0xdfA130687464B14cE1F9b15b5DFdf1f239421af9,0.10104737473894247,0
0x5Ac38bE15C3b058Fd498325b498A60314D7b4cF9,0.10104737473894247,0
0x3B994250c0Bb710F9a6285fB05168Fef90ce571f,0.10104737473894247,0
0xBFC8907259FD7d0d5E1d0F357501867ad60A788D,0.10104737473894247,0
0x1B7DfE822b8de74ed99174b020EF9B41c17F046a,0.10104737473894247,0
0xfF738B2dEC1048D755BedB2287F0e2B107EE3d09,0.10104737473894247,0
0xFEba3DfDCb8123EbE7e3FfD45eA8D61d66566221,0.10104737473894247,0
0x16E658f644B90169C8251693661A0eD5026DeBd2,0.10104737473894247,0
0x0084CbB755396Fe94C1EEf913c02f2518FDFe3b6,0.10104737473894247,0
0x2E184ca61C32cB95f1D3b146D8c0C1881B6A0279,0.10104737473894247,0
0xc44B91c5271FF6c2C5C021847DD8F27FB3cA6935,0.10104737473894247,0
0x6457c60145a9695BDc095F7f764cbd6f350E2629,0.10104737473894247,0
0x5DA9c5FdFB16738C3B5E04Ec8E42d4b27bC2296e,0.10104737473894247,0
0xBc3471bF01d320483EAf884616B05ff0deb74986,0.10104737473894247,0
0x5252Ade8683B834Bda7383d89cD5d2F36a725B9D,0.10104737473894247,0
0xfcFD65B932a32D419F5D4670007331A3Df54732E,0.10104737473894247,0
0x8546C71e29635B93BD45f70db5Ac6A3c186D078A,0.10104737473894247,0
0xA2823dFEC53603980FeB3971AfC7C5fBef9F1B80,0.10104737473894247,0
0x92e30B6989EaEDFd53548d36720D6c5C08F4f412,0.10104737473894247,0
0x4A921f1FAAE000CCf686684408bB9220B433EaC4,0.10104737473894247,0
0xe87E4ccd3F1F67c36D7e9982ae6d8f19d4983C03,0.10104737473894247,0
0xa4313352fC2dc0820233D5a737Bf2c4EC5ef3eC0,0.10104737473894247,0
0xd77AEeacDc1b0dbDcd3Ee9D325d2344DacFC3426,0.10104737473894247,0
0xc5bCc3d4F15F1ffC74F14cF9db8Ba5b507Ac5Fa8,0.10104737473894247,0
0x03e629b0276fd3E386f18278A78cA9449e2c9E16,0.10104737473894247,0
0x942EB0f838516a0aA19A3cE04aadF83d59d666d8,0.10104737473894247,0
0xef3E4d9AbA0b10bCDCE9E178850318DF89533482,0.10104737473894247,0
0x23B5f526Ffe0079233A1Def0B53dd928C88143B8,0.10104737473894247,0
0x0008AD3871f11BbB34129B719CE3ce51Ee708015,0.10104737473894247,0
0xb5ff3E6c803183cA99E219f8fc1E3B6e8414EFab,0.10104737473894247,0
0x21CCF01eCC3ED17Bfc7E616192ce3D2b002f26fD,0.10104737473894247,0
0x1dA03b386aB69038a4c3a1664FEa1442D93907Bd,0.10104737473894247,0
0xf56425aD48fA3b1cE9cD6Ef559C39433C544047d,0.10104737473894247,0
0xBEEaf777E9a5330a96ee510014D981B58fe0BAE1,0.10104737473894247,0
0x2242AbF9e91A4eA348F4153Dc1Ce4387337612E5,0.10104737473894247,0
0xE7774657CEffeec58A0DA54630B233a13d77a282,0.10104737473894247,0
0x99990F6FBbD841319984806b35Ce94e37c74EE7d,0.10104737473894247,0
0x3F925c80D073f0D9eb25De265E250096115B724D,0.10104737473894247,0
0x1e80b4a94952685e5B1162B9619FfDF6144B10e7,0.10104737473894247,0
0xC7F2AEB3De4304c9cf9C82203e21138FEC30123a,0.10104737473894247,0
0x93ff04A07123B6ab3c2c731F9A2735e56c0FCC8d,0.10104737473894247,0
0xf3E8C2B29D843132e6b7531077BF56a73fA68057,0.10104737473894247,0
0x1De4F95cDFf9918c87Bd1D176d351f015B69DB18,0.10104737473894247,0
0x1a324798050e2f52a583452D3205d7b29fe9C447,0.10104737473894247,0
0x198a0a2fa5B012e4646E7240dDFb16529967d72b,0.10104737473894247,0
0xCD4b81a3eA48f8A538A6445f20BE441314F0F7f5,0.10104737473894247,0
0x8f56fb45845Ade55A8b26922c75247855F17EaC4,0.10104737473894247,0
0x49fBAe62DD11cc71E0C4cc8e59098185a6E15585,0.10104737473894247,0
0x2AeDb37504f77E189d77bCfFFe3C837379c506f3,0.10104737473894247,0
0x91b6DC9D7183F2d9F2eD015d709406A2Ca6477f8,0.10104737473894247,0
0x253DEF53490c24Ab1334A8bf5b29F282508a79eB,0.10104737473894247,0
0x67fC77Bf804DE0DD9A82334D8915445F8f8b463e,0.10104737473894247,0
0xE6f97C9e127eaC5afa7293D14AB3b3652A1dB608,0.10104737473894247,0
0x34e3dA576Dc90e516579a54d95BBeD1fED9Bb5a9,0.10104737473894247,0
0x64B1506600841BD0E6DaF8CAE639B611d89e0032,0.10104737473894247,0
0x35Ed73F35F231E7C21459486D3298B739ab1a7A7,0.10104737473894247,0
0xe6ba67570C836CFCD71a7Fd22617B04b411c7ECb,0.10104737473894247,0
0x0E2097b1B42B5Ea75798f953c98841d11B19b7c5,0.10104737473894247,0
0xB1EABd5D524262058Cba31B7Fa53A1fC568472B7,0,0
0x84AFdd93466D50f7a0F176b61109c7A3Dece6Ed0,0.10104737473894247,0
0x8079bCD673Bced3798538151E18e972C17472B2f,0.10104737473894247,0
0x4089F71202c198B899D0f75C0aC272dEf561c712,0.10104737473894247,0
0x195b24eEc9F00335c53529bF7cB4e5838026B727,0.10104737473894247,0
0x138170B6e83385593aeea23bc11db834b83A5f40,0.10104737473894247,0
0x37CA1d4F4aB579EFCd6E974A4641E0f11aAe8aa7,0.10104737473894247,0
0x8f526A68dFb0b039aF401a5e3230F7cd0ddf6c93,0.10104737473894247,0
0x1dB0Ea5aC31F36363314ba8fbF7a427260307496,0.10104737473894247,0
0x29355241cDf5d50CB7661Af51f849beAC0CA6C4b,0.10104737473894247,0
0xE745151A1ce6826bf4DB2E33512617d3d7F7ebfB,0.10104737473894247,0
0xD81707ccc9D45ED1d7CE50FA761F505241b2DC55,0.10104737473894247,0
0xFde4016042f13D414879D01590723671d11cFB55,0.10104737473894247,0
0x439a86EDC104E094c14404fFAA9148dc94dc3DD0,0.10104737473894247,0
0xE57b23d347D1Be184721B548053f5236356c951b,0.10104737473894247,0
0xA71BD58b9b316646928D23040Aa1794143596334,0.10104737473894247,0
0xfe4A2Cb80c60A54C0A77153A6c1395Bb1AbE7ba8,0.10104737473894247,0
0x6a803202f8D52Ef20849935cc734216dcF07ed4b,0.10104737473894247,0
0x606Bfc0097d5eb0Ee06DC2B8155b3990cD0BcCAc,0.10104737473894247,0
0x6ab04e895de77Ff27ccc7c9ba938ad1d4Ae0aC31,0.10104737473894247,0
0x882015EA5baDF0A505bfc0Cd339E0779AD3f178A,0.10104737473894247,0
0x8C2A81cd5479A80aA333e56b52c14821240Fa582,0.10104737473894247,0
0xb9D949EdBA2c89654e8449dA646032AC2d3dcB2E,0.10104737473894247,0
0xBA98374A678fDc01576978994a2077C0e311e342,0.10104737473894247,0
0xaD14f714E99e24047FFFD9B41357eF4cb3eEE615,0.10104737473894247,0
0xF774342f909881b06a24398921BFBe023abDea05,0.10104737473894247,0
0x32EA862cDdd874948237933616B77Cfd56E9203c,0.10104737473894247,0
0xacb0EE439444aF8B5aD5e49007e92bee83C75545,0.10104737473894247,0
0x8D8B73c2A494d54BeDB0D2Bd933A7EC167f6b3AC,0.10104737473894247,0
0x8eA02146E099bE45C0c147b32DDA330657919921,0.10104737473894247,0
0xc1E2B90D98294B8FF06789231C6b70c9C8270e68,0.10104737473894247,0
0x5d8C9023b82aE373240194f5377af0128608E85c,0.10104737473894247,0
0x32D0be88f8CB1a0B4CC973326852a459fa6B2648,0.10104737473894247,0
0x616Aec79964e47923496102F3c1DAC2957e86d6f,0.10104737473894247,0
0x2a1EfA0A4A63FbBFEe07dB2406B83107A4D55D1e,0.10104737473894247,0
0x6B86553e9173fdB8B59B57714d397a721a5ae52b,0.10104737473894247,0
0xcE50e1C217CEf15d0b8F65554F15Eb65CE3C6A05,0.10104737473894247,0
0x4f8F3F624711612373B41eCaAC20F8a420972000,0.10104737473894247,0
0x8eA898373c9BD356eD2C2E3567bae36671B5AFe1,0.10104737473894247,0
0x81E0EcbE6498E57C6ed4f4712B1FCECD12F21f53,0.10104737473894247,0
0xCD26e936b931FA121D6595e1B4EB35560F6313f3,0.10104737473894247,0
0x57C2f18f1bd1eE639D160f8C34A43774681A221C,0.10104737473894247,0
0xF6310f92B6aC4a16448687f493ae1762c7603115,0.10104737473894247,0
0x7A7A6A3B541b14d81B46e798cc032a2E440E5a53,0.10104737473894247,0
0x7F310c961b2C695A418DE85Ee5B18DA2D96493Eb,0.10104737473894247,0
0xCe34D874679380C51cA3F2a5B0a1CdBbA87dFBe4,0.10104737473894247,0
0x0aa6103128935e79681B8B0C3B6C75d1e798b089,0.10104737473894247,0
0x22a842C0E1a272F4Dd5E0c20D42DF22364fdf03A,0.10104737473894247,0
0x18a8434cdD1571685c8743Bd1E293B407301534f,0.10104737473894247,0
0xB928a3C73e6161fb63d4aFC66c8851Aa57A94e1A,0.10104737473894247,0
0x1d08E9241f35B5F92B0A0a50C53FF02646125110,0.10104737473894247,0
0x2ff936453b9e6349Eb8847004aFb38933Da09287,0.10104737473894247,0
0xA43E64509d256A23de3F6448921808540cB056B2,0.10104737473894247,0
0x85d41522e08ADa072a5b5FF205Bb8baEc8259A98,0.10104737473894247,0
0xa9Bad7E2d843976DdbDae13E670431143edd9270,0.10104737473894247,0
0x8fA81fc49dA990820bbBf50e756B46086587841D,0.10104737473894247,0
0xca6f009b61244C17c9cc7E1E3127E29A0bb57E44,0.10104737473894247,0
0x56bFB762D638739FF092E66ac527Fa14A57a0435,0.10104737473894247,0
0xe1B232Cd8054769Dae4641F3d7015fb24b5A72c0,0.10104737473894247,0
0x1AFc61089C2DA6a37b8C2f45Dc2628283a58901C,0.10104737473894247,0
0xC077459D40591D427858B8388d6Ec27110298668,0.10104737473894247,0
0xb70a63a0F7cBccE8E464FFC6245CcD80236855Ef,0.10104737473894247,0
0x396730b96C01ceD851F88529e161E75993a8b5e8,0.10104737473894247,0
0x279cFf4680255202ef642ac0FE29AFaF8A5c939E,0.10104737473894247,0
0x000090d9B68FFB22D7314C66Cba25FaFD0d31F3e,0.10104737473894247,0
0x5Ea4533B5456C55953EAAbC03dFAAfd5284aF71C,0.10104737473894247,0
0xEc7bAE1af6f7FEe1c3581B35Be69F17AC9A1B409,0.10104737473894247,0
0x8CD25D80895399954193491AA22AcDB89CFF22cC,0.10104737473894247,0
0x8E7BE080Bcae21e12E380450A0D5d8E1794eCdB3,0.10104737473894247,0
0x261d898429D3aBB85445EEeb92a6269FA322dc98,0.10104737473894247,0
0x9179ED8557e40e23dE7C9A9AaCCA8943Cdd0153b,0.10104737473894247,0
0x021ff50464CC8D5dF1a51286cB63CB86536113D8,0.10104737473894247,0
0xdF159D02766E291E5fC486cb71fbc56b13C02A2d,0.10104737473894247,0
0x2ce819F4814341Bec15b34E3eB0025F3345e1740,0.10104737473894247,0
0xde8bffb87fd7085474ffedc4C932a4271fd6078e,0.10104737473894247,0
0x23930f4a70A2ca2d9CAA7Eb7b284EE1591698638,0.10104737473894247,0
0x52935130A18D9AA9f0aF16E4379d1BaccfA10663,0.10104737473894247,0
0xeBFFEf4e46e9663F45FD203C93CEa689baD4f974,0,0
0xEe96A55f2569E3Cd342b488d96be0a8978d58464,0.10104737473894247,0
0x078863ee61006b8eFED5c17417cb9C7C55aa66Af,0.10104737473894247,0
0x6bEbCD7D3195774fb5aaa576292D0e09C791F7FA,0.10104737473894247,0
0x9Df09461AFd076F94De80e35B54F94f94C1ba69a,0.10104737473894247,0
0x411C17B778039a7fC5305DEcEe88ed106581C6Fa,0.10104737473894247,0
0x7f682CC58F4A8f6686C298eDdDf13512ebC6d734,0.10104737473894247,0
0x43a86580f3527EAd34A113AF693adf4C18CA64F1,0.10104737473894247,0
0xC42E3433e610C95bf66c83ccc65FdB98248C4E32,0.10104737473894247,0
0xA44a0CB67FD07a481E8F8B85270014eAc63D47e5,0.10104737473894247,0
0x0938d4DA99b4291de56bDc5F34168BA62F07088b,0.10104737473894247,0
0x85c7147FDce4560b4cFF7e2ecf106864CAa096B3,0.10104737473894247,0
0x34534DaDf483CCBC3D9D99d2c7600248dc8bF6b4,0.10104737473894247,0
0x89A0416c33e03Ae8AF0Dd9eA6af98F97bD6cCeEA,0.10104737473894247,0
0xDF27a2f0339FA24879Fb714D2950C7d0180C2043,0.10104737473894247,0
0xF8603F68797baF1730cf20e5CF42C98c718e3519,0.10104737473894247,0
0x4FB28D78FE6c4000e1A08019CeA4E1142bFc5d61,0.10104737473894247,0
0xd67B5B2109Adf19792e45E46aF614efCB57DC593,0.10104737473894247,0
0x3B5ceA4100Fc3C00d17Ffa96830A1F65aDfF6e49,0.10104737473894247,0
0xd707fF56360cDD3723eaaC5754106389182758b2,0.10104737473894247,0
0x8Fd89DeF8e9eefcF173Bc2cb331872DFEe0Cff41,0.10104737473894247,0
0xc1b2E8d0471401499A7E0a7d522FE5d45B9f078C,0.10104737473894247,0
0xf77506DAc023A7483B8ec308b387aBb161Ac4fa0,0.10104737473894247,0
0x2D48c5fAec84Cd5ecf1B7714344fF450E35cE131,0.10104737473894247,0
0x60cB7B1Ced285aa8eEf24f9609b345C5cAD3CD70,0.10104737473894247,0
0x23fBF2A7E762ED4606fccBeB6C9c939DD14dc281,0.10104737473894247,0
0x66E8164CcD7CB81F574ED45332619968b6C719c7,0.10104737473894247,0
0xb7cc24f9ABA08c00bd620Af3D7f9496F2ddCB8Bc,0.10104737473894247,0
0x68b68e277Dba064262D6A8896F543a054cc46bf2,0.10104737473894247,0
0xEbD93584d582f1eb20b0c58d3AA6620a34B40cEc,0.10104737473894247,0
0x566fb8DfcC01482b5e991253f3dF0DF8e88b8e1C,0.10104737473894247,0
0x32F1FBd03be1159f0F191666536c0f2a8ca99A60,0.10104737473894247,0
0xA5Bba681dA1305dc6Be593BD708f437Ef56b04cB,0.10104737473894247,0
0x85B79b824881aB13Ec7Ac10ad1Aff26430E978A5,0.10104737473894247,0
0xed6008422F59E28413E0c71E5FE7db9352D1500C,0.10104737473894247,0
0x6bD44755EA3bb6a037A6d88f329FfcAdF36e9522,0.10104737473894247,0
0xCcD5E90f01C25Befb42a27dD62B6e1564DC7EDd5,0.10104737473894247,0
0x3010289FbdE3AaC87eB24779Ac3CD69cb2c226DC,0.10104737473894247,0
0x5B0A243254857FC5dB7224D2f7ce6F89Eb80E457,0.10104737473894247,0
0xBDFc6e2fcF8C4833544Cf3898c9172f2B42F020B,0.10104737473894247,0
0xffA067bF4BB27486abE23dF696556dC58ad08276,0.10104737473894247,0
0x156f97178eb068BaAbc1c9cDC6FC603488fEFd10,0.10104737473894247,0
0xAB375aC415BF4dD2e4D802b53C0e0CA74a242D70,0.10104737473894247,0
0xcD0c40F6358a12e80B00B7d82EE10A0332ff2678,0.10104737473894247,0
0xdBd122506aA834C048cbB215Fa8C45F97f83B324,0.10104737473894247,0
0xf865b149D67f046D770374f80620E2A77C60BE97,0.10104737473894247,0
0x8e340100f2A5726B031D9d232297C62eEAe10375,0.10104737473894247,0
0x5269FFb0b36ebe8707cFFc00CF9d670C3A3b9BF4,0.10104737473894247,0
0x61e305B027482358eCda2e7A56a150E0593e5cdA,0.10104737473894247,0
0x9806cD922791E58c53B3dc41cC46e3476985128E,0.10104737473894247,0
0x4b7DC76e065F73dB260c963ee54d3aaB5467eF67,0.10104737473894247,0
0xb38bf7b2EA253908CC3bBCe37655A61c652151BD,0.10104737473894247,0
0x7B24314e00C9CB15E0B67969c3cF5ab8329A8599,0.10104737473894247,0
0xCEdac5883B21218448544F1a7d8F117E745349Fc,0.10104737473894247,0
0x34cD1c5e9Bb951C80C8F2190ABD8F0A47DCFaEa6,0.10104737473894247,0
0xbDb308D3875379f7A96fB796d9D66cA957453327,0.10104737473894247,0
0xa15930A7AFEa80428A47Cec8Ee865DD70a1Ce60D,0.10104737473894247,0
0x1e3E07aaa254cB8F5626d5386F968224fB25437E,0.10104737473894247,0
0x8A89e24FC8ea13C7fe8e8F270Dea7686F468c8dd,0.10104737473894247,0
0x5Cd2dD9a5dF7152d9074c820dD7070316E21F346,0.10104737473894247,0
0x06919306aFf47A15e7717Df76aAB6f69a4cddFD6,0.10104737473894247,0
0x18205f90dDfE0e07e509Dad7528Bd352d2bcebB1,0.10104737473894247,0
0xa278eEF92Ea166a6a86468cb874f510Cf3957eF7,0.10104737473894247,0
0x6f08be2c6f1199b4896e32Aa571974b56d1f948f,0.10104737473894247,0
0x4A5d8D034E648699F75cC67092Ebef2F803Cb338,0.10104737473894247,0
0x25Cb0D323c79FcC5A3b82E91eE8510272452d716,0.10104737473894247,0
0xC219938672D05B914793E7bAc3Ed1BD740259339,0.10104737473894247,0
0x1504f079EC57Bb2b34e95a3D9Cde0B800F71f897,0.10104737473894247,0
0x41E7BCecEC1534d20cE65F5F726d7F04Aa4606dD,0.10104737473894247,0
0xe64117112B2613cB6A98bac25b9cdEc32b6bcbdE,0.10104737473894247,0
0x7B86C61e7794A17Fa5981A48471474B65eFCBB54,0.10104737473894247,0
0xF8E7dA5f81E4854B305F446E053F177581a52008,0.10104737473894247,0
0x1ba88C492C01b9404454ab895eedb17186fA0550,0.10104737473894247,0
0x448853e820dD0D01004Aa72C89eD6Fc2389186D2,0.10104737473894247,0
0x9b00b2Da80cC42a3C5D7f28ff5A97EC18e6436bd,0.10104737473894247,0
0xA95766ce10E6FBa2b441A244E6Be2688C288EDb6,0.10104737473894247,0
0x030626988A69918DC3762C0ebf59bB59785Df549,0.10104737473894247,0
0xB46bfF1D062b95D04B69273b0BA6A72724428227,0.10104737473894247,0
0xcBf6ac85fFe62F074d64439EAeA3CbdDE719B609,0.10104737473894247,0
0x367bB19D947Be04AE4356a57972B14a63832cE41,0.10104737473894247,0
0xC3437DF6BBe290E396622C0899a95662df39f238,0.10104737473894247,0
0xc64eb0b2f295D841dA02183eB07b8860578CB6c7,0.10104737473894247,0
0x42bb88eA43c628b9ed8fcB55A0419d12FC48C2B0,0.10104737473894247,0
0x5d73F282b4E8EDD0afD90D30dEc3F1ad424b2597,0.10104737473894247,0
0x130B92914a1f470Ab27Ba00957aEa9b9Bc98A70f,0.10104737473894247,0
0x67c712D304670cB86364162216F35D05Aa3d568D,0.10104737473894247,0
0xE273567De3D79BCE76CDC8523e0Ff91B025EDE5D,0.10104737473894247,0
0xf4CFC587c0C5cE9016C7b94FD1A8931DeE7EA2cD,0.10104737473894247,0
0xd6a537062DD74820a2910445215077A14cdbCE5A,0.10104737473894247,0
0x5d8a1537F17e43272d8dD313634bfb4B9059a7aa,0.10104737473894247,0
0x4F25aC09a6F7B777c4bC88FBBc6d7621Ea0b9952,0.10104737473894247,0
0xf2F087F6E370adf8b9481C25D076C1196A3C8aFD,0.10104737473894247,0
0xBE5692BAce0348e8E11D6CE8F8Ec718F1F7D5A0F,0.10104737473894247,0
0x0Cd7CD2b86eFdf6E359499D1eAF10B4f272026D6,0.10104737473894247,0
0x24A35a5cDc0D00e2fBb3FCB8A47780f45F38Ca44,0.10104737473894247,0
0xB661eCE53C5B48070a9885B3504af09449D91bb5,0.10104737473894247,0
0x3D11dCA238Ac35527765992166aAb41Fa99422a6,0.10104737473894247,0
0x097Dd15863D15e8C7add7c19d359A2713C253097,0.10104737473894247,0
0xFEb40F4eb6CD039A514197aC333691509F7B6663,0.10104737473894247,0
0xb92583237176E10be2c0B759E6C9C1e44FB2d881,0.10104737473894247,0
0xB7042B7f8f99e4F8C4e441513885ca6d0Fe17309,0.10104737473894247,0
0xE1bdD85ebb5ba530Df954708e9B0bE89df447232,0.10104737473894247,0
0x1eB28536754A7B89cCa840D7eb89CFC36326D95E,0.10104737473894247,0
0x3Aa5baF4B0517959A06878682069CBAd24dbBc2d,0.10104737473894247,0
0x97887eb5d75e2aBA840247eC50E1D30DdDb5278A,0.10104737473894247,0
0x0a36217216B0B183D5ABf6c4cc3f348e7F59A3Dc,0.10104737473894247,0
0xd4D274DC31D15AE7c49c495125F86E3B54D8e252,0.10104737473894247,0
0x4af7fc5FeAE275250B6084FDf0179171E2B97c08,0.10104737473894247,0
0x4d4E150D6da343833907b481fF6AC910D0e15EcB,0.10104737473894247,0
0x35Fc41C4d91a11C00B2646EE93783aaCcc558f78,0.10104737473894247,0
0xeD2a05388C08d96FcC9ac1e10c4DEdc5415efc1c,0.10104737473894247,0
0x86D789c05B879585b4F578b408c70b7D06Cc58c7,0.10104737473894247,0
0xaa7dD7C6b6F024177300A40110Fb4755E18F3aF0,0.10104737473894247,0
0x89a053f20d71790cb5025840903804f00CB52416,0.10104737473894247,0
0xC60a9aF8E5180ef550e44112d234DEfD7B1d5b09,0.10104737473894247,0
0xCAeb672F845054045Fe37a24059B663108000d96,0.10104737473894247,0
0xb7409e9B878a1C88c3F4919B4B47400D6d132aAe,0.10104737473894247,0
0xFCFeBa4F2F27214CC2D186DF6eeA9F63750Bc6F2,0.10104737473894247,0
0x00000bBD0eEaB62f93B558B8151838ccc16493CC,0.10104737473894247,0
0x2ffd580Cc758F9D876C196a080bC0FaB87D74165,0.10104737473894247,0
0x2b007bE6118016c449AFcbE555ae41f867c7D84d,0.10104737473894247,0
0xf303656657eB9E933454b158525C78addE2Cd8Ce,0.10104737473894247,0
0x6164A59db330C2089676Cd2a0c08D1Ed3F2EFD19,0.10104737473894247,0
0xCC02c648cEB9e2b7ebCDf935c655768B15d6e69B,0.10104737473894247,0
0x8FF7d4B34bc152Cd69d96e15f6461e9b4d35E97c,0.10104737473894247,0
0x03aEA2bF9e4Fe7f6C3fE1E31C0F33520E417F2d8,0.10104737473894247,0
0xbf21876F96883784DA814675a7b69a0B3ed7114d,0.10104737473894247,0
0x21393036679F358c0Cf7b44f1A5a116e7948B825,0.10104737473894247,0
0xa364f33CAa87668D668dfd74B47e2E734E7fCc26,0.10104737473894247,0
0x6E05BD27196145ee9e6bAe77CB616DD343090E36,0.10104737473894247,0
0xfeFba72f4C060938f3C936A67cFe81D53AFC0741,0.10104737473894247,0
0xCb9EA8a07F3Fd2887B3D4e1C383636588cc308f0,0.10104737473894247,0
0x66B0Be2D71B7Aaf40764AF1AD6b915b4BD0c8430,0.10104737473894247,0
0xCDaD8D4AA7412Aa916005d6C8BD8e9dA99285dB3,0.10104737473894247,0
0x76f7DAC7269fe50ed3c1ca9234eBc9a615a1d4F9,0.10104737473894247,0
0x00000000CCD193975907ddb660b4692Bb4257f9f,0.10104737473894247,0
0x9fC258fa3e310eCA818A3065884DcF2E76275c71,0.10104737473894247,0
0x058E6fab69efB2684184410D1Da1B06Cd591AD89,0.10104737473894247,0
0x8433E72654A8dE0c728A461f16334d152Ef97358,0.10104737473894247,0
0xFbF48D5cafA0e951b5bbd2C40af0F4c870F0c7f3,0.10104737473894247,0
0xB64671f5510F808B5a395BAbF6877932678AA7dA,0.10104737473894247,0
0x07390CfEDA33bE23cC0a0715aE2402bAd75d5d5C,0.10104737473894247,0
0xDF0E8A58E7d89F22B46f3D5f0f33Fe692FB42228,0.10104737473894247,0
0xD26f12753603D78D0c16ee3e30887Bc5E622fb9e,0.10104737473894247,0
0x88C0cf00A3F67895471D8d63012A4dB4b6938593,0.10104737473894247,0
0xd85E3d5d9eAd64f81272D2968c4D389C94FbF6fe,0.10104737473894247,0
0x93Aa18a216AfeD529734F46F3c83c33DA8b92C49,0.10104737473894247,0
0xE70AFAb0709e1F150bF52C20f0De55dcDd74F82a,0.10104737473894247,0
0x4c1c824fFa7086BE3E7EF95521F6171A8c0E3077,0.10104737473894247,0
0x6227DaC90018E78590c0a017aE89A6fb721e99Df,0.10104737473894247,0
0xC719f3Eb43A6cDf739502E2529492aAe3626975B,0.10104737473894247,0
0xc1A7C964AC6b157160D245E64Cd05A43E1cdd78E,0.10104737473894247,0
0xA01bb8d19537c3EFa29EEae2024dc6590fc01e99,0.10104737473894247,0
0x798793f71D3f940613C2fea9f58f2D4dE54143D0,0.10104737473894247,0
0xA9C486b9d891B0DA55Cdc999AcD453Aa02D2fa5F,0.10104737473894247,0
0xD600D0125a9F05EABE0b92e5B29608848025A211,0.10104737473894247,0
0x906b00A39C69f285bB04211FC7effa67d7b1Baa4,0.10104737473894247,0
0x96e5C72A6b258740baE59E39948CA3f7A336F513,0.10104737473894247,0
0x9404A5558B10b9c91FD164E33Fe9e7cBfAC0b23e,0.10104737473894247,0
0xCe263aF101340f0ec774fCdaE5a21E42fac0310a,0.10104737473894247,0
0x21B7B3cf1a1d1cB0B84849aabFc87736cCFAE6a5,0.10104737473894247,0
0x3790D325afA069FB4fd535d919e752Fdb7D909DF,0.10104737473894247,0
0xdbDEA0832c084AB4daB9691E8B059fD555B46850,0.10104737473894247,0
0x0124875754e324f15e15dA8ae75b637ccFF461a0,0.10104737473894247,0
0xBdA08Bd2Afd9D801490AD887B0d3A7171c2E124c,0.10104737473894247,0
0x74142E982b4817074e1aeF3770f764Ae0CA398Ea,0.10104737473894247,0
0x32450692C5702Df394640619624c4376Da292a72,0.10104737473894247,0
0x444F8D237F325419CedE66521bc13B273Fa9C0d2,0.10104737473894247,0
0x84861f1823582506B8CE13f8fcBb5ea6861dd4d5,0.10104737473894247,0
0xfC49703382c1B6a1989571F9CA7E087da71422c6,0.10104737473894247,0
0x6fB6579e4a3Dd050ad1D346a0766D75c8E6B4957,0.10104737473894247,0
0xbDa87298Bb603F7D11060b95Fc8DE5Ac410a124f,0.10104737473894247,0
0x2031f0647216D3E39fc56522F8e7D5EB773275Df,0.10104737473894247,0
0xa645daC4BE5096F5170419E2963a4E0FB69c37D5,0.10104737473894247,0
0xE9857516Ebbb317Fdcf683aA3BC527a97320caaa,0.10104737473894247,0
0x610B114eAdA564CcFBD393978ff6F0BE7623dC32,0.10104737473894247,0
0xd9F0772062beA8A0e9fc53cb0A4a82b6ef5c9c0d,204.1053501741437,0
0xD0cE6b4DaBc8DEceC6810f262e3F0064Daa6d6aC,0,0
0xBFC05509472F6700F3ab0be1Bc121910BA52cC62,0,0
0x25a2157e7a3Ed08de2965f87201ee38BC5195BDc,0,0
0x65bd0689eE718F96348D0169032ff9B6eA48F226,0,0
0x891bA52CBaca8C5A55d535aFA770BDF09d0EF8fe,0,0
0x4b45a236061608D5382a1FbF669E682c8A76C2a8,0,0
0xA2f0692692E8Ea07D2689640e75ee9a6507869E8,0,0
0x9B7D7ac56C11370cdcB461A57de02bD3c5FE623d,0,0
0x5f95B477738e37cd8010a0f330813eeF300eF960,0,0
0xA1A9Ff4D79ecEE91900AB4A85784794d19802960,0,0
0x60895B93225c41f168Ea8b28803a4e3f27f44f5F,0,0
0x01b226C44e4D75185DaE29dAaD6EDe0FEE957A5e,15148.39528545329,0
0x67775A30aE470E2cb0854395F1f69401ac4c04c1,0,0
0x5Aac27A4262B6426152A08722D4eeF2a3a738341,0,7.0277e-14
0xD1336e491A1C5B196Ed91D1Fe4bccF372DaD03F5,0,0
0x46Fe067d40912d4c23637b71c786b4714d5B84f8,0.061327649681023805,0
0xD36F8b01A4204f40aA92f7e83f92e7dA96b5EeCf,0.000469362860810469,0
0x650f3D79B086DB44472cee9a6de67BF22a00a97e,125.06342321158156,0
0x2F60d1bC9a80e901B9Bd20B433f8a941f3b695F8,0,0
0x89A890eCdc702a8EaBB7FaFa87e0D3513862945B,190.5131651842364,0
0x8D17019FE8d804f7bdD19A14DB28C5ef96665458,0,0
0x27aa58AB82162c9218acC0dda62Fdc9A3Bf15a2C,403.32702779234774,0
0x289F209EBebAbc161212126D75Ed43eD6848088f,106.29384269545666,0
0x98F660B49F5bCf21a7FE263e9CC3Da55F48b828c,0,0
0xE8F899333420b3c268e86dd1AD37d07E9E8bad54,0.019313342192855774,0
0xb8aEaaD846754418b01502f5B2360F4284213150,0,0
0x34d8b8B88887F88cCc01262080A588660265BB40,0,0
0xe11103B81E489Cd61048646fe35D95Db8CE35AeC,0,0
0x93e45360F7e5B0B85d8e65DAE9FA1a6f2aF56819,0,96.48943607310983
0xd8E30545021da93A4dE7096C21F3a8CDf7e82d4C,0,49.09126468054993
0x329C787B163a730BD7900DF2BEb3Ff4fe4670375,0,0
0xC2D815c6a024f917a36cC798d3C996468b214087,0,98.19559040770247
0x7499785aA5D1bdF0A0ac862c1ef3698d3cbA6568,0,0
0x73d3De4d298e55Fd17991905155ca6153B90DA97,0,0
0x67216aF24DDF6E3d80Eb0eb874c3375D832B45D3,0,0
0x31FC620763A089D515C4C487cE0882D75E1CE20c,0,0.29601123529615925
0x280Bf15cAf1c94ac6a7f1EDF6020014548907cBF,0,122.82400280882403
0xb89Be6fD417F95252A73eEa86A7a5B64E7a9A931,0,0.5552134823553911
0xD15fc5bD9915bbABbeDFaCb3E0C9dA68c1D9a203,0,0.8144157294146229
0xf2804bA1c69f2Bd86D7bB434607959D68Fbb80AE,0,0.07361797647385478
0x68Af6842484864c9D10b41CEb8eb51d22a79F879,0,0.33282022353308666
0x965e13eAfB8E210b12f5f93c0c5a0a917cE4d843,0,0
0xbf579d09F77B39cb65c82FDBfd099240C6c5c51a,0,0.39475426361312066
0x74A22b567a895Fab90af2aE196CB9f737eA96cc0,0,0
0x31041526c386bfd0977200eC7289aC011A2D740F,0,34.388864300432516
0x2ec7e3bb3A14fb4a3320232150a3AE32E51EDa03,0,0.30155920049430607
0xd4784DD4b2795D2F6431862506451e76D5100ae4,0,0
0x405fe8F6AD069bdeb1abd803f8396d0fAE7fdBC5,0,0
0xc4BA3d877Fb2df2F4981938c5d4191d08E011F5b,0,0
0x14F71423BED757C0B7Ad4c19825eA772Fd624FCA,0,0.30155920049430607
0x4815D9A1B159b684322A0d236CFB9a6620CcAE2D,0,0.30155920049430607
0x2F5e807Efea2bf956f35751F51C52c9cd9782243,0,0.30155920049430607
0xAD69D49D13BED63774661fb40A689cef0E292d9C,0,0.30155920049430607
0x5368BBB124c6e9859E364bC43482a47d4Be597fa,0,0.30155920049430607
0x74a0D21811ee0E078965Ca20A8d5FF67D76a85cb,0,0.30155920049430607
0x5B24c2da6Fe2f43350A6A5aa53006Dc2b84AD2B5,0,0.30155920049430607
0xBEC735097689118ec2fda1D230f3A1b7DF9258E2,0,0.30155920049430607
0xf339F100FD28c50F9a253C277762a3ef46C7BFFe,0,289.3015592004943
0x51F490ACC0E3C071A5d49A54aE1e700AA77DeC8d,0,289.3015592004943
0x3B19D6A816c214bf66aA3993b84705690d03269f,0,289.3015592004943
0x48Ecf8842A648d082476ef8fd30C5f64cc8Fd655,0,289.3015592004943
0x6837aED8597cd2142D447b2baDFf03410678fD69,0,289.3015592004943
0x2c26E62F880d9Ab7557b289E36e6Fabc4C818F62,0,289.3015592004943
0x1ef67914119bE30B2C402E09C21469bC69Cb9F08,0,289.3015592004943
0x4B1cEa5Edc1Ebc0e6B36ab8E0AF5C56E5dA840A7,0,289.3015592004943
0xaEE9A9d659D8ed6C21F9DdB95a35b8107af36A2B,0,289.3015592004943
0x89D9385bBF63Bd50B4BdE8cf12a4F24Dd46aA260,0,289.3015592004943
0x0D7E8c9d5190A1F9C55C6144ee616006d16e0465,0,39.3015592004943
0x5413893d4A2e114F7A6e93318D9d6E385dfC842c,0,1e-16
0xe8A59F19DF760D0CE9C38C4CA03E75661BF95C3c,0,0
0x5dB4CEA1CC0925AE3D5C4883556aB15d54BAf140,0,45.634745003089414
0x99DCD560C4b3f9aD70cB9172AaF8f04Bb1799DFD,0,0
0xdbdcccC6Cb79EA620839482759A83c8C10D332A2,0,30.40539081289787
0x7CB569Fd03dEd8c0e19813fe2656164594f4629C,0,0
0xa3722486e5b11acc75e77C8FB33b7c19f74C9aE3,0,35.80935520296584
0x517450F5dAb9B40215958d168bC1463BC470C6DE,0,35.80935520296584
0xB425c14b0eB95f9Fe70508f36da3729453910AF6,6713.961016159747,0
0xbe54D4A64feCae326Bd1498aC1F333Ba8503B6Eb,0,0
0x8DcC38F30cF8f10d088D8fF109e50eDcF8c557ED,0,0
0xf6A7935D922fB19D125d79f037C3A95925A7D1E6,0,196.41759892575413
0x3b22aCF947C12373655eC14c3419c3fA673FE8cF,1.0014108616922988,0
0xA0c15b4740a84159fA48278dE64f24D2f3cFf5F3,0.002746640184285945,1e-16
0xA4e3b15c99DdDFd8A5881c11A3eB1B0a177E9906,0.002746640184285945,1e-16
0x1dcf95254d74e6dce98A76c218B018EfC98fdDe7,0.002746640184285945,1e-16
0x399965e7aE26e31195D526c95a90188F52a5681A,0.002746640184285945,1e-16
0x038819024FeeC83CEC0CC8f768925c770285867A,0.002746640184285945,1e-16
0x1cfE1870D6c31507E8A547DC724094853ee8c7b7,0.002746640184285945,1e-16
0xaceeB15ca961D114651A9d4D2d24b19faD97922f,0.002746640184285945,1e-16
0x62512AcF08626196Faf5E05AdEa42840b905F0e7,0.002746640184285945,1e-16
0x6287d99f6b0B44e7fc5dEEa912Ec9026aBB03fd8,0.002746640184285945,1e-16
0xf47fEE7e61fe5DcEbe97f1daF489231B8E2F23b4,0.002746640184285945,1e-16
0x2993c83BD6816740a25Fa0c74a96bEDf21FCf90b,0,0
0xa36Be59826531A0BfF102113f867cd2F806bE558,0,0
0xacd3deEecABdd660a1a279358c07133551dEBDA9,0,32.417824796758154
0x5A6377ad7f7A04ff9AD0A2512552772E0a7F5257,1.00135336e-10,1e-16
0x95479D5C121c3837d2C92aA4ca2b68078D5c59fa,1.00135336e-10,1e-16
0x060224e77508FEDA3d6C3665749F9d6f6061A6a0,1.00135336e-10,1e-16
0x427817370b31f1A17715be115cf0C0eF896F021D,1.00135336e-10,1e-16
0xe95758FF00f30e5e43453BbBECe2B0dBA001ba33,1.00135336e-10,1e-16
0xc5A67C6fD15c0a237E2aBE2701ca03B154009f55,1.00135336e-10,1e-16
0xB56b5D99cC7C67D0bEdb417Ef8FDa901aD8738b2,1.00135336e-10,1e-16
0x31bA1cA3B8D785C40d8d1c705a1ae476ea887E64,1.00135336e-10,1e-16
0x7c03183a399F8f4cA2d0C42B9c8713E345b64416,1.00135336e-10,1e-16
0x8B7caA2D4811f7C795eBA13D71b3172D71Ae68B1,1.00135336e-10,1e-16
0x250af4Fe39367c92068909d733132f7B03bCbfcF,1.00135336e-10,1e-16
0xe0bBe7f35A10651E57B7D3E8F8c38E642c48E7a4,1.00135336e-10,1e-16
0x9F706D5Ca5a98499090eC332C11A166d53d4c97c,1.00135336e-10,1e-16
0x80d5d1D653A52468dcc04EFb9de2dEb1fF79C618,1.00135336e-10,1e-16
0xD637e02e8aB56b3bE065C341f44b2EF4d06B16b8,1.00135336e-10,1e-16
0x99cd688e7189A9490cd3c9e130ceC9C26E753eC8,1.00135336e-10,1e-16
0xc1a6a9005C5FbD2B179ab49eEee418d76Fb5486c,1.00135336e-10,1e-16
0x7d84D25F8c2654522a803c8A7Bc80be2BEeCE640,1.00135336e-10,1e-16
0x2F946f28d937D1199d03e004A664F03fe6fd6f3d,1.00135336e-10,1e-16
0x886068D3C973d1C93436b22D07C9961979A11AD2,1.00135336e-10,1e-16
0xd8455d04a8e2d7b8511bB11Da107B51c0fe46762,1.00135336e-10,1e-16
0x8e8afBa3ab5AA34264D3569a3555d23272159469,1.00135336e-10,1e-16
0x1CB4a3f7bAF971fBC50CEEEBb55Cd1BDCEde08c5,1.00135336e-10,1e-16
0x7bE431bB0ab2aCE4d19731D8d0325Ca030F72537,1.00135336e-10,1e-16
0x31614f1dBd4263a84C9E4C61b54617d0514C02Fd,1.00135336e-10,1e-16
0x637F969F14c9D4cC9F6Ec700A2B256b2016bf38f,1.00135336e-10,1e-16
0x0C216E65d7c058dE0C3d013363766162e4CfcAfb,1.00135336e-10,1e-16
0x8F6066f79B15827E4B751d280A25De3bF205E339,1.00135336e-10,1e-16
0xDc5ca73463ab09d7b107fC46D5AC04eF16F4e8f3,1.00135336e-10,1e-16
0x926fbE5B5265DD3ca1aFb3e20acA258FC8CDF888,1.00135336e-10,1e-16
0x10E49326a2c37d799542c84a284DD128c5f1f158,1.00135336e-10,1e-16
0xde581A701c2d53Dc3BA193Bf9668070e599f8325,1.00135336e-10,1e-16
0xfA2BF7b5716b15c108EeB1c271Eb28676bAC108B,1.00135336e-10,1e-16
0xC3ed955B9AeEC1Ac48024f6b50DDCa2BCCC568C0,1.00135336e-10,1e-16
0x45341e53d24dd09f40B933738856E4cBa082D726,1.00135336e-10,1e-16
0x300AC4C2eFD2C6C0937abee5EdCe4dE12684fDEC,1.00135336e-10,1e-16
0x7D09b8168bBA6bd09402a397A205cFbf7e2c2e1c,1.00135336e-10,1e-16
0xEC35f9026a28DbcC9e45D43100687aDFC7986Aa6,1.00135336e-10,1e-16
0x95a564AeB96483492ee826a610634Bb858d8Be9d,1.00135336e-10,1e-16
0x4838CC3C3D8FAC249C16eA4A54D0f9a874DeDBb3,1.00135336e-10,1e-16
0x7C0616066AA1A75F3025948fc60aD532A146eC16,1.00135336e-10,1e-16
0x4Ca364B2ddF6ABEF68B5e156420aB5862E821d48,1.00135336e-10,1e-16
0x4c2c6B74CE05Ce3425534835d247A8ED5529b469,1.00135336e-10,1e-16
0xebb8a321d59b80c23027bF4B07E29752761c26A4,1.00135336e-10,1e-16
0x347514C864c5B885D81eDA33A7973a1075753c55,1.00135336e-10,1e-16
0xD7cAd3A80583c935BC543B12f83092EB0Be564B6,1.00135336e-10,1e-16
0x7b902b328329A1aF3dD15cD9ed33eFAa7d4F2Acc,1.00135336e-10,1e-16
0x1BCFF7c5b7de29A9734E712A9F7970e605372630,1.00135336e-10,1e-16
0xaafF64ef8dEB01Fd5b0Ca68d77C995e9A04fDb6E,1.00135336e-10,1e-16
0x85BdD4995Fc2ed4376b1779d3E6f27f149A87AdD,1.00135336e-10,1e-16
0xFCdE1630D49648744D4537Ab2a3600A3ad9e27eE,1.00135336e-10,1e-16
0xEa95b91eE99Be6d70Fd1b8e5988bD0f4BBc8f5Df,1.00135336e-10,1e-16
0xc4Ff2B86A7b5C39D722221aD861A92758d1F1ACd,1.00135336e-10,1e-16
0x2dE7CF3713D7cB569Ff2cda34F354E116fBE1035,1.00135336e-10,1e-16
0x26734a40e23F4eF1B691FD0291298949Ce86f645,1.00135336e-10,1e-16
0x343226D96E746CF0e22AB08dd7D01f11CacC8EC1,1.00135336e-10,1e-16
0x14a37Bc0cF5106e4Df1d70A7dc0F74bA8c961F8b,1.00135336e-10,1e-16
0x7Bb59987c5266d6d9DCE77D3aEa148253dF2d788,1.00135336e-10,1e-16
0x3768c962DfF3BC6cbdab8aEa2E3CFd275e0299AC,1.00135336e-10,1e-16
0x1300661b6Fc886716b13221Dd49A41e6bbbA837a,1.00135336e-10,1e-16
0x1f7b3B230315761836c04838133735C910Cd3826,1.00135336e-10,1e-16
0x1F9Dd96494d7Faa92FC8AeDF937F7000eB4413Ad,1.00135336e-10,1e-16
0xFd3bd247aFdD13A3231a86dedfedfB83B5bB9Fa2,1.00135336e-10,1e-16
0x97483987E701886609c47db6083327025679CB75,1.00135336e-10,1e-16
0x5b56e1C4e4e921770B10434d9712404C78B7a2f8,1.00135336e-10,1e-16
0xd92A016045218B68Ff437217B13Cb922D171fd8d,1.00135336e-10,1e-16
0x7571A8A50901EF3E923818Fa5554eb3B343E2479,1.00135336e-10,1e-16
0xE85b797952EACF39b6b861e6605BA5F2792C8DbF,1.00135336e-10,1e-16
0xD9752b6699d776D4B6d9D6063651C41e414506B3,1.00135336e-10,1e-16
0xdaFf426D1712Ec37943A9a131E68BFD036dcE5D5,1.00135336e-10,1e-16
0xac1B76d8420e7A0E892bB400B4DE287B10aF480F,1.00135336e-10,1e-16
0xE1dC412E660B4E888246ED69195969AaF29bB8E5,1.00135336e-10,1e-16
0xB324d0BaE74412B5800Be8396A680f3bB366a707,1.00135336e-10,1e-16
0xe98ab238D52618E20C9cD0b5E630E61cac043ee0,1.00135336e-10,1e-16
0xc7de41E0b33b234550A713A691f9ffDa364A8484,1.00135336e-10,1e-16
0x15Aa4af5660e68e073E806497e6cC5D9aCf31F10,1.00135336e-10,1e-16
0x691ab926321FbE5d3e50937B8513FE174F650924,1.00135336e-10,1e-16
0x9617369C334D556E64541D7572dCc702b589AD09,1.00135336e-10,1e-16
0x75dB6da5637bD510727D8d039E1d8e6428Daa61E,1.00135336e-10,1e-16
0xB0d6f036e67C6fEec210D68bc0FbBA3baAD3c58e,1.00135336e-10,1e-16
0x5ce9A121968992095d4F50B867D39e9Ac94E3b4e,1.00135336e-10,1e-16
0xa8F914D0599b1c44Ccf2639f384170069e34cac7,1.00135336e-10,1e-16
0xE2D7733294Aaad94935D26698Ba3Df38B1053568,1.00135336e-10,1e-16
0x04F51DA68bcBEE6035337CE853e0E47929933BaF,1.00135336e-10,1e-16
0x899936EA303AF01ddF46368F3E4013E3bB1CaB27,1.00135336e-10,1e-16
0x5E684C30058218C570Bb6D10223e187952dED832,1.00135336e-10,1e-16
0x1a0cE9082b007f9deE0E312648a6B60170F5A039,1.00135336e-10,1e-16
0x1fB965eA8D2cfCf0a796d5dE19EF723e9097EF86,1.00135336e-10,1e-16
0x7306af212c5B6Ab2d816b1de85d0c295A5F8Ff2A,1.00135336e-10,1e-16
0x4eb35122b9D005E46C3d07Bb60E63A84db7A8245,1.00135336e-10,1e-16
0x03dDE22375978879359C538059E93679239E1371,0,0
0xb77Ff8e412135f5A41196326EeEe611bf248197F,0,0
0x5C50F375471231c6871DB353413f12570717538b,0,0
0x1f02927c61F97246b19b27bfb18977FbbCcC86d4,0,0
0x6E2f746B4950ee49a56D07314b49791df71B6E6E,0,0
0xa4856b959cf536b2C4dcce088Df38ddA06107202,0,0
0x971740Ed368934875f1890898D5FFC10EA99FA43,0,262.14296462193056
0x7073a9d241F978b7a5D95112E71280E4E8712a35,0,0
0xD495305711da845B5f0352720288ac90309F68a2,0,0
0x4d1E91d2C983D51f2B23Eea390DC257089e87C5e,0,33.292783017915326
0xf9f245FBB188833365e5D419eE62326091AAe04d,0,0
0xB5EeAbB506303998815f29e7D45CAa7F2fDd8110,0,0
0x0cBB698B1776c705F1b6f29ccAeD5AC5d8B2Ea7E,0,0
0x5106a834d335f64a496cBF277327B5DeE059b952,0,0
0xF51954b646A0787CA30f42ae383953C140AfEf26,0,0
0xf42d23c75895f796334D6492014a8C8D082b5761,0,0
0xA27B482f24b79d88D52170f1556013597a2E712A,0,0
0x9f0E1db9e1F4E4A9bfcdFd3dF70E94C78e8A445c,0,0
0x4375a59E2597bad14E9d40412EE294c08aEC546B,0,0
0xa424B433b4D75FC6c490622068E093Bf5f79e256,0,0
0x17755303AC20F88C25DDe6Cd3e791E1bc746656F,0,0
0x4BF5F9bF731159E157eCa0E1dd34A8e1C9059572,0,0
0x9Ed2Af9D4Ab71740E4d63FAb593bE7E8701ea169,0,0
0x87c6b11b1dBCB9B2B1af7d6f5bBec142CEAdb1f2,0,0
0x29226dbe33865206cc99C9E7a807aEBAC4627D06,0,0
0xA45042d67BC94c10A84F7d08f2B5d984ba7A55C9,0,0
0x56259BF5472F0d5eD5Cd6aD9DEF5e95BbF7c4472,0,0
0x2a3e1CE82c6C2c40f732be4C58687f1Cff8090DE,0,0
0x5693E067a18B6E85df57C6632D082D700fbA88bB,0,0
0x7ba9c61d7B2148fFF364F85Ec1B24e9b50ad2831,0,0
0xbf41D3A46D36F6fdd0dCb7354699Df09943770AC,0,0
0x15d21BC60DeBB4f035fdeDC2b351e866DaD77492,0,0
0x76edE4C0675b474F17d2b162382eaf3afdE521a7,0,0
0x0Ca7a21e24765dF88e81C22e029988b6029B8C0a,0.05186181182525094,0.38109580622842315
0x3599D04DA186E34D96cB2373f2F2f84146658A27,0,0
0xaEE39180C5562Bc3CFBe4c5B1A2C63dE96d95baB,0,0
0x07eC20E91A660143219B321F778C157f498c4379,0,0
0xE3B86670b9Ff6211C650A382A00CD5d28B0Dc4bA,0,0
0x761126Cc85EF2E356BdFf877f7fa092FE6e6816b,0,0
0x8200D4Aa55979Ed08374635D15Ff51Cb3040C394,0,0
0xC3A10edab4c578Aa148D06e36Dfa5A90bEFF9f38,0,0
0x838AD52677443EC190Ed434f12d714B3a0EF73AB,0,0
0xfDCcaCf5BfC11225f51b39879e4B3e5f2F9338eB,0,0
0xf64f8868559D7240F7e8eCd3EE43b84C3ae31133,0,0
0xadD902eE370e0921e6baA4B55C4A529F3CAA9777,0,0
0x8E33458e6C1C37d9f07854591a603991a09D33D2,0,0
0xBA70eEFA2Fb8e83533F763fCbD889B925BA5feDd,0,0.01133301975184382
0x6c7A23E38803a35090d281dE854812E3a8a47C03,0,0
0x1CFE345905D64b5e79AAeE07fB26f96Dd6ae29e7,0,0
0x127092663C309282C8c5795f3BE6dFe000CB1445,0,0
0xEC13fd47902FB87E410c72B0C97A2a562Eeebaf3,0,0
0x6636464ab46b2425323a1ECa806A26E29702E9A5,0,0
0x578157251936Cf4aD288B195E8218B8B278DfD56,0,0
0xe1EcF8EF96A4A01E1cB713321564530DC3165A8C,0,0
0x9d0442c647d42C09F18A46AC0f4337889A16F749,0,0
0x71785F26A492b8C84C82971EB57477c21b8b605d,0,0.13964393801898375
0xB0379fE54aF1F5723413B077b2B7966370fBb4dB,0,0
0x5Ee34Bb88C46244125d110571a986F4249d1065C,0,0
0xAC63531b89717dCcF8D0a42C18DFebd3b3E54A17,0,0
0x7946b52217dB9254031862C74Fb65F22327D80a6,0,0.41060824995462647
0x8b2F579C4670f4e2feae28efa920AFA4EB32D76a,0,0
0xDD26Bc8304602f0780b535E4e3f3b4b33eFeE545,0,0
0xb7451F85f57932a8B221F475D4322b79CE97c990,0,0
0x8a198dE870048e0ae6D51dB62ECE3CdC856a2746,0,109.11571444151392
0x2789062F818E8a56fc676BAB12C5c429c1Ca976D,0,108.03536083318208
0xf70040Ab5158f4ed3e4E4201a6C4B2E8e00147FC,0,108.03536083318208
0x37a71F6FF1B96b0bdD2861b9b1b5D88787456B8B,0,108.03536083318208
0x432bdDB86dA7503f2a2C5Dc79e97859c2CC5B0E7,0,108.03536083318208
0x311Eb977f1D567a8973E640f90d1CB8A872cf522,0,107.05322118924407
0x4a6D9C97BE95027502B761E886a5A5308c01c125,0,107.05322118924407
0x114282c7a495AcBDb7207a88310360E5259Eccfe,0,107.05322118924407
0x5dA9BD1AD343c147f29dd90aa5A7C38b18E7ade1,0,107.05322118924407
0x26A556e43348b6CEC5bcea023F877798d1b0E3cc,0,0
0x0e85DFfa79C9f4181152BFC06C3B90ad87f7D8c7,0,0
0xABeFDdEc5617f921AB1ed949dF320283ae4bC904,0,0
0x195bfBBa1A271f3aB934F24A7FBe2099472B4a1c,0,0
0xCA716a8E82e2691413b97501aeeD9eFbF6d8948E,0,0
0x22cbB59A24561EfC5196Ed271e4536708BB0cfb9,0,0
0x1C3c413318359D0E69Fd0979B8DBECa8dA30FC00,0,0
0x00faEA4259556cFC15b01916D59829d07fc8b7D9,0,0
0x52d0085f133F215CC9A995B3Bc69cF33caF6B2B5,0,0
0x0fFd2016a8F9Aa6D5CcbeFb3c2b2CDe9567e6F10,0,0
0x78f0bBc9DE3A4BB6dD67E7F1ED07556424ea759C,0,0
0xd8AEE6178a523AF4156e093EE24AfA03fE51942F,0,0
0xC5023AB6991C1Fd6876dA01A370221F02223c2A9,0,0
0xCfeB74ee7fa4e3b61C4DEB9c95bB5caD19cf40EA,0,0
0xfE5726200dfD9a3412B877756ba412baECa59602,0,0
0xE6CcE03631b1510a836e23b740e957CBf9494303,0,0
0xB90C85845073B0a390197edea203315607e61aBB,0,0
0x72CEBdB63D152Dcac4bC081E6114123beADc9822,0,0
0x6868aF726046D4d313B4B072C162B179902559Ff,0,0
0xe39a152cd6b1647425B92Eb5435ef679DD091E65,0,0
0xfbBe7f285AC8a8B761961E17c88219E7BAc28E25,0,0
0x84C42D952Ff87E7d471B3fdf35aC0C2babe07357,0,0
0xDDdE7ecFA6a2A5468c06D2F98a2e749511B49687,0,0
0xFD918fCeAf7439F06816BaB445491e21234D5F29,0,0
0xD7bF7b679FD4274fB4a982dafe6A6dC08aa433eC,0,1.6229995369573196
0x000000E5aE8F840C51FDBD43CbFC5e5654FDc1bE,0,111.96373946946322
0x6Fc82076BE00c52f4689F53E365F065897cEF8c1,0,112.94587911340125
0xF6df264402172CD1d9e38A2Bc53c0C9DA6A5e788,0,0
0xb9232a3dcf3148b218311bcEdfd369cBE31045bb,0,0
0xFaE53208F1CA0826fA547e4C582de60cA33705Eb,0,0.6604732953514237
0x15d5798267cC5E5AeA12A3320B79aaB93Ae141B0,0,0.6604732953514237
0x89dFf0550F126aaE2926D62AF67ebd034991BFE8,0,0.6604732953514237
0x032544629E5eA8972bD1dD667ab0d23F9AD577E3,0,0.6604732953514237
0x6002c254A9BCe7C844b5c9Df93FC9Cf59C0A0Cd2,0,0.6604732953514237
0x146A0045369861F5B32e6ca2E0Ee4394113d8Fd3,0,0.6604732953514237
0xA73c16A8864AC571024E7395BDb57Fe7956cF12B,0,0.6604732953514237
0x714381877B07f95D9C5b69DCD8e7c82eFa85Ba54,0,53.72303852340964
0xe397ed8Cf985954e34b5Bd33836b7Fb006b574E4,0,0.6604732953514237
0x7D6EF610b3AB644dF2DE33435BF476AAb06e1602,0,0
0xf0bE9973ee8162563d44DDd81d40F9A4CC069eb3,0,0.6604732953514237
0xA5bA67fCe750bEc3c4Fd37E2D894b1ae46e2DcF7,0.16018128265429424,0.21328730336392362
0x9Bba612D89Bd7D335ECbB2bFD0C31Dfc8533AB93,0.19021527315197442,0.25239428556082455
0x511A0687eDC99e6b8A681f28a05bC62df0EA6141,0,54.01768041659104
0xFa7262C685d821ce30FAA92c3037fD0809cF271a,0,0.6604732953514237
0xE7855Ac04f5dfA0578119916C2766140e7f11e64,0,0.6604732953514237
0x7D3e0aC6aB823fC1757B2B0F929c06BE155339Ae,0,54.11589438098485
0x78460AE3ae7526Df9498f4e841D978276e4720a6,0.13014729215661408,0.202930096242684
0x1FBe7279DA134C53Fa521f5EE65891948e775e17,0,219.51454831518276
0x4E2c43c76F8aaA0107A3d983a7A8E90bbB5b583C,0,0.6604732953514237
0x3E965170b04a6291A307ce74B2D4e762cc5e0020,0.004878150704315322,0
0x28132405cAf0BB177B909B46d81378b0B7aF59b1,0,0.6604732953514237
0x39e148EB01Df276f768b2Bd5BF01712eEa20da8E,0,0.010608249954626461
0x15cD580FB436Dc82c969f4f774E4c271a9baDA3C,0.004778596608308887,0
0x3633753a349bd539F728A5579F0CFEec9e2eC625,0,0.6604732953514237
0x01c28A630FEe4EA99217A9009B0447F5A796aEb4,0.006869232624444027,0
0x86434Fce237698c2e81Ffb36Ac00A1a52a63BB54,0,0.6604732953514237
0x038891045DEDB939dE90ae157923B734Df8E23DD,0,0.6604732953514237
0x5B1063B7d0d591BB03E9F3632Ca89AA5e78bBD52,0,0.6604732953514237
0x827fB78Dd4b3a3C54508E7a9aCC6389f2143ED30,0,0.6604732953514237
0xbB467989961E93D8A23313ec90803d7A48272Cb6,0,311.71745397970204
0x7400039107EF791b7B449c0c278E8398be922d4A,0,0.001211008765859363
0x6e5D8FcDc794212aaD3CD743F4882e8eECd28E15,0,84.32360894140366
0xa65100b137A45beca5a40845Cfc7a6A8d85082A9,0,0.003087890285330425
0x10c36Fa3e19BfA50aC5f6F2fA289Be06d229866A,0,0
0xf41632AdD65D875dbF6a9C4824A2B3A98eFF0689,0,0
0x5C40fB76aC278FcBD731D6c46D3C7328f2293f8d,0,0
0x78D5d7251831a8BF6C614e6aB9fbf492e66e9c97,0,0
0x184996687453e38d85c81dd694880271c4ab9c9e,0,0
0x4975E3A849398B5a57FdCE784Baf20fe09b4Ba97,0,0
0xe2c1B0aeA812007dAD9847590A1E0EaB95D6debB,0,0
0x8746f01cc9eDd703b45674a58ae978bF457F69C4,0,0
0xd8c4FCEe95c56f336aa7808DFc3F68be395F8c3D,0,0
0x16849D33608b7085A6ba33f88347FCAf124CC8b4,0,0
0x7e5FDDb2bB2D9C944F9933663a51f519F36B5D9F,0,0
0x959fF9A85639b3891a8705D6181FA63A09212233,0,0
0x35923BBd1F2E9BA9eFB9d8428b8F696f1FE753be,0,0
0xB8F52C7c77ab3125C95c7eaEB5Db6E987f507329,0,0
0xF00aF03F4989655860104d5B1763Fce57FB7DA0E,0,0
0x527523378DB399472800E153031ce6D9db017e83,0,0
0x6501710ce7Ed5710c3091B294E32D508dC4Ba9b5,0,0
0xef464E85DF1ec7bE1512EEBF009bfC149f2C6E74,0,0
0x03F768383BDE7F8aDCfbc639F734362114545C57,0,0
0xd9365173F1D47c42dF54F3803bc4f4C719d6BDB5,0,0
0x9a3857070B167caF5dae623e5B3d4eA5d289e44B,0,0
0x4915a66e63Ce4bfCF1890F7d3E6BA245Dd2606AA,0,0
0xe3e777Bb364FFa2f2DA9f4ffBDEC5E04e4e8A201,0,0
0x10783fC60fcf8329f3720a46Dc3f2FCa299d2E3d,33.03565215871734,0
0xDc8b05376Fc09f2fd47258a89EfD3494dD38f179,0,0
0x7ce43E38a02d77ce1bDab73E2DBEA4Af394b1329,0,0
0xDf703713474D29dC4b355865906Ac1C5Db5eC842,0,0
0xEFF0CBA8189ace899Db410f3705F74d9B3c15484,0,0
0x1804a857dc6eA1a67704F885dCeb76a02f6De688,33.03565215871734,0
0x9cD1EbA0424fF85835bb6446E264dcE6B7AC0a17,33.03565215871734,0
0x118A6992Bb2ac010e67aa676F5e8602CAfE91187,0,0
0x7566C0c7929589CA4E8AbD154F441703D6b4152f,0,0
0x683c3DB17724f146960d723B61588f7bB3376433,0,0
0xE531868Afa35A5A3BEBBD8Afc39074673fCD31A9,0.00100108036844598,0
0xe5299ff8B9A5092a5F194B031384fE594ACA33dc,0.00100108036844598,0
0xFA2e92dFEB636656f47DDfCd49F83b783F0B3D29,0.00100108036844598,0
0xDD4BC57A56FA375d3612AC4efBb7c0256AA5B5D1,0.00100108036844598,0
0x247FefA27e8AfCAAb8ac7527BC5C1ce5b76C9bC2,0.00100108036844598,0
0xC7e9f9B1A6Fa5b303f89084a0dDa9B39F5ce99c2,0,0
0x73879B83061f91AC91825773BE9967E107FD0B20,0,0
0xBB650285746adaC96427B27e2CF90ded02b07D4C,0,0
0xf526Ca5d405A83D0A3Eba0C1c31Eb4A90821B2E5,0,0
0x7Ab4d871f10db70968210236b5FE3A2E5546D2a1,0,0
0x6D2e2B1db761eEC301bca2D2Aa51f32393545620,0,0
0x59908F5220bfB1AF91E13f73e4cEACBcd3E2A654,0,0
0xc8BCf23Ec68bEF29232D281F113D2a70d61Eb72f,0,0
0x4296E753b049EcED63926ed1d352Ef8F7d1C0eC5,0,0
0x9E5F92288597718AdF3dF235E45622E9921D7f5c,0,0
0xe78F820CD2dF51830aC12852AD35f388C3bfEA91,0,0
0xEe7aa6141D41a438081A11bCb11EbC3B297b46c8,0,0
0x7be9E90e6C8361dECc76C00958fa68B55829A4F0,0,0
0xE84cCEDd13d45aC9CBDa3CBcBF2357185E89baEb,0,0
0x68a439ac19C7c032966Cd014238efc94b988c773,0,0
0x38477C1eeDbE71E52B292A942f36e9c1204Ea441,0,0
0x34504b2871A16C409872eb3c6878d15C6783d4FB,0,0
0x0A5977F3A8627573C41FAbc795148E50709E43c2,0,0
0x63b5a5E9Ea3951dba3D2551b96Ec742D1969b7a8,0,0
0x7ffFAc95c36D72661F43F8c927EdA3c2b96237bF,0,0
0xFc24b7265DC629c28c16587227d44CA4E802F318,0,0
0x9Fa19A61ca54A7e41D74E7979E9236e5baAEFc3C,0,0
0x5B195ECa6210FD02a0c17E8E87B0f28461eE0f6D,0,0
0x8fE8A75A627dC3C3Af4195f2A2164cfbdA31cE41,0,0
0xA81830cb40101b528BEB40e67c254e324eDAF143,0,0
0x33a949Ecf01da27d8ca08a2a499198867cF1E2B8,0,0
0xAc0D995f80ce5743a8c291fEB02C1D341d93f563,0,0
0x8CFc7b57CB8A23eBD45279f7766311eC346f95eb,0,0
0x966a4EbCF07B54d0365bB63f1F87aB54F13f89f4,0,0
0xcB25778d770793c2860449A4C99713a768005975,0,0
0x662E3970C2BA846D0EEBCe71a43F9BE26744b04e,0,0
0x3A7525598ea9BD4f644BE8b68A46f506b39e8cCd,0,0
0xc110b020E77328113ba022d8a12C210ac2CA9cb7,0,0
0xAd569417CEd24bC22Cfa0e59c7Bd40d36EB5426c,0,0
0xC69FA71c45F0f84CE3A5F08fD7df8dD80F587EBA,0,0
0x34a17D4085A5c663EaA7739406E28580cEF2F6a6,0,0
0x72C77819350BbDe133A51c42aedbC72187bADeA9,0,0
0xe26d8A1f62DcE07c64D92fc975cdef066d96B8da,0,0
0x6962C3118962bC7970B4a0c75177a19Ce7CBc1e4,0,0
0x3B1af003bd01273062719d38288F197c17E08576,0,0
0xb09d6986226bC61BA1701F11A76eB21Cc92bF918,0,0
0xd18FBC881585D159605A22b098D570c911ff4825,0,0
0x77577ee438f763dA76397eFf6D0C6cf14b7cA210,0,0
0xD40dD5D56479d556fd2632973be73B6e165b1356,0,0
0x773f575cDe3934aC31dC15916bC78a8808ECb551,0,0
0xB0A3E3E212309EBA10621Bb461322C80521bC015,0,0
0x70b639ab3378df1F2f84c6239a3c452dB9d3930C,0,0
0x75Ced7A9888eEF08047B574CA6577B32653f7817,0,0
0x9DCE4dD5C38a8f42B5c02CC6DFB8b9B1A3ADB33E,0,0
0x448415f8394Cf3647246FCCCcA22066d07cc5748,0,0
0xd524c12570B764F274073A54DC53aF8DA9aBEf68,0,0
0x957122e06619c055890De20dCd1a5d235ce9D18D,0,0
0x30fC2fFf0444E1c9231c4E258c8b9F3B4748A78a,0,0
0x7AFe5D4E7C01D5a24391B5f2fC17F4D86B019040,0,0
0xD1CB61f00f2e0f977C1F41505515e63498Ba2519,0,0
0x8d5Ce9d23063B12A7C6b7Ad24B508980B2680194,0,0
0xdb38D1C6062FE3EBb7212042e378001a8CA93b85,0,0
0x172e810E243436130DdE7B47E3003b26509531D9,0,0
0x56aD71f5B6dc293e5121940bDf5C7FA87e9DBDEd,0,0
0x516462e33E8984650Cfd7B7a195679974C24e7CD,0,0
0xd39E2EE661259cBA45fd801f17F83DB5159f34E2,0,0
0xc1C20F1A1b66513C361a357a32C3f90e54BAA7B9,0,0
0x04d309Dd98096c05773C7cd92786c0528bcFe7c7,0,0
0x71DD83FA045c8EBc73132f39EC2F42EA16377417,0,0
0x4BC44AC4afFAc3BF70c1cC2A57Ef92E476953cC9,0,0
0x11351d77B8F735aCaaEB6f868a4911cF54701D0B,0,0
0x235F1a76e660ba5e4c10dF7beB6eaEEaaE7FE7Bc,0,0
0x005908e71f28BE0691549e56a06E48a0852aF6d6,0,0
0x0CED49a41b4baC7bE0386dCB5051d0412B4A18f5,0,0
0xd465B75BCaDeD1aab94BC2326Bf39448C356f898,0,0
0x2Fd2D7A8630B525f4E08c0e5ab6385EA945B4C44,0,0
0xc4725AE03eD885D30bA17Cde522F82908295Bf43,0,0
0x5de30622eC960B074Bf56EBb60E4E2D8B4cfe7d5,0,0
0x831EF89757317c57a026A29CC5C9E7040fbC5a5b,0,0
0xf15b5B40E1fBC7eaa50F71E24d9569a204329b02,0,0
0x1d444a5e84AF83932ccAB2a8D4DB83f5F0e2190F,0,0
0xF698da1fb8C5bEAFCA9e79D0F4bf029Fca7D59D8,0,0
0x83B10C9F77456578104DfE6b6F4DC38e77A40ebb,0,0
0xabd077e91402918812bc1cCebf0464e2c05cB8Db,0,0
0x7b736f22f5B3e23d0B7825cC5b61B087173EBa51,0,0
0x7662614c7E33A0D4b64F6feE76Ab6161A47E0FAb,0,0
0xc0B5E8bF8A6fFaA29498940E0Ea9fAC396690D04,0,0
0x9f51ffba94002264E9Fa645de580af59Db43c12d,0,0
0x78fed4e40B85F3EAc74E9d6cC97ff1e988fBD0Da,0,0
0x62dF30064d96DD2ecA9eea3C7B311eD8DDa53Ea9,0,0
0xaa784b5E5A57AbC8d93a32f010942f593A713347,0,0
0xd031651AC7dc2975985ff872e65609411Dd532DE,0,0
0xf13C8a0aaB1B8c067dCF72835251f70366f6C9A6,0,0
0xDb4e046A0C5Eeb9003C1dD6104aDcc93CF162960,0,0
0xBE62c4448aa5a8653c0F66994268B03D1e9cfbC7,0,0
0x63C83B8F8A4Bcdb188C87e22dd51947c2437A95f,0,0
0xB8c9a54A4406d63Bc51c65cf4fA7288CA6D8c05E,0,0
0x541411c2Bb9B8BB07eF74aEDBc3CA65aaF903de4,0,0
0xF4B6eB2D1Dc0a69888f36cE931886eCC3e0Bd58c,0,0
0x752Ef7565400E6DA425D5E72Bc70919B77eD642A,0,0
0xF6DeB0a49c58Cc1DF7aD3b30ababaDc17Ceabb2d,0,0
0xc44B1Fd752Bf23c9Ff7AAcFDB719cd20054C0e61,0,0
0x92Dd87ECBABd08039FfD6B11cbFb6ECaaFcD7c50,0,0
0x0bF2566701906CAdD0250AbAbe8F7D0F8F71b5ef,0,0
0x872d1D61318A7F6a710c4265dAf16228E3B6Cc4F,0,0
0x0c26c3714Ad215BCD9500C5548cC8CFa97764492,0,0
0x8F0007b387f4C71E9E56Bd8bB46a8d8705696743,0,0
0xf3562C40A1929De2eB75EAc4f7aB5be17973c4D9,0,0
0x976787618bdC26f9A4845B683368795996935EBF,0,0
0x704Db8aD9C839a0f23f4f1b6BC496519f4A69C13,0,0
0xc77B3CA27cf1d4f01925a8BA67868D66741aa013,0,0
0x242456B0933E0Bf5be0d3637581A0f3A3b9769cB,0,0
0xa76A6D6e28B013469B867d6357EB8052791Dd34D,0,0
0x2642488Baeb05a94793F78809AEa2c3Faf9D0Eb8,0,0
0x63784036e43B4D4F4e00Feacd3227fBA95e3d081,0,0
0x227068b196299bD04E13e79f926E9C23b60CAe7E,0,0
0xff646b32d57edE4Ed3f02dbD92Af84845863DA33,0,0
0x7AB2bF57325957cAf4117A2a60c5dE453F1DD7b4,0,0
0x7A96176C3982bb68A3c71eDeFFF46421a789D8f4,0,0
0x1671b77b58eB58C76Da1B98e790D7cC402dBC570,0,0
0xf7Da631f2514A1f3cbF4098C9428edAC982842DD,0,0
0x7707ba10AdEB8343D84138c768B1cfcd5ACa44af,0,0
0x90Cb81c37a2d134740F585FAF3efca24434e7f6b,0,0
0x1B2a877Bb3b9bEcBFc1F5bd9da1b1910aE1F1655,0,0
0xCDad3c3f45C8077204C2100e5ADc8E39eD341980,0,0
0x60814AFD31B89a994C18bC2642AaA8bE8EA8aE5D,0,0
0x8D4Cd8976D62f6ee36415A638cb2b57c085e614f,0,0
0x88328c19c3F97Ec3b489e7D5CC8D6534cd78dbEc,0,0
0x67858F871D9Cdb350d70b61817FCB25F365C8934,0,0
0x7711F803A732675f0376329277017bbF3effe2b7,0,0
0xBc2b22216a7c114dF1635bd91A7d4ecd757C9D8c,0,0
0x2f2599E4216223866DeAD588aB0a82b8AdF67CDd,0,0
0x8FE9646735A0c46625Bb563Cf20D40eA9Bb3f052,0,0
0x63e2FdB6f4d5Bd57C5E22031d518348616a77e3F,0,0
0x233a2C4B6aDA5EbE8EF4c8fA61CbD2702ca8b809,0,0
0x9b60F41Cf7f66caab2c3D0961086b7EeB73F705a,0,0
0x335D21650291aBb65D7ff32CA853387F3574Faa6,0,0
0x48a37984F401B2b1955551d7A06ef63dca5A719b,0,0
0x195D7aCE9dDE799360671f48375E774bB3004eAD,0,0
0x92643979490Ab6d111DBC4Ca11A84Ca28a64A4b4,0,0
0xff11F2E585Dd916c7E23932A1FcAc3108788128D,0,0
0xc760334b6fA3563bA40EC9a6b3919ac2D5E6DD09,0,0
0x71C24DE8DC9468c1975b076217d914DAfB269D72,0,0
0xDfFed0b6286Eb9c96B000e950FbF4AbeF29d7bEe,0,0
0x1988Ac216430EA12006ff6D44148e0B500dF4E09,0,0
0x169ca8835A9FAf9179FdA6E346BA620E381C0cDA,0,0
0xE92d9111D0C63FF6d3Ec442a72Fc0cd90D4469e8,0,0
0x9ebb9d3cb959e428681BCCD4157d11aF10bba87f,0,0
0xBcFfecCf2c0943e9B11AF3b3D00321257CFB998C,0,0
0xB705d5a1cEf56257533fC8811Ea02b77A2B99678,0,0
0x89392b7f251e831B8680200B9Cf2F38E636Ba49B,0,0
0x7394CB41Bcf12D5F1fe6D2FC3752590E42Ec282F,0,0
0x003ffA206B1B07571E75C8735459ef5fa5D02dA3,0,0
0x5b4cd9061890AEb51A7D9A44BD4db8622b22E958,0,0
0x5f27B6ed42606F10a06337b92B0D7a307c95A492,0,0
0x7EA42a3765BDf619Fcb9eb9905800c5520e9bEd6,0,0
0xa98750EBEF3f442ee4F5177427C93C71a72962B3,0,0
0x87E9b031D08F0f81007F69AC923Cf09a5264EBef,0,0
0xd5512e23e39eeD2F5c4aA713785317c4433a6Fc4,0,0
0x7033e6Fd95B4bA1d913200bf96F54c071cB69130,0,0
0xEB29046b54adaCD964C46ff72B28459d0d4E812E,0,0
0x8A4A85F1c7C6917d97A979b2F602789f71b8e4ef,0,0
0xc002eb09fA23FfD996e1d36A51F3CbcaDFe4187a,0,0
0x4b95dB0988aff9F2CD8f3CD96366358dCb56ab44,0,0
0xf6107fEbFA4FCFbB5db72c905C99d9D7fc723a44,0,0
0x33328eea1A88B7256290a2208146058D150a4627,0,0
0x4e7A9b16c2Cebdb094476016Df41D05F741F544A,0,0
0x835F74250F19eBf81F89DeAe658ECF995007cf87,0,0
0x7e97EFB73c7c56dbDA78e7ed011120cD8dEd9346,0,0
0x4a4f929fb519305CDEa620e42AFe110F272Fbe7c,0,0
0x7d9683122Aa9F792ec4e1cB4A0ea948aFf3f743b,0,0
0x61b8620569f9F635E000cb9176AAcC2C2f4F4289,0,0
0x0FFF9088E8C1F4ead3ff92E55E25Da3527ac6f1e,0,0
0xEbe6F976Fb99d6F6714Be7c78d71dBbA44c8791B,0,0
0x3463884211A90aa09EeAD5b691684A75B588a606,0,0
0xe9AC17024e30cC429D7c16706EC65a376e28eBa8,0,0
0x2597857fAD1030f8630AD27D838833571a9c1a43,0,0
0x4138B703Cc103dB9562E396A175C2F31969242e9,0,0
0x69c47f2B7645b2969ce8977f1701E2b37622E092,0,0
0xA15ebFC1d4a3CD0c2E8ded151E4f3B0B979c61A6,0,0
0xA21e3E8438902fB556e14Fe4aaB5A097E5A9aC4C,0,0
0xD667bCEdd30a36071c07316F32e0a77d9846021B,0,0
0xD4974e9255116036c06411e0484dc85663616Efe,0,0
0x9Ce76A5ff00188FCcbbF98D948a494A724111Cd6,0,0
0xDC1Cbb6d37f78567e94346159E95815233B850F4,0,0
0x77293Be0dc39480CD959432780fbeCcEA55e90F5,0,0
0x0aCE0f1d5bc26B8854C615C8017F4cD77d7a9643,0,0
0xF901D763c58253322E00a46fe12F939e70d27F01,0,0
0x8dce130BDabf1C2aCBC4a43EA73E7Bd697b424d7,0,0
0x39357Ce426e1743073522e1701a77e9123bE61e8,0,0
0x4d06B897217F717763Eb66eE84A92ebd49462306,0,0
0x990E429Cb43fA53Ba369f8F73D4D334FD0E59791,0,0
0xD3Eb89757fc66C7A4147303a23f0d20BDea43690,0,0
0xfdcafA0d426fcD9BfcF542bD3AC9bec969A48D62,0,0
0x4f63E4E894440151c30c818379294bC91B51cbc0,0,0
0x3bc00604165BfF820092291873d715317cD0b9F2,0,0
0x5aF1A5dD6797C03fE66499884DEcfdb38CC99686,0,0
0xCC281EA4198c561f985791149D6A8331917c9844,0,0
0xAB9ec408824Cc6859E1290C83060C26FE70496C3,0,0
0xE40767b1DFDC5004499E2b990907AC28b0E9DCB3,0,0
0x0BF528d730C0aC24A0DDBF90de15896eEa388810,0,0
0xe4dd14dA21e06206994D443dEA48c5aaE9a96417,0,0
0x855e97A76F84b3b3DB3AdEB7377169627f305795,0,0
0x99b739d5A573f06Ba5754253e44b9B5b15CA50B9,0,0
0xBcbCBBeD1c924AaC34F4f9D9cC41BBc32F15E60B,0,0
0xbfA9c9f98C55c6Bd195337F20e466404b4626AEf,0,0
0x684ff9464daCa9b9bF8Aba7F278fdc0c3427072f,0,0
0xa2484A4Ff0092a607fA125FcA00B8e668eBd58da,0,0
0x52Af0469De50390C171700B21be83EC957dD1337,0,0
0xb8645Db6cF7E8D0E7948D65E0A05fBeEcf49a822,0,0
0x423E8847920e35c732D441d8d92Da53332785861,0,0
0x132F52CAb054CCb6032E9A3dFe991746566d21B9,0,0
0x403F2897c053EFacDfd606942681994305657129,0,0
0xe02ce5DAdE4EC8B1dc87a1a11cf2D453eD165a2E,0,0
0xB732c0743ccE9399165189Fea978606F1292425F,0,0
0x6755BE54e4e8A1526c62439692c1e6E73C4c8496,0,0
0x1A5DDb05c0caF94b7c1f90592E7F24925094E74e,0,0
0x066B1E5160965FADeFD804494570448da8a9dbF3,0,0
0xa82323ecB272801eE63FFac79e7343cc69D84C54,0,0
0x7d0447e5bF70628c8082279BFB9B2636b8532681,0,0
0xDCd2fE29Cf6AC1a375Cba1E9D2ea59Fe89ff9734,0,0
0x37bAF097F80d289325A62527E2ff1321a17C69Bd,0,0
0xae58387B0A11B278e624EB2eDB93812a12e21358,0,0
0xcDCAbC0eD27f3b832d4aA0F4D863D056e23fF3A6,0,0
0xB18A8Cf9a64b907846988e34B9502CDD860eD8A5,0,0
0x281EbE1257e4D321230d63304674951613A99319,0,0
0xFd2C2B96cb1A2aAd2ab3746865D3aB0743E632f7,0,0
0x76A021BFB271069Ebcd3C6C5BdDcAb4765f113Ef,0,0
0x6A6678F13d3f79A2E1a2EDE7eaFadBBD67796DE3,0,0
0x925B05Ddd1E5C6549abD7974A8bE50EFAcdf4566,0,0
0x4D44Ebf859111a91592d0017b723b8fE742C5922,0,0
0x9c7a94B379c40C91200fEde7AD250E7F3B072fD8,0,0
0xDaf50f35457A3e9b017fe818C7d48a6dbe1a5d40,0,0
0x7fc2D375798440C33d2820362Fc7453B7cFC5e61,0,0
0x5a91057cf31027F94F7B98bC0a85929FfeE02D62,0,0
0xe012B7A58AbDBBbb6f8ed556A6dDaFA13417bc90,0,0
0x7Ca575d297fF13AA28E12721f4eeB40c443FeAB3,0,0
0xbB0881f5048Da48e02811f2e8f42632853B15d11,0,0
0xd1c7632154311b01093a3489a2FF6257Ad8FA90c,0,0
0xE93Fa2933B6B8Fcc7471a2B41a448f2D65ED845a,0,0
0x650CbAAEa1C2Ab94ed2845d88ac8aE3b6d85F0D3,0,0
0x0971316e0bA8A80df2355b535800875b6D2CA009,0,0
0x46d8C4d2d7d6Aa986cF2107EB4533df65A512873,0,0
0x39Bde81E14d03428d47D1538572bFC2dC0B1D1C5,0,0
0x4b3936BBfe657C993da4C4c5691C46f45fa618d5,0,0
0x0d230cbe364aDabF552233D1241ee3F8Ab61299f,0,0
0xd67De3e9BAe1be90fEF80DDbeBd4005eDF04e632,0,0
0xb6BC10B8C149610f9c3e84bfB5049d9490d7417B,0,0
0x34b8FcCD061866CC5a4A391F8adBe1a1FD941C6a,0,0
0xcC890C253eD6edE21ed2b2b6757f42bf2Fc5bAbc,0,0
0x3430dc43De32Ea0028dE07Fb6780fB7f9957A924,0,0
0xC10870EF910d5CDc6F2ae5c1327a536a527B04d9,0,0
0x179D04F21b22ac5975A673D1e88BCfF052389291,0,0
0x7d335A93D282B662ceDDc39F140724B2Bd2B3671,0,0
0xb0E425C1Ec1F69Dc39D527BBcC7f5a35980A906F,0,0
0x3bb6343dba52779904B618c98D424a4714fa4E34,0,0
0x170BA8D30de99b4321fCDA9482efaFe8F59603A0,0,0
0xb3a54739F40ca3Daf54d3a9f7112bEF76aA95b37,0,0
0x7791CA1c909BB2Bf7ca5bbc33282DeE18e20f523,0,0
0x310DB7C5Fb73f67671681886ccb23a67265f4049,0,0
0x3d132548791E0FB0Ab7542befCd31F2e9e264cf2,0,0
0x15ABE9571e969ed4fE56a6a1Eb7172aDfd5211e0,0,0
0xD0E86e5eeDd9aC748E8ce82f85786BB0345400fF,0,0
0xa61A068DC8f7ffA654ad3478A6BE24c7f9d7aFfa,0,0
0x1620d20Cdec17F49F6C56124773093DA5eC40D6E,0,982.0879946287706
0x44E8e111cEBeD440b93b55fb8DB4F824Aa2443EF,0,0
0xc3AcAc17812497D705F617750823911cD065bd7f,0,0
0x4CD092b74d3914F319042158691C07d5292901BA,0,0
0x1459870129D93B3B1EEcc63F1145d681AB00133D,0,0
0x9C931A9cf53655FeA7eE2C27991fBBC8ABA76B29,0,0
0xAFBdbFFC0C6BFc7b11e043EC2Bab7cc33E2f267a,0,0
0x8Dce993D5CfAfB79E0D373D7B8a5eB52669f2fb0,0,0
0xdf79FE757b5948e3a690dCAb4C9A71ab1f9D107b,0,0
0xaDA3949E7eD70fa948F47cF5133100EF9b9E5599,0,0
0xb7b7217D80264015Eb1B1B9D0708A5388A85Cd0b,0,0
0x07e67Ce93964825d756C8a6898C0D3722b39a10d,0,0
0xC2f2a4026ed5C0DFcbad05E8b23861ad98c3AdfD,0,0
0x106743a463Cb591022A81133B2DE024F91f70973,0,0
0xE2D1A6fb9745C722B0Ec9Cb4a765C3876A2B30d4,0,0
0xAf9B5Cbe9c5C3F5bE0255b3EAaA8f233a897048A,0,0
0x4b7112dBC17bdEc91873Cc3d316342fC5A13a266,0,0
0x927d37c64D53DfB37fc7f3CB39403230E57f7413,0,0.3820599827739532
0x6822A1B6247B9158bDf0c498feC5DA2D0122b661,0,0
0x02709FdF1936467062C615B98424079B87aF9b27,0,0
0x61333724F82F83FFf7AA5f2999724E2907b04b2B,0,87.14001683124418
0x6Fd294E73675Ba562beEbB653f5308d71737c34e,0,0
0x4E8019E68A8FF506B4AE8580E96199C10dd4029A,0,86.85425328596308
0xBD944b9cE3eFd076904B23873AB5d0ABBE2d0e8b,0,84.88011352295604
0xdf7b93021D418D5514674a6f15fa07A7e60E1682,0,86.84040584523882
0xb439a8c4233f1a959643fA8dB4703277BcC5ef29,0,85.89328018321882
0xeE3C2d93aB21321a8FEC55593D5A367D374FcD3f,0,32.1142774243608
0x07f6580c2144c30984A68671f7763BCbFf077427,0,0
0x7A5370975A2431B03655016c765Be6239847766A,0,0
0x68BfeCB8a5Cb573B0c79c1b7C4a02c2C689e02ee,0,84.45795857906887
0xc3Fe82bcc04FEa57A4213d151100A9aaFF077082,0,85.17146514892657
0x17fc1C7F4a3c239590BCC0451F2744B986daC239,0,85.44505522247026
0xCea53241458c98Af51582a06D58E77307c310221,0,84.37742736350933
0xCb1ED2585e506e095f046ac7C353678742aC1735,0,85.85055935545248
0xb5933717462B443d70e8A8303F5b187f7ba25FC0,0,85.90162793117317
0x8eE1972Efd4663e2AAC2Bd6B6FDc9D0D83eDBe91,0,0
0xABC69229fF858186B08742247fDeAA799a8eb8f8,0,0
0xfFFb609CDA6131468b17391E6E4F3124cF180333,0,69.44968984515201
0xF428b4E6c0B8185DA1b9B1E2b994e2a7Cb76F484,0,0
0xe0363022f8dC503C140eFb0E630e1D5BBf70A452,0,0
0xF47b0951C16E39dB84351213962b63f397F70760,0,0
0xfA64F071b4B90A445DB46Aeef907A8CFd9414b32,0,196.41759892575413
0xc1367815a3373bd4E9122AD3a8956e86c9A19474,0,0
0xDf1E5c0Fee10aE4B4F4d668fF631B35Df02ba84e,0,84.82147353984074
0x0dccc40f07330CD89214E2f7c099be24e8C327f6,0,85.85106022032974
0xD5d7F72941D5b918d4e50Ca776C2C23ac7CD87Be,0,85.07532672226047
0xC53f24ad3eE65664891AE70088F06E98eCEe6dec,0,0
0xa3236bfF9C8430E014d4590255170A9E5898D99E,0,196.41759892575413
0xc6387F242C2fcA233348d63278D4e847761678F1,0,85.7633008371297
0x8bFD652BF5f306BfD9817F3211dCB997f5C3FE8c,0,84.47416303098025
0x48BE1013BEF163cA660A9FDa877543ccC7Dfbcc1,0,86.88273383780731
0x15efca3079df598Da3968889Ea35B65794466E85,0,85.871674247337
0x8677eF2CF78f6463575DEB6e97AA12b8bE978fd6,0,88.11427218307179
0x2C79aE33A555a8E5be6e95eB0c33531B3030b2B9,0,83.87615983017085
0xb44B0516aDd71535DF4f8A08BE75EBA15a53C77f,0,0
0x1Cc95d89ceaD8d60347EC6Fd22525F8977B6351D,0,196.41759892575413
0x5877f8930B620faAfc030C2aF8b5A2d0fbC3DB1a,0,32.1142774243608
0xC13fAbC8137c27AaD12109fe2bB1a5B0C1e49290,0,32.1142774243608
0xDbbc308187A5b9bdD97CBC63fB09713f8A8f925c,0,32.1142774243608
0xBd845b11f18eD99467C3D8e1f969CbAfC9f47362,0,32.1142774243608
0x47098Dba440782F8Ee5D153E8fbA5B506cE9b469,0,32.1142774243608
0x0478a91b2D2649806BDE0fa363e7B50788ac0c46,0,0
0x478E67C8d8Bb6b0D8a2CA9a91d650aB50E4B1491,0,196.41759892575413
0x615bdf1988e37Db119574483903FA9B82dA9dDee,0,0.7640716293851736
0x0537663C594DE8fD6e9F8EE9f9f0A09108c6B766,0,0
0xb236A5c9B2B1923E2E6627E41C6Df862f22F454B,0,0
0xDb39f84d4fCE5356890de2DB910bdb200f6029D3,0,0
0x645a81991740212Ca9545bbe789324d977CD0aDe,0,196.41759892575413
0xa28F110C07cF5C8Cbd994fACd26B5F93cc73b033,0,0
0x8498ab3D1d1B607eF06a921989151282dCF2c585,0,0
0x91a505F4e93f566E92DB7d589c852e079aE38Dd0,0,0
0x67C658A2f2293f41670E5c87243aF35d29876ABe,0,32.1142774243608
0xc416910D2eB5F33ce99B5A921a7f9850EE5dF6e6,0,0
0xf5051Be120A0a6ab66EA4fA04c83495408650C74,0,0
0xedD7cd76DBBD01Db7C43bC5576Ae8D5E34f5626c,0,36.33725580126451
0x50652300f60e6D140c48040D07C613F0Da4f514b,0,64.81780764549886
0xc80B6f7bDCA128B3D8C0a9339416B8B8b753a945,0,0
0xb2285c03F4bb0597ae1472f9d413bb5D0F4fF3F7,0,0
0xb658D167B7dDd9096632aBA056a382c837Cbd9E3,0,0
0xD9237a9647a4f05f8aB7318F7f160061A407c5Df,0,0
0x50f89a8dFee5DBA2b8A7d06F76E3B67BB351fe2F,0,0
0x1b74A1C855C4D05e4ce7BF95344fA6b6e724399F,0,0
0x06ceEDD5224847D6861D923B24F9bACa88467547,0,91.7430873232251
0xC0bFde560c6352Bf45Daea15553A0fb0d47cf1B0,0,0
0x62C3CB26545278Af8AA4706F285a04bdD0c0B323,0,98.94424754384056
0x669035ab35d84Ad2507785C3d1d726fe6cFB51b9,0,32.40890382274943
0x2A8De209452938d49B636c033D00713568D112ad,0,0
0x7A03F08D7F8FAef71c5b821809F4cc52CEb25D4d,1.00108036e-10,97.95479388915386
0xf187921206E257BF9bD00809B0798D1F3EF748c4,1.001080368e-9,99.65007418459817
0xf42F729D035413EA42E0772Ea5d47e54060964b0,1.0010803e-11,96.7470220734478
0x82360661Df89E88D2FA73544a9422559Cf91aD1D,0.000001001080368446,95.73605970969876
0x41fBec7663516fC502e36822888697C4c7992FA5,0.000001001080368446,95.65749267012846
0x570cBa11487fAedF7e42aAE9a067A7a49135BAA0,0.0100108036844598,97.15439217362963
0xCb52B42De8022032C22a1B937CD99fff085Fda27,0,0
0xf39E5F6d386b79F981Aa58b5E53c50De81eb5f28,0,0
0xcBC566c7e096b5Bf6a6Ce4a7316d23FdAAe0526f,0,0
0x0BA37dd87AAadDb5B077a56851676042e46AA828,0,0
0xfc95DEA5B51304d054Ea42Dbf12cf8EA0F4b15F8,0,32.40890382274943
0xD8CC807B10e1660C2105c971194cc3B9E3244C3E,0,0
0x1822e37722882A021e5516Df45205F9aF69a5B1D,0,0
0x4673d18F3bA1162905F2C314439F9A4F27f37eCe,0,0
0x81845AdD36F27dc1bC288495001B15F7376308D5,0,0
0x2CeAd67619629e30D030b04D40FCe139AdFA5Ec0,0,32.40890382274943
0xdE72D1BA102046F61f200ecAE1f15FbB83c86D36,0,32.40890382274943
0x8a26C81b8F643Fa8De03a8c216dc059D8D4cA7F2,0,0
0x7F23237Add3FBd4d22117696D86eEE7Fa214bFcB,0,32.40890382274943
0x05D5333b0BE408220301835792781550e36dfeE6,0,32.40890382274943
0x719cD43DE707fAB5B5db226B0f3bD999477Ad6E2,0,32.40890382274943
0x19A56AF141dec5c34440a3F73E37A2282A37C314,0,36.73009099911602
0xACf5FB3c52ce3F5404Cc483Fe3A43DCA682466b4,0,0
0xF140f84FBF07B858C9Fc17b2Df0c6F857542c9A0,0,32.40890382274943
0xa9D71383e1aeD8dbDcecB456b575211b15Fb3a63,0,32.40890382274943
0x187B74508D8e887bC5136FD41B319f44d37A73FB,0,32.1142774243608
0xb283Ced022B0A9015Dfd993F68beb3b4D5970325,0,32.1142774243608
0xF608BA94BA2aA2923c4ef69FaFe62d9FCC35e824,0,32.1142774243608
0xA97F4dBbde3191EB4DE7294b5745DbF2Bb3Af5D0,0,32.1142774243608
0x7206210940B781f77649930E70611463084Bc4d3,0,32.1142774243608
0x73E50A762A4851288b6E393Af6015A5Dc7d5B140,0,32.40890382274943
0x7d77330D050F0E4EB5Aac35422e8d23fBFa812F9,0,0
0x4c9354a5A8D95232c1D7E308872156eAD2659aA6,0,36.23904700180164
0x4B9E2C5f5553f89335a846F06A67cf884Fa27252,0,45.568882950774956
0x00f991A727Ebe5029834025565Cd8e057B49Fe77,0,0
0x49A959D1a8605e826304DfF691466755A3172a23,0,0
0x1C7D94edB19A4878dB01940f649795008E164d24,0,0
0xe794028185F6e440Fe5BB37c670684279d72ca49,0,0
0xd0F41cdF5798e17B9387dda53DD530cB867aA26C,0,0
0x472B85A6651CB332a351f46088a249b4fDbdD6C9,0,0
0x18686A3fBbad1C12E99dF8cc7fdF12DB55feAB4e,0,0
0xD33cF2412Aa0738D2633203c62DA489aB5403393,0,0
0xe9ff2E84503C59b59Ec3F6f5685A1097739bE3d5,0,0
0x705630ca17e3a96A2Bba44e11deb822a078a501C,0,0
0xB75800077d674646b8Cca3Fa8992225523A5093B,0,32.899947820063815
0xDa4d63535763a7e0FB95F465FAbda7EfE014E39E,0,33.3909918173782
0x3CFA2C4eD1626e10F404a94B4a2010e193f8FD57,0,0
0x325E4477DeF408fde4224d68f646620c7b5085FE,0,0
0xF06e85a224A33A94aC2CF10E10bD800083993078,0,0
0xF05c6b3bbCa00852cbFdA9e1b22118976751Dc06,0,0
0xFEC9519eCE32BD90B53593706999606d75F637aC,0,0
0x24cB43405538aDA8E732B4711ADe77bb63e436e7,0,34.37307981200697
0xe5e37ffD3D880208E3f44F10C2958845455D1D3a,0,36.23904700180164
0xd8CE0E1d0414250EEE87E2ba263bD7d7e71A4cC1,0,35.25695900717287
0xcbc2753D8535B7563dc3b5422b55962F7aE14fa9,0,34.2748710125441
0x1D19ba6bB9fbC036071994921E5F52b91B1E0495,0,33.292783017915326
0x9555c137A9Bcfbc7e83dB19180139a79B9Eb55b4,0,37.22113499643041
0xaAc88e19b8794Ec1C031CBC8FE19d04241e4EabA,0,38.20322299105918
0x5471b19f1Fd117eFB3E3b521365266d0fafA85A4,0,39.47993738407658
0x100da98D25c2e895A6408D638Cb09E33f0B96AF8,0,35.25695900717287
0x260512BE8B9D29363F0DB49854c13228b95B0ecD,0,36.23904700180164
0x05Bc886F07eeC8D614f0a5434Cf72b995171EBaC,0,35.35516780663574
0x3B88E1772FA6b412F826043D5E6716339b164D30,0,0
0xEfed84392E3c7A93AfB2632df47B2dCE88A2EA4b,0,34.569497410932726
0xf8f7E1190bd926a7dAC7C424da5D1715ccb61F7c,0,0
0x407dA59634346F2fcd3102176D3d2B2F8de2aDAe,0,131.59979128025526
0x4615881B3D50CaDFE6f03Eb81c85C7F90bFe455B,0,32.80173902060094
0x6ee1990275ee92A761146Ab639345569aEdF41E6,0,33.882035814692586
0x6F5d3b988be99508F95D2998f0F2e6b3075F0296,0,0
0x7156F5272D8f0E2803113083c94Ef8a33653EbFF,0,146.82215519700122
0x3A7eBB11a39A67E893E7E4350c64a56377A7927a,0,33.3909918173782
0x4C46b19148019f7E38d40e6215b9ADeA62DE1587,0,0
0xBf4f50BddB21BfcdC4c8c3a6F2Ab99428192C7F6,0,0
0x36340BB13A578a740193b2a0854B2593A206DB7D,0,34.76591500985848
0x8f0AF64073A8C53d4719A3887f98bB5341726A5D,0,0
0xcE44A3bf082f10902Bbe5ccC6fB659aace81A19C,0,36.73009099911602
0x7edaED410DA40123B6F067E6BfbA510115cf0Df5,0,37.55504491460419
0xa0936b374f4f92A57F62441911429CB843Bd7C50,0,38.105014191596304
0x05180a4BaFFf97862bE0b56BBbC1bd525E6B9E89,0,34.07845341361834
0x7D26f7eAF427a43890e2dD7079627Da246ea7974,0,33.80346877512228
0x7B0352077Cb7450730b3207b0dfeA172465eE859,0,36.38636020099595
0xDe6e3252529378dc0ba5e4bD85fbd94690E9ECbc,0,37.31934379589328
0x93649Cf5662b35FC287f267F30c4c850B7276dE0,0,38.49784938944781
0x18a2E04Ff42dD432eE7Bb0317CB5A8BeD62aa35d,0,38.56703957030165
0x351d92F554C34160F5BcD1f1F6F11be6aEf0fdA1,0,33.901677574585165
0xCFfa621aeDFa003461E144170E0Dc55aA6c9a7Bb,0,34.64806445050303
0x389dbEd19d68E046552AF72C18B14348C64C26E8,0,35.68907772480952
0x3a15CF9101241c09cecb67e2C4a19AF5031C7245,0,0
0x300B1aF71dfdb2c11c9e05E41Ee61c1D5357196e,0,36.89704595820291
0x446F791738Cf6c9059d7FC2d4b575BBA448e6558,0,0
0x353e4A21bb94E3a60ef347c270f194bC3928d491,0,0
0xE69DA05ad64D392e1C57135e06f11f63AaB3d699,0,0
0xA3C12De454FE7619849E5714A23a945B16d2375F,0,0
0x1831A666bb59f4A8bFE5549a23E325dbfda383A5,0,0
0x6C638D25872Df73bba0EF12dD9dd84faBd5B3399,0,36.33725580126451
0x5c280e74f6AfE944329A1E551C006bc8C290140f,0,0
0xa8ACf9aeE9D7c175375583771C780F4b9191a4B2,0,34.137378693296064
0x03b73Dc917adeE0665c92399a2040e724323b09E,0,0
0x8F83c267a277d09219870a178e6b6E3b0F7E0E26,0,0
0xc78Ea0206928952BB613E0E517Cc38B8f17b066B,0,0
0x377B95b95E42b8998585d4adaae5e80747477f62,0,37.22113499643041
0x27E12b50e0474CD515082F86571d679d18DE7616,0,34.93286996894537
0xb119352b922671364C6FbC022f6eb7b2d23E986b,0,33.7150808556057
0x8Be51aCA8A7beeB6D01fAA6889c8AfF63DEF63Be,0,65.21064284335037
0xF21089a91Da98617937bcCa89B5D49c6Bab45d59,0,35.88549532373528
0x6343Ac79D3c5fE6A065f0059623749246d8151AF,0,36.53367340019027
0xcc0E9f097eCc8D9C8460cA6ca43905fC30926f78,0,37.81038779320767
0x8bA16327bBeC830689cCf35e7595Cc68d9E9298e,0,37.53540315471162
0xcd4730D3b04955C7a06399e4ae94fa8ccCbAf2Dd,0,38.399640589984934
0xAb6192C1d1e91C86D4983768867F00D78340F808,0,34.07845341361834
0xb45f547C72Bf3380E25D13F920fd452b2479F7d7,0,34.864123809321356
0xd0033BE486338a65b50ee747111108DeD96F1898,0,36.00334588309073
0xe38FFF94804a9EC17DF6C642D05B92B6Cae66E17,0,37.456836115141314
0x0638a1e0F5a31f8183BAD6E8Cee92a4ec8dfF6F2,0,0
0xa60d1BC1fB74D5D935BE61139a6953C817854Ba2,0,0
0x23ad40FF24a59602B0503BCEe4cD4131dd8a2955,0,43.21187176366591
0x57e0550e79f3945e812664c9b1Ba239f17f232f4,0,0
0x796E9E843A9984C18F7CfbFc93b463241979F06B,0,0
0x722854584d0FA3C2657543883D32f9614019443d,0,40.16739898031672
0x9B353483BBAbdB3a0ba7d834b401ea27C3Bc5c5F,0,0
0x62A5b6015B395671dF6Ef783e1C989Ca30397074,0,0
0xe733922edA4493F1a006D085d60CFeC319bf4599,0,0
0x28bcf0fcfb33FF407F9fb8603E0C0dfAC1831e47,0,0
0x6532ba2b236ac59eacDbAd1D92F0B986B6F8048c,0,0
0x4Ad5F04fED6ec06a8AfEd5CFF3A2df28d01f7040,0,0
0x306019B6d9e3656E690C9A29099c8008BDef0e2b,0,0
0x4B4dF4EBB3EF54F08e80E56D7bf46EE842b03Ac9,0,0
0x84C39A8283A9FDCc47609eF80f1850b91CBcB488,0,0
0x4117aCc6DD3315c0502BB2f27349F5fAe43B0211,0,0
0xFC5faA34622bF317D66dcD5a8157Fa9850768f59,0,35.45337660609862
0xB2c9d0C0F68a4aF7501CcBC53ff24f8Df3bFc32C,0,65.79989564012763
0xE458B1F4a3cb6920Cf37433Fe122CA7070065f2a,0,36.9854338777195
0xD7d2fEF44ef286Dd8703B43095830d4920eA990B,0,36.53367340019027
0xfd13fb4dC3138921Eaa81F1E4a25E575b9678880,0,38.44874498971637
0x704B35185C078807Ef62c6cd1600ACe4411FCe43,0,0
0x5bb4C1B7e8b7a9934Eead98848f383Da6C194aaB,0,0
0x97AE323F980c1B6B242c9D789A16cb00882C899C,0,36.53367340019027
0x84cC5Adb805C93bec1Bf6011E96b4212060E6D80,0,37.55504491460419
0xFBD99675304015F28F3B8FdF055Cd61890566224,0,36.484569000458826
0x44EF095c384308c719e5eD2d9B1100ED2f8346B7,0,36.749732759008594
0xb983Ba82AbEd02E37436b34BA019597722b29778,0,36.9854338777195
0x795af78903b3E3b3935fF559446a996c6da75680,0,36.8282997985789
0x533075677c482d6c77c394Fe09Ee468c6DB7d0FE,0,0
0x82a7aef1B35822E15eE5940dE0B27f96FDB51F8f,0,0
0xb98a82c2575FF1c49cA3106CB870A61821C2EDaD,0,37.92823835256312
0x2f39dE3Ca16b1cc0506D25a26237E55E95b12E10,0,0
0xc5E5E0394733D7b62CA7AB4a09628b1810664eBA,0,153.2057271620882
0x47343fd4103a2B85249db0D0975150DaD51632f9,0,0
0x83CFc87C185Ea96b1B4Ad2D387e5BBabA239Ba8B,0,0
0x8879FC65d41f1B97331a613006a4b6B8E59a9A7a,0,0
0xC616901a7452Ae7fF10B2aA4eE762E2d601216A8,0,0
0x5C3557bd6Eb4b7d3ccbc5464b118A577a118b38E,0,0
0x9203c38C8a1547ba920F16aE6CE6Bc0DFbdDf2Ab,0,39.77456378246521
0xF87ed0AC61186740d0e5D93C10D62caaBC7ffb19,0,39.57814618353946
0x63821F8F0Bc62aE44311F6E125D5C80212abf051,0,34.2748710125441
0xAaeCCDB6581a1b00d164b2fAA54143D0486dD98a,0,35.45337660609862
0x5E06D5d51dF4C5aA949C42485f4dc5EA78c5d7db,0,33.9507819743166
0xfed7ED8097Ba4F92aab9f6c93b92740816257874,0,35.74800300448725
0x885D4851D1fbF27a075DdA46877D70a03DDE1D2D,0,36.95597123788064
0x2347723988976A3f90527EaF48E1701B2DE2E72f,0,37.52558227476533
0x0775a6c0F203F9c7946c2dA988cC63e61F707A22,0,38.30143179052205
0x160592355a6811914def031d5A5793b310542199,0,65.79989564012763
0x241ad68Ce00669236AEc8cF679D32809D7Bef658,0,36.23904700180164
0x8C446DbC77d06FBc48Ce3D19176B8434Ea755B8F,0,33.65615557592797
0xb9766D6eC613FB19dbB0058A4422220607ABcC13,0,0
0x1a5466fd7088FB4517F17c1e871A7284227cB1b0,0,0
0xC1Dbf8E01cfaE3656E4Ee19D32B2ad300a0ECC82,0,0
0x426F100c631341F890Df624D1C65641408eCa994,0,0
0x81bEA1421837Bef7eB04F5377fF80e8c118a8d33,0,0
0x4914E82Bf6E2Bb4f0459aecd29999F7f025c167b,0,0
0x0E9beFDBbc4D440c8b8b63ef5357A0a76d147CA2,0,0
0x34ADdE06bDf2Bd1f84d22B650d0635224A437281,0,0
0xE20BD29558F0aaA8234234967F78847e98409A51,0,39.77456378246521
0xaf205160ADcFF3AdB1d713F91A863591Cb3A9cfE,0,33.194574218452445
0xab169d07ED674180A1afA6001Ea66ef679BF8C95,0,0
0x423C5E4fCeDCB8594825c808117aC9e36d2c6aaD,0,34.37307981200697
0xF75Ce751afa2B858a503b94AeB4ecE04bCFd3326,0,33.18475333850616
0xEc770390F89AD149Ef0815EB7eee189775F012E2,0,0
0x29520Eb415C1B9b87074EbdD8a0a7D45F1f11bdf,0,0
0xBa577D9bC31b7506c80401e6F481935813382178,35.0378128956093,0
0x7e91a726092C2423011c6F2a506093A11f86A71c,0,33.3909918173782
0x9b88E11Fb35D9f7e56591393Fb099c1cbbFa4E43,0,42.72082776635152
0x4b46fEc679b18351970165Ffe896fe608067D012,0,0
0x7c8f59a8707d9D35C3BE730Ad626809EA0Bd1038,0,0
0x7C15A908F550c8A647a247A5d6ef693f93F2aE28,0,0
0x7Bb9EF586eaCBeDA6b0E63ac09648CfE8Fb4b89F,0,0
0x30dD0c3148Ba856aD04984D353be0177D667C8aa,0,0
0x6a1F78A6FF095548fE9F7497a5B87Ed9c219f0E0,0,0
0x8b2405Ccb82AFa57029711DB9610aD99146fdeb0,0,0
0x9beE1f8840B7e2A4785bD78714e940fa5bf5e7df,0,0
0xcD29e957af33bE808826ace217B7810578B606fb,0,0
0x26da9B0d11e076C862C5e7D7F5b2d51BC3fC313A,0,0
0xC1877a1868c93F45af196e58643846F154600eA0,0,0
0x579E6366099f77dc99726e664F74d46d86803644,0,0
0x3180eAe1D32A184BfB1D101467A50318AF7557B8,0,0
0xd79d30c003CC984660840f1373C3F34E5466260C,0,0
0x770390b8eB2AF001564305bC5b1C62011E5c2256,0,0
0x245ea8D0713ca58313e400A7Bb96bd1E5a3198E1,0,201.32803889889797
0xb487BC4C3fF547C640Aa46Fa2045b36637370D72,0,0
0x1BF71325397B05730eF9702E98dd658903ea1e9D,0,37.53540315471162
0xf4C5BfA9D9bCe546777A3c0e5AA2d8483a61Dd3F,0,36.33725580126451
0x56d96604E9805aeF5b941bB3BA804ef3Ee32baD2,0,34.2748710125441
0xEf37A250973C3256197cb52002f5D650849c69e0,0,37.02471739750465
0x2380983AadC3453b26370Aab771B752c629f25E7,0,42.495391548816734
0x3Fad95BF36036cE9F3e40F000c022e86f33cc01D,0,0
0x209a72ecDA3478e18Bd3F52f907c7f3BC082B504,0,0
0x5108FD5bDa235B820dfD5E40115982a60F348d7B,0,0
0xCDC8f89cE2451cd9Cf03DC9d670E82325A7eE118,0,0
0x283b2C22f580c29A27A217ad9C45E187BCfe012F,0,0
0x57fA52A4b96b47B2180221AE9dE411319922F5e4,0,0
0x0cb68Cd063652bA21C1354545B665a8044f82d5b,0,0
0xa0A95A02487E08d985881f96BFb742a3652F5fb2,0,0
0x2Eaf00e30d07F1a0C0ee6a4D98606b346a5B0B84,0,0
0xb4213De95418e80021d99eB547C9C366E2Efc817,0,0
0xFE0407e5e2071ee7621914a110eA96E8886716D3,0,0
0x799f4dC6eB5C0b1C7e01278148d87050BD9C628c,0,0
0xC0963055e4BFf0aDa5B6f2b0b04121764056f2F6,0,32.1142774243608
0x07Da8A3dB228Cc6dc661f345d70F5b6a27d39c8E,0,32.1142774243608
0x67578Da04156C4ebD1623CB591d53Ea9b3E64406,0,32.1142774243608
0xd1E32AB0623FEA1f571Ba38216e7C6Bd4A2d43d4,0,32.1142774243608
0x967e9AC0826B9F91C1b2F8d26127f2c23cf69b66,0,32.1142774243608
0xc34fA7cAAB67BFD951D44B88B83a20CF18B9B7C4,0,42.495391548816734
0x8d66f7A8aB72688C6864c74f25cFd64677Bd8Dda,0,0
0x151Dad704a2738F0Fc697381FF54d1E1e40A3308,0,38.56703957030165
0x212bD113E05cA6D4d4756B2291a738C46362A082,0,37.58495157567288
0x3F40f8f80aD5288b99E82F91Aa2324335c96570F,0,42.495391548816734
0x09ac11b4475d74F75b3f48acD1d95F540bB581b0,337.3640841662953,0
0xB778afFDd366C5B21ECe74Ecb56a377F9Db368FA,0,0
0x9bD3Cd5e1dd2d8Db900194EE449f3BD0fea6F5b2,0,0
0xF483E173407A2619E579ac5E24521145840adAC2,0,0
0x5F62A7413ae8b7D4c6779d2b201D7835a8FDB44a,0,37.41755259535616
0xc27FbA50188aBE8F57cda0f845a5d70f3D855111,0,35.463197486044905
0x2382cD8AD0f6D85E49D54B4Db0a517C75d6c290A,0,36.553315160082846
0x6aaa4077F659cC2A08af8FEE179e178fdd6AeABC,0,37.731820753637365
0x4Beb7112207A957A943F07DFce6394916C96bAEE,0,38.14429771138145
0xF91ABEc553d8adb79fb52c6C11215a20ce2d286a,0,37.02471739750465
0xa629675D75D0b0F6F13c6442F0dE14A34e37CB1B,0,35.96406236330558
0xa0F2C6bD20250f4D4EbbF85992ad31C726bb93e5,0,65.30885164281325
0x08b82163d651A2E98671C2744f438214d7573543,0,33.882035814692586
0xD8595062C7Ed9E67465D14b5a56fF6Df90331Add,0,34.89358644916022
0x13109B5b38bfd3bC698E4F96DB660c48b2a504c0,0,35.7872865242724
0x97c94fd7b962e69CEF28a81Ef1005df29990965f,0,37.122926196967526
0x18939Ff68A5f323A51a000C665Da64D612bC59ce,0,0
0xfC420f9ff7b7558a5f745d113E34cC55C9Bf9Ec5,0,0
0xA181aA6c6ad3Abef833CfFED1B21e5C790C68Dbe,0,0
0x05965d8a0D55a0da590C78D1D7024C69E411Ed92,0,0
0xE45124178aba8fEd58284e070C6908C384789d1f,0,0
0x02672aD8Cf055cf3Df2C1265b9987a929E81459f,0,0
0x41958dcFeC184327bd635EBBC301198613449295,0,0
0x52dD44e86B49802D2AA4055f0f259b113b8d07eD,0,0
0x254f87711B1163DFF6520e72225f29AaCdBff490,0,0
0xdac6d9297cF7C116c8bC7B7159192Fe142518F1b,0,0
0x3B74cad7C25605acE6bEDdCDCa97935d1Fe0CAfF,0,0
0x87008A7FEc3A4af9c2de16f248176B0606269986,0,33.587409416303956
0x01338cD18ef6B71A2950c4A00D7C541A62ed4D04,0,33.73472261549827
0x47667B75de792006A207667bc1a4F2Ca1CB91739,0,34.70698973018075
0x0F6C9b4404f958052dD5D76531Fc9d41363e7CD8,0,34.569497410932726
0x0a922ffF6a3Df838f2A0dA97b2eF356b46E3adC7,0,0
0x269b203D807D47bEb0da1c4Ea4b36EE7e8b65Ca7,0,0
0x1500cD0A057f64FE9ac13d38e8E5cC598a071347,0,0
0x4F5FE64E563f81c6127E4C9ac60734875f1BfF4e,0,45.441655532703045
0x44F7C6BE7390D9c322Bd36a3894e4D25a098D3F1,0,66.06550341990723
0x72FFE0F58DEe72bb1c3C7BBa9a5867Bcf8430760,0,44.459567538074275
0x61f16B206E858c323C914F7724b1342b4B11693F,0,0
0x7F81762624b76C6dD0328f3bC9f152dC35fEaA42,0,46.423743527331816
0x8551114f7f39346fdFD953d8f039E6B0230A29A6,0,0
0x853f49fbB1Ea7ac427a67e3AC2EeC341D8db251A,0,0
0xAa862AfaFf7CC9deAd8E063F0598750bE760736b,0,0
0x56fC04D148FB882aCf5CD634baC5Fa589facC07f,0,0
0x2bd70e86491cE6bA8f31f2317cE728ae446c45e0,0,0
0x645a3304603D446044d458F3c8571DF8872B51E8,0,0
0x4f2C3b5761CDb126a31093f99728a1377aEdb32c,0,0
0x6DDa5d401D2418880181C3e478E77E7fE11dCEb4,0,0
0x527d5FbFB34D1b34fb8cEd79F5482cE11048bDcc,0,0
0xa0F50A5e4958C27b420e783C85218b08Dae50372,0,0
0xD24795018b35C36892d3C0FF1D9360E213f68Df1,0,0
0xB248E390cbf0b946c7c30b6B24bE3086025CcBA4,0,0
0x3900b563B9F3eCA32287c472bfAA594093e1FFCd,0,0
0xd276Dc33494B0e859fC8F4807c06e24ED88D01A4,0,0
0x264bb021C0964e0553cF6954c8d5c4BE719D97A9,0,0
0x98683E269B19F1643d590CD6e91379BA33C6447d,0,0
0xeC6e2C8Dd881b0f28f9EF5BEB44F498a19038C20,0,0
0xe4De6c5b1bCafFf38b8684ae72056f7eB854cB77,0,0
0xb61FB4261D8fb8Ade58cD0783c62b6A7c42CFb8F,0,0
0x8B643FEA08804A45Ff721C911BBD180A4498924d,0,33.98024461415547
0xbB6AF0f9160e8aF395316428cA6A86818b689d6b,0,34.864123809321356
0xEBCc3687DC16654Fd3538401AF0ED99Aa70Cccba,0,35.60068980529294
0xd404408aAbB43C944c1680bb47ADbd17CdfC0cc8,0,36.05245028282217
0xD83B5B5E46C641E4c1A548A066DA47C889B0E861,0,36.140838202338756
0x2F895b20dBb0929dBf012282f5975D6D7b414465,0,0
0xd7A2bac2B4D4498a99CedDEa8E7D8A31514f0648,0,36.23904700180164
0xFf6D8568193E66D3DA4aE981D65c75D7A1AF9D05,0,34.07845341361834
0xb999E8B81B82396f692Fd28c915e4C99C91A44de,0,34.64806445050303
0xd79D63c48af55e02C0784A8C97858E46ec3ffA4F,0,36.94615035793435
0x214576e103a382D08C65b8035411b928E27a9A6e,0,37.64343283412078
0x51485aA8a1582f594DEE18Fb10Ff8a9EC358Ca0C,0,38.085372431703725
0xCCD04509D72C0B3420A4004790f265037cF0A833,0,34.481109491416134
0x878436b689649Cbc8F2e9632831d1309653dFa24,0,0
0x7600C20fA4b902a7354b5752c86Dc18351435119,0,0
0x61c3817219bE0306d32c4F247f874ad8501A82CA,0,0
0xF46b8a6eAfd5588eCFa1Dde4C86b2F6fD225C34e,0,32.1142774243608
0x2Abf570D1E1845c4d6e070E073834d7D0B49b227,0,32.1142774243608
0x0B7Cb0E655C82E6ea038c7F907e69D52583b1232,0,32.1142774243608
0xACF056941592dBBd6bF02e8F3E8eE75371654ECC,0,32.1142774243608
0xB92915c2B4279E8A7f97BB1533520337ce2b1eF0,0,32.1142774243608
0x1479ACB651CAc722b4C5E1538bf832B2ebf208A1,0,0
0x730141A3d8934f4238A02A7Fe9334A0a333B9c98,0,0
0x9AD4F08B6BF6ba1059aC9abD976c6Ab1dD63D19C,0,0
0x33e8BDB701B1Ae6530E8C083590420D2fbCf9598,0,0
0xD9ce9c159df4ACEA01C5f050060eC1Afe4994C2F,0,0
0xe5BE32EAc9BdF40C3067Ef642a086e71e1731a65,0,0
0x47B176bA1cCEB9B3653249be7F23f4AC00369ADe,0,0
0xa8a1CD0d05773F48c4e65497dCF81Ad986fC1A7d,0,0
0x0bC18DC76a037443aFAc49668d812cc6444eF3bf,0,0
0xccb1b8E59793ca086bC4B279472D4BB6E7b3Ec4D,0,33.292783017915326
0xc8B8B91864dA09f7FCE594e64Ff283e6e3448606,0,0
0x3C7aFd11a04F49F6831a10aF42598e94BdB2a627,0,0
0xb47684494B57702bDAb68f2612D90acDc3398Ebe,0,33.292783017915326
0x95096c735F5A2b04aC14509e5250F6F9A2DadE1c,0,0
0x608B51eaBE8E6c9518b9666a0F4cFC1E55910fd9,0,33.292783017915326
0xE1Af7B0553C62aB545F4204D25717E7B7797D954,0,0
0xA85fEDe733d463dDf45b25546BB7562352577397,0,0
0x60322bEaf607Be5c0DA6CC80353e55f574cFAAB6,0,0
0xF8f12EaBCfb4a6AfAce9308b672558e89Ab56E7E,0,0
0x34deC3470f4a2Bf1AD0A86f5Ceb80146dF9F00d4,0,0
0x7CCf5Fa8747b07d8b4B16c307895bDb8b7a1B988,0,0
0xd2FCd5D38B21D8506EDB6E6360D400Fb6B15d13C,0,0
0xE9c20460AfbC7fABF4b340182C812b89a9c40ac6,0,0
0x58A7901d5e052120A7cd17B42533f4120C63b575,0,0
0x33741ab53d1Fc4178956646CfFb4140105BB2AC0,0,0
0x08025C53229dA4E2797C91b8A92d113B50ED5A48,0,32.1142774243608
0xfb2349C576BC22843d67000870dd1Ab861AFdA78,0,32.1142774243608
0x574A52e0B5A879BE541168D7F13f091b91A6e1D0,0,32.1142774243608
0xc60b18b14121efA13CEf9f06bdE6E626b64dF437,0,32.1142774243608
0x7eBeF580D391E43d2CF1b410316Bf1a5ABb328b9,0,32.1142774243608
0xC397045b3b3343035A833a33F24C8ecFD86fDdca,0,33.292783017915326
0x3a5959538b3d36aaEDb2Ef2c70e9EaF2498C4573,0,0
0x1be6e6A304887E3ba30062dD29D4e2F7900b8878,0,0
0x918c7e6327901eBeBa61fEF279C2C0cFc5AA7893,0,33.292783017915326
0x59cBe159c7015ac3b5F237F6B5DAeA9a404E2a61,0,33.292783017915326
0xA1b671F48d9a4f40D94C09eBcb1848989DA7C804,0,0
0x305B2e7B57008bE9F8B2B3bFC94e467Fc06d991F,0,33.292783017915326
0xa0BDd5018e98568F41F95fba89BA0DE4FcafFF71,0,33.292783017915326
0xB5D2d64547B11CB00a6ba448Ed6726450c323232,0,33.292783017915326
0x5F954Ce2B2ED91aaA39C168b60007167215B285A,0,0
0x08bF4D390c76ADE1bb8AF36ef3b691AEDDb40952,0,33.292783017915326
0x2dC51Dc52A47B963F75a42001a17C7db084E0d73,0,0
0xb13e0Db478862Fc84836D0FC54508D5a8B2E17d3,0,32.1142774243608
0xc87cEEa50FF112A3A0BB1925a30059748150E0ea,0,32.1142774243608
0xd31cB17696E34ABAecE3D1FD2e697d32C52Aef2A,0,32.1142774243608
0x56D8dF167fEebC813595BA9a5a7C9708A6076aeD,0,0
0xb0f9a4614c67b6C34A532bD3b255632B673B7Ef1,0,33.292783017915326
0x39D6FE1a8E36b6be45fC32c31fa5f8c2b420095b,0,33.292783017915326
0x3032D8E7e11182E69c3dfe4dD569b431d980016E,0,33.292783017915326
0x543598ECB22868C6433Ca4b7304e9836175991d4,0,0
0x20FFC963A4f0348a24Bed3CA56964B6Eb4A9c5F2,0,33.292783017915326
0xeFeCB49a0205765085A6bE1D6Fae7cbc4d0471C9,0,0
0x9A6720c2e57503E5ef967c3f1a132702dED82995,0,0
0xD9B4387a5Ffd0D0E8d2f09620A75991fdaD951dC,0,0
0x5e8e71d8fA32a047baFDd7dEFF048D6A67bbc5B5,0,0
0x6b8F38781210A5FA28Bb894632E150acBB1fD532,0,0
0xDDae5c80C2534e4D2203679C99f6383D43d05A93,0,0
0x4605dB8ebf4BC5d42C80bDf979b7eb29a39411C0,0,0
0xf2Dc4eF8EcA57F3Ebd74a1a48BB89DeecC21C703,0,0
0xE2B4f60c4441d3e5a79A8EbEbE41bB380f81aDFD,0,0
0xC0acA4266936E35507a9c0195cA3bA4dC66B422a,0,0
0x613649e891436eFB1077136B648133CF2c1BC127,0,0
0xDE7974D0510b73f792F77c77Bf6A2223b0D6A721,0,33.292783017915326
0xf707e5593d8188b0804a2D732db8F911d14813Ba,0,33.292783017915326
0x19f0ACEfe483F83aFff0F4FFd3fD79CC803490fd,0,0
0x4396b214513A16C988D3E2e888169461c5Aa1A85,0,0
0xffaaA741C66D276921990F9360538D0B4e73D856,0,0
0x0A75deCC414f02F45b9BB8688565d3d58849cC4F,0,0
0x67c4350B807c0B9E18Eb0E36F4856e482fA1a0bE,0,0
0xC431550484cAb62169CCBF77B11E948659752BD9,0,0
0xD67026b5931f353F7c10F62b4B28411CD61A31F4,0,0
0x5e747b12925DB0Fc451a28f8Cb875bE1C2D10739,0,0
0x97780587E5491D355E2046bFbD59Be3a7e4D088E,0,0
0xE029cF2ff5147147684dFd70E3247Ef227b771E5,0,0
0x0Eb0d2656ae4e0D2A7666Bd391eB8e6236A7d0a3,0,0
0xDAA791D87cF716114328b1D9b2260DD1fE79E26F,0,33.292783017915326
0x20F19d298Ec8cD0D3698e01B401fE8515d2E09E1,0,0
0x613d0053B8B72B866DE97f45d339a92a27577517,0,0
0xe4Ca366F62b484268d1DEbfa4ced514e4E6278EB,0,0
0xD5f8Fc11DFc30fa8de5DD31688E3a0D5FD2e84D7,0,0
0x31e7510e216db5e782C4242f55A263CafbEa7aF8,0,0
0x683b2187930D65162Ef1f678aB04f6CE5292C61A,0,0
0x3C48cB987C959AE9d5931890D265a7097B3774D8,0,0
0x95dFbf5EcBd4cdD729A7ACB63f2fd52c768E0CBE,0,0
0x6457Bff8a19Be44240E40d83c07099dF5a0b0Ed3,0,0
0xb83e863a7f62f5F8F4DA2E7Ff0b9F16b61fa9Fe0,0,0
0x9dabdF04a08d917Cee7833Fb50370CFce999E71D,0,33.292783017915326
0xFCdDE68FA77aBC1724c11E82C963Ca74Eb2E3217,0,0
0x70adF1e86914089Ad43F3d469Df6Cd6DB19602f6,0,0
0x4b857D8aB0FbA9fcFd0B69093B948E100B472041,0,0
0xD4a6919ab5476E4Fd78DE0D3538Cc52b7DF51020,0,0
0x23A8efE41be20E149bc137fF099873757A1739Cc,0,0
0x6e14E70111Eb60bA890FABb0B39e611b59962AB9,0,0
0xEd8068F55E97223d53FeD04C209EeAf1179B03d2,0,0
0x97ae920fa14Ee86298CcEA4661cEC692E9B67a95,0,0
0x3b511DDB385945a105D9c3eA640A3f5BA94bC50b,0,0
0x34c84bB03c009d6d589B99D53507243b84e8bfaC,0,0
0xE3F5101222C9bdA5B38065167f5C0842879161A8,0,33.292783017915326
0xE4FD02296D64a4BE0103B6E373493C8df56574D6,0,33.292783017915326
0x43f80b134a03A7FaB7f866700508CDA8eF721Fd0,0,33.292783017915326
0x4B086D16B2611b768E1b154B077e026ED2Bd2391,0,0
0x29A5e258E6D23f0D47393Ceb93345B7dF1b752F6,0,0
0xc80Ad3E264dc5CcAcd1c3d74400b069a40aB2D1A,0,33.292783017915326
0xf1901411b7F710Ae4A9A7270691E996B54Aa7A8F,0,33.292783017915326
0xa165EE1Fcd90CeD242E97d05Ce6B885b353FC021,0,33.292783017915326
0x9a8474Ef734E8b919E5b11284a33a70ed847d408,0,33.292783017915326
0x9E412F262F7c59b2b3d784c894F64222Ab5D5414,0,33.292783017915326
0x5440BbE8024f8F64ec4FA733e80D81b0F73479ed,0,33.292783017915326
0x124f7849E2D8D6903D1Aaa4A6C9923396BfE2004,0,33.292783017915326
0xFd2B04A0b8345B5D000A147f6e8AE43a9Bd440aA,0,0
0x8D14d740244C8E1827967238926efca363D62057,0,0
0x4CC80f5f1CC9F01584db3f2C53Bd187AdEdBBABB,0,0
0xdCD937F29F9D5579C29061Fa9F6BC86CC625E00F,0,0
0xd9633BC8ae928F7534B34445EfE7d846EA225F23,0,0
0xF5F423B655A7224b86325Ed3281208C5295C6492,0,0
0xE374C26AFA0b1386997EB116488eAdBcC71fA808,0,0
0xc2722aFAE7f26f49047269ba24f0b3c87E465952,0,0
0x7B47A2Af69B9B17362A0298f8e6bB43e709c7192,0,0
0xE4e433cd355Eff55666dc8ac75C260cd2e32b944,0,0
0xCBD7F5501c3C701DE5447653fC85d88d94167009,0,33.292783017915326
0x3D9bdb6bfE70035b7f09d55bF644d4f1FB1dF80a,0,33.291223073526275
0x5424DE3F79AF63C1Ffa4043A6a58aa43eC9c99B7,0,33.291223073526275
0x2e43B948A4d60487E5629aC18C234B2edbB6fc6E,0,0
0xBF079C7E833B35ADBA9cce764Fc1DC6765f93450,0,0
0xb9d878a1343011B50dB10FcD5C63E659E8CDA2a4,0,0
0xB33F9Cc10A0f5128F5854FaA840c0280f3b8453B,0,0
0x03444f5D4F7ab4eF6492bBc84bD42AAd94d7B80e,0,0
0x8a2aD3d7c7e6211058bd324F9A36286db8deebf1,0,0
0xBf1692379c34065B2896C25AdCB4A52FF288e69b,0,0
0x5826f0E2abB7Cfb0eb3Dc4D1AC7Af33F739598A4,0,0
0x04a1e1CBC8ac09e37Af296802b66c9Ec97fd235f,0,0
0x247288bb337943De15Db149c769cc46c14B6a633,0,0
0x7dEc830578D2EEa454a84439f2Fa5CCfa0AD2fE0,0,0
0xF3F04b5BA227d6B492EcC7b5EB15c73fCCb8e82f,0,0
0xD1AF84407d5C189B08228af3E86cd6419Cf8c9E5,0,33.291223073526275
0x924a6EC3eaAF83154b1D54B102f83b9f4867d250,0,33.291223073526275
0xee978721c209FfF4feEc9C4953C7D8ACC3280D24,0,0
0xeac505D1F35CAC79b5d5443De074AC5b2611291A,0,0
0xCF5B98F35AfEA0B2AEcC093D2e229f268a10842E,0,0
0x16E473ca5a1A92494C2b1a88210944416657984a,0,0
0x66428ae9714A8A3B503072b1171E864b0df9cFD2,0,0
0x449023eA5951C52E3287163631658973777Babb1,0,0
0x1Ea08113e4F02D8905Bd4A435133d7885248Df0a,0,0
0x8D92a28fBb2Ecfc3b3fBA764e9D4e145C4496b4E,0,0
0x8611D7cB27600c0d294701c76BbD4360cC0CF83D,0,0
0x8d70079b0c5Cf1775655D214059acEDC8050dC1b,0,0
0x96b4B38B08c7C835D2101Ce4124a09DE2C14F37B,0,33.291223073526275
0x64B8Cd12B40C11beb66a864ec84664Fe585d5CB2,0,33.291223073526275
0x6E178169920E5Ea504877a1132E98a0c7b1FDc60,0,33.291223073526275
0x55C7b7Da8Dd640219C7Fe6a305628DFCe525A6fE,0,0
0xbeb8B62c2C95ec3Afe124666ca4b1fCA143cF521,0,0
0xdA88Bf6ea15567D02a3b154b282A45D9CfDC21B2,0,0
0xdc6744A06cd2e92ba0142813B90fB764d9Dea294,0,0
0xC0ddcbFcba45870cCc1d4514dE7882857012aEf0,0,0
0xe0f5b24565E5406bB8C60AA43a0445B58e5FB76a,0,0
0x85C0a9C2511676713dE6c610090e1A7774926C87,0,0
0xB39D4835696A06a626b96B9550E3910e16Ff7fb1,0,0
0x50D70FBdBEE72462D513A4B3Cb6B0A471D1C1b61,0,0
0xa4bc066CE6859180e8f0b607Ce76ae49a8d3015A,0,0
0x48891F8d19e54D2262090Dc783fBd8f2457BAcc7,0,0
0x7c27e4b0a599EBf9eAFB1561BeBBe7C2f9D367e8,0,33.291223073526275
0x9be9f549AAA4b9987321B926a83176C36B6Ed4bb,0,33.38942727138329
0x7fFD5cCeDF55e5d4adf5318f06217F7E47E2C6a3,0,32.40738529281319
0xdBbfaC7E426079048fbe024768B7073672a105d1,0,32.40738529281319
0x94dCfa731342FcA8B58b40545F36b9a5Ec4b2787,0,33.38942727138329
0x669ABA2348afBCf0a93F7f5F7Bd721f96C1ea9be,0,33.38942727138329
0x7A8D104c126000afcf748943879a40e1BCF40c66,0,33.38942727138329
0xbba208335A1907f6657731a38388773e27Aa06a3,0,33.38942727138329
0x0f31337CC7a52360e1E405Be5cEA84b13b52AFf3,0,33.38942727138329
0x92f3c6a8a049E60140FA5dA7CE43366124b56026,0,34.371469249953385
0xC17f11e1Ed1BF42EdF9289344789669fA2A2FE79,0,33.38942727138329
0x34Db0B8F11F439219344492ade2bA849e3A86d78,0,0
0xD5195d51B9e93FC759C0AC4d259335b665CAA23B,0,33.291223073526275
0xE330e85ebA6589ED672e4292B6d5d683811586e4,0,0
0xb729E2B761fbC7aD7111F2DB1c286Ba1D9B9de45,0,0
0xbf4c475635B6c450B9F3b81Bb2d8642054de1496,0,0
0xd9FABa9b3d97A6Ded1142083D3C50D8b00eC9582,0,0
0xb8EcDD66937BDBd8815c15791fA6E1e6ED92A51b,0,0
0x8a21AC6a8CEEDaca3dAf086F70a25E7E6c403207,0,0
0xd55314000643D3e9512E1146B4CD30A7B5115CE1,0,0
0xb1D5D167BAa85674EFB51d89Fe4a4ae3A716aB95,0,0
0x28919fc1014a94532daAEe4E9E7D6869B53D2D9A,0,0
0x982244292D7746c2202cdf707626feBcd0878DdD,0,0
0xb4237E16743E3Ec3FDEeC87c227F03C32354C079,0,0
0x8D09995B1B08F7399771a0654B154Ae5b0b1Df73,0,0
0xd95ED2ed6334700a0b4aBcaa4e36f2875f32C771,0,0
0x8C2274e35BF7E42Ab5AB28550c2a8912825d86e3,0,0
0x24423622B2b8a9344eB81dB71D342f3FA4a304b3,0,0
0xC7e1bbaC68f2d8A8f7a7157276E351C68caad79F,0,0
0xaD9E2bF55E56aD72d0974fa4c2479E611982ae49,0,0
0xc26E5Bb63c88c170646dcDEcbcbA462f6Fb6caaa,0,0
0x1A412aA5394eae88E660B46a40A87b3965Bc1187,0,0
0x8161c47686B76052f063332be1a10e4361ECDc3C,0,0
0x011bd1013835925CC34866EeF8959EA93a5a0319,0,0
0xf03ae52CB37eadcf514062ea1D68b5b3c3e4351a,0,0
0xa553FD310dbAfE15Bc18d5b1598159FC0A62928A,0,0
0x9774668B0F7a974a41002135653B63B74748b1D8,43.53750120166685,0
0xB81fB5aA00145456f18C88c215BBaBEca4080cAC,0,0
0xbCB38d9A3527735f4336878CB4a6d4F7001A54e8,0,35.5499196242375
0xaAA601b712D6ce1c915FC746d719cE0BB020f246,0,33.291223073526275
0x468C2dC141b9F8f9e92360322C5be0272a2576D0,0,33.291223073526275
0xb29266D4c7861C9434f4277836a86f6e13F3601a,0,0
0x0C66D147bA0CB7DD8FFD7a24c12779a587759711,0,0
0x08adD1963eaE543c7d99cdb23512dEda384b2e19,0,0
0x2dCc661e8DE3A64c850729fd25a959B9C62D2214,0,0
0xEa742cA9C0B2f0C326a42797Dcf1f11b53d086e0,0,0
0x141f14C2C5bBCe27bFb9141ae57f77dd60Af7226,0,0
0x4C9FA9473a38EeEaD643F193B2D6C0a7baC3A8d4,0,0
0x5c0b361Ef6847D85092fCA477771DedC914537e2,0,0
0x3c89AB4Ce858A8dC24c26AE4D6F50E0B4e277b12,0,0
0x3bE0CF60c12130666032878f0824D34BDdF8823d,0,0
0xf0370929859dfC428Adc82369532a572A3c326c8,0,0
0x77882B3e5dB585768b7F13b40885bb1c9D7776DA,0,0
0xcf410128DF76259A8972C327471dD770A2cfbab4,0,33.291223073526275
0x39d789b13fe948a1c4ff9b1590F82b3A9d8eC877,0,33.291223073526275
0x2d0A8Bc05Bc013E6Dd1A179caf0a20064b0FA587,0,0
0x637da13d48A91bb37Bd3E5314aD01353A8274dD6,0,0
0x31881d1e750995AcD27FaaDC824b27991Da09aCd,0,0
0x8970eaABBde4AE983F90240a5C0Ed8B406c58d75,0,0
0x3aFA7DdE10a11Cea958DC24c81a5DeBeb7d87450,0,0
0x3627c7a466acc39e85806EBB1ca7936987B8209C,0,0
0x219e8dBf000D0489fE4582c4acBD85B64515D6D3,0,0
0x3824a08a866443c6Fd3D476D95c23C1EAbD78B7B,0,0
0xE708459992D8Cfc948F42410E20201A244d78f15,0,0
0xD059BF3B8f0e49515C7ac0e83A8BDD8112aDE451,0,0
0xCD7658df040F85912674FcE6d361F9457f815571,0,33.291223073526275
0x6321962cf1736B56FcBfE2E6C841286Ad46a2d6a,0,34.80356772052423
0x9592E0B60cD03a71621723f39f82D10fE0B6E78e,0,33.291223073526275
0x95d2EDe5A8D8919Fe70Cc8627b26334421088f7B,0,33.291223073526275
0xA035E8de334200C14Ad8ae7B9c0a2E6d04D0fB82,0,33.291223073526275
0xd2F2d5B1c11857D8Cf115BeEcafD411189cBA4a3,0,0
0x0f7606F9750633A3cFBC137FE521e473e0eEC1B8,0,0
0xBad963C5E22c049c274dA04aD1c54cC3aA2Cd694,0,0
0xaC8fB0a0788E85eeD8Db225A44105b753E76CFBF,0,0
0x36BB6B414a42dd0a3C3cb5bE5F6e0D2Aac72bB8e,0,0
0xA487Bd082cAc17Bd761Ce399Fd86b3379f20Cd63,0,0
0x8d7Dd45f160C1e79694dB1D42Cb4962b272Cb6C3,0,0
0xC4C0cF9F55CffF1d18bbc217C9cE6249721f050C,0,0
0x7d764e2e3d367EFFaFcc995166ed08d4B7f23055,0,0
0xB338b621585C52f6EB47b41Cb0e61e0267E4eF65,0,0
0xec230B4aa28D1e6Df658D53207b49F0cdA2768C5,0,0
0x9B8CA8077d088b7b5979E44aCC6150477375Ab64,0,33.291223073526275
0x20f8bAfeef87343a5e6d7C7707CA27f2D53B35DF,0,33.291223073526275
0xc439D29F982ACB7B5Acae17daE6550ACdc06F8a7,0,0
0x3ED5393EF0519A9dD5c6AC39C4bA32B1731Ed5f8,0,33.291223073526275
0x471240ADb6DFcd7b2c6B9065e4e8A97883021b3C,0,0
0xDD1b545a854796feA240Db472d2c3833618D5E8b,0,0
0x21159e61116f695F1fC729154bDb8f4181E88230,0,0
0x9b83A5C0C68E80655bEC3726e30533E60B9f7534,0,0
0x021a3106942dD0583B3200f3ee128ACfe20D0007,0,0
0x8Db4EFA8b5CE0f175F67A42107E51C0e6502dc30,0,0
0x081eC0Cc35e301FB6830716Cb6FD752CE0f604e4,0,0
0x4730f2C23FECdf05E0360178303FA7F46DeDC77c,0,0
0xE29B5EA6b756DC16e37132583f0B121F46D2B99C,0,0
0x372A2776bC8644a6C5C67E41DD4eBAE5102f46bF,0,0
0x5751959B8D4c93475E3f0998c3730d342b4e220c,0,0
0xe96A34d01dD3a4A0EaFd13d917F1C06E20C21B7b,0,0
0x4bf594FF126f559c4A098Ca05aB7af3208c5C7FE,0,0
0x65CA0D91D13914dB23370E5A1E1aF20B61d1a67b,0,0
0x08854850e9072EAAA66b4e6Df97bbA5408fb2825,0,0
0xB5d48263A1184421f5f18F02eF7551f22c743ac5,0,0
0xA41Ea1EFE9F9Fe6c6b8466513ee76A687ECD9C76,0,0
0x75ea22CEb135E1a1f3CF2C41340C8bA06f3034Ab,0,0
0x94CE65ec1844671fAf5252d42631CCDDebA41A83,0,0
0x862011A145b3EF7D6D01F8F3475B7B24ba902cCd,0,0
0xf9751D01C8A921bE620EE870E03BAEC535646181,0,0
0x2EAA388cDa0d551eC49978536Cb01e35d64F800D,0,0
0xE74De8421F8bB5A66B46328a5F5e51d3677cf548,0,0
0x4cE91566D8aAC9aef9853Aa9Bc455edFdA92DF61,0,33.291223073526275
0x67f3cA074916E901e968fE962Aa8b60BD2B375af,0,0
0xc6F0274224D4aeA6Ba8C0d154CBFd22aD2c6086A,0,33.291223073526275
0xB6Ab5B7239be7B238993Cd86e3c85891A05ebf68,44.537231528970935,0
0x83940ff887d91D345E9aad26fc3f0bc95F7aB36b,0,0
0x8B7DB3d18133b3c08C6514F4817fe06cFCa9c841,0,33.291223073526275
0x9771f4cD78a605dFDD700Dc8bd72bf687EAa2343,0,0
0x74c6Ca931dC9e32c9934a956344373529eeB7f86,0,0
0xADD718A134bA8cC0dE022a5Cc57A4d3028228767,0,32.21097689709917
0xa5c118c926D75bf4b27fC32b5bA5A810450A8d02,0,0
0xFBF076223D4710cA4945B3c08C07567F31EFEaE4,0,0
0x46db57390C42f87F2017A34E682861d324b212E0,0,0
0xAbFEd896CebEB8Fca8CeB60A7b7bBF9442451442,0,0
0x0af2Fed51e34f50235c5d82b0825749Cf95114B6,0,0
0xA2EeFcc89D12d1C0e60CF0Cb2b9D808694610411,0,0
0x2a3064133C2D2ED5AFe5F46D13AC328c3842c5E2,0,0
0x043126955CA2b5f59cbfBe0E678878E9040cdBe6,0,0
0x848E1769cb78B93F64d98006690E6493b47F78Da,0,0
0xEE730884Dd9564C36bd2EDb26F17Be16533DB01a,0,0
0xc14FC75EA09bD6DBaFaDc52824464DCf576DB4FA,0,0
0xA9860C9068B2129C217DAe3e45979e276aE52344,0,0
0x060ad9cA8124D74E59F761555B40C93f79e0F570,0.11010402957679827,0
0xa16218A2024867eB3640A7C36767741F42535D75,0,0
0x726641fE05C551cb5d5CeC18c721cff2B654dAB9,0,33.291223073526275
0x9Bf848bD440709784763C4Eb351E9fa4Bc7F3205,0,0
0x16409CF8E8A0c82621Bb51D8ACDf83A52B6Ce4F7,0,33.291223073526275
0x4E20Fb35C21deAe80b180c3BCc697E1B39720778,42.436798771320596,0
0xA94Ee1f47E7796aD31a7dEecCbF469a0a1b908BF,0,0
0xF9936B96e6243e087f0432a77fD7F628b1eF19B4,0,33.291223073526275
0x1e36DFAae5425B884e44652cE21d42B48403C725,0,32.40738529281319
0xdF71f29e6c9129Abf67692378662a13D05AA511b,0,35.019616955809646
0xCfEe4561451d12edc58197f8D25098AB7386D3F2,0,35.088359894309555
0xD4FDE49FE455AB8637F705493eedb1AAdeAAa21C,0,33.291223073526275
0x238ADf8f0CE703591907C9718f1755E85F33f276,0,0
0x5F1b6e74Ea3Ad8F7c214F097da300C119143ab53,0,540.1230882135532
0xf72224b80D4cdf7e09397498212E1d72daDBF4D2,0,0
0x1190819ae0739e3F0Dd28f8b516Fa059E709Eb1C,0,33.291223073526275
0x997ae6C973b334C2646144a946c5980Ffcde2Fb3,0,0
0x71C68Fa9119e9720c0f65760e839EF097f6d6901,0,0
0xa1662aE373e8fC3B2454A2fde1Ec7D5e9a2d6014,0,33.291223073526275
0x7547b8fAa59D40defEa26A3b414268F7cf35624C,0,0
0x6d012e83A1c1a1a2F96EB3BA11875a39C8BeE05A,0,0
0xaFAEA5d02bcb3E2F20fbF56399E0E286dB048c8f,0,0
0x12375f246EdcCe192a967FAFEd3E658f8F7dd727,0,0
0x7117d56b51F1afA3E3a0CA6BBe9CF865154ADF7c,0,0
0x22fd88E408B480998607Abac1e7da97c9B1a5c9f,0,0
0x4e9ff6e2eFa4DC39479A724Aa746e02694f66C91,0,0
0x0A0Aa66eA1d548ae23C4577Ae9E771a204F00723,0,0
0xDEA3A88e033843D437d10446f117593fE5eA3250,0,0
0x7E3d37A5eB6433b84e3916B455bB396B7F0a008b,0,0
0xc706992Eaf174701fAA2cee5C9Edc577005a873B,0,0
0xAaF23932553F4F38629E2035b6926c1313dAF51B,42.7371088100686,0
0xec922c67861289dBDA5F47d47B9b1A69E1c64eB9,0,33.291223073526275
0x55d82F42d16928CCE42eC887DCB288f2CA1cF148,0,0
0x99DF75eFb5A291cb1d2aa0501C2d50E966B5F55e,0,33.83134616173983
0x66858D41fFF0edB2B52e2cA8E5FA32Ce2b6A934D,0,33.36978643181189
0x142091D0dF7FA1C070bee111C54642A8EdB306db,0,33.291223073526275
0xEACd8A61225d10A84e9f137F17888adc8B96B6E5,0,0
0x70dd1Ee26e5D09FF937C3a145DFf2216ca3b93e9,0,0
0x6C89FFb3b96FFCB6746473942B6e369590063b42,0,33.291223073526275
0x79a42CEb9335a155D8d8B328D2486A2fc295f4B6,0,0
0x7CdDCAE1c20cA9753aA471c7C8f04C26E32027dF,0,0
0x5113b5ad4D05b5b9d0760cCbEb5b6eeF6cfB8203,0,0
0xaeD5d3c5b6e659C6462c112ACD1D31AE49EF6BFf,0,32.70199788638422
0x8189F3485d849E56519acc1d78cfD3506AD14bFf,0,32.60379368852721
0x46Ca273cE2354DcFAACD991Ab85ddB69168d1576,0,0
0x32FEb0A93C750A281A76d53E5b97aD3F26E75f41,0,441.9188903565435
0x0aDDbaDf7E037bAea68DF2e74483b7F75107eed2,0,0
0xB296B1038beCD625038749C2205897EF72A49820,0,32.30918109495618
0xE7B04C3dC257ba2cF04E13C7F460a1ad5C421f1f,0,0
0x9A1fdEbB87c5863e0256a37Bc4f93835998a57f6,0.09360584597674107,294.5207636036673
0x22b18232d2b79b47485E843d729C08a9c23c9efE,0,0
0xFaE3E9a6df8ceE314e1C4Cd803571eF7CC999F5d,0,33.291223073526275
0x4fcF851219095759fC70BD6228553C39455388e9,0.0904856511108497,284.7034048168784
0xc042ED0C5D41B38DBef792B290bcDdB223100d6e,0,0
0xFa67337790B31Dc73d8A06231cAC5859E143fa2f,0.08736545624495834,274.8860460300895
0x7aE614Be84A67035e1CA893f8F869a1c553D504f,0,265.15133421392613
0xF81ee00CeEDdF378F844888051288e5e04C8a2Bd,0,0
0xA75fBA0D86C348083d866404f08a779d3Af11c3d,0,33.291223073526275
0x885d4aaf8a0171cf2ce758748765F94eb32beAbF,0,0
0x1aa1484C075f7fEc0c6aeF1c0b62615Fb0C6DC0b,0,33.291223073526275
0x151CFBDdc4D6428E3C7ed8A267630604341e1854,0,34.4794938675961
0x51B0D877fb821086CEb352fA25fC31762bC8e680,0,35.687405501237315
0x662CD88b8C83C37486eca2A96A5b7BE72beC56C7,0,36.728369998521615
0x8b3d60f58DDea82a4C53FeA3D0f24F2aD08c2359,42.7373194112205,0
0x21664883682530662076220542810476a306E8E4,0,37.17028888887816
0xda4aDe643740f446C9Bd858ECD921c590dAd1D9C,0,37.67113029794891
0xC5Bb70B1009e1E8FB1C381E4F7805190e2bfFD31,0,38.02466541023414
0x36246cb8af06A7de7a2D241C69aec7FE060a91ca,0,34.83302897988133
0xfd4DBe7487452675D634Aa0bf328B499f908426D,0,37.31759518566368
0x5E4643b28f6633d1703DB774F7359465a369CEf8,0,37.87735911344863
0x5cA3FABEC0Cfd91C93A82C20400F55402D37e42f,0,34.00811371788245
0x2a9DC1aCac49D3162213Ae9BFdD9665C0aDF00eE,0,35.78560969909432
0x7794714e9Ba4c07cf7851a9fC2C5E8Fd9a827db8,0,37.121186789949654
0x32fDf85573662817700FD516e54dB521bfdE05f1,0,0
0x2EE7c773Dc19d3f09d92b519287EAfC494727f30,0,0
0x4b38B7F53E5b61D2887d2Ad821936DC2bb16d0C7,0,0
0x589a4730ae9CBd3dc474F76C97D2AA381462acFd,0,33.291223073526275
0x26Ce6406959f45d6F5eb8f939926565fAd14d75D,0,0
0xA74Cc62c7759b80d2Fb4963697A1dc14Ba1FAEd1,0,32.89840628209824
0xb4e472868AAE3872f49d59f42bFBC9065F77CC07,0,32.70199788638422
0x4F143729c8754Fd0E2422A2988d13c35857523B3,0,34.27326505209638
0x59C4bd6E7D863769d79634A134f934C6a88D198e,0,34.27326505209638
0xd2DCaa4490efBcdD93c5E226Eb3a7d552339A497,0,33.09481467781226
0x2A0303636E4FCaCAC27A41Ef4A399FE74c5970F2,0,34.27326505209638
0x95C7F6E009a3Dcc3cafD85C9C23E36C73D231adD,0,34.46967344781039
0xB7a60098ec2da70EBDEb4e85e46E46E02c94d4ce,0,32.80020208424123
0xDB803c7ec1fF49fE69576d8a4D357CB407a29992,0,34.076856656382354
0x4F73245E79f377aA0CE2f08CDa0b03D6B9ED78c5,0,34.17506085423936
0x5a973AfB5Dd186946518CD58f1FB169e0e8C11f8,0,33.291223073526275
0x38f28098dCab9fa6D36CA558bfA24b00Da0358a0,0,0
0x47A0070d8fcE68489A92B56C4E64A548152cCDcA,0,0
0x102229196e60DCeEdccaa38DB093A03BcDa1AA4B,0,0
0x01287c9998263B5635700A8E5E23D9E389382919,0,33.291223073526275
0x417Cbe4FCc88b46266910a3155A6bF1077bE8Ef6,0,0
0x0DADFFE73Dd5d3A1B5A1b81336320e3B793204F1,0,0
0x7F1d60CCD6C59081670F86D36a164B5a1293c1df,0,0
0xed35d4300B67755877780257Ad5990841d3115ce,0,33.291223073526275
0xe369c603f7D2dB68Ac6CfAc8e3F86D5b3ae9e60E,0,33.19301887566927
0x63dB6dCCa7c46507Ad2c29B4b039314394e59DB0,0,33.4876314692403
0x2432fF1396a7C65F4c259DCedC771f1E2117c631,0,34.076856656382354
0xBFc288AD5e64B126e4cb7d0B671EC3f8639c9982,0,32.99661047995525
0xc525923b7DA52cAc77e23bd4266535BCAB0385Ca,0,32.99661047995525
0x30886C2d6A6AeAa13522753345b1B8C58836ac7a,0,32.70199788638422
0x278aeE4F2480270bBbef38C731e727aC8A0B9DdD,0,33.291223073526275
0x703E860ea084498b13B5827E93AedB8eCB9c47ba,0,32.70199788638422
0x097F2027c96cF09F26EDaC1F5e96772Ecf23561F,0,34.46967344781039
0x700A9Ab0d074e3A754c7bfDfEdDEE71174a7f3e7,0,34.371469249953385
0x2777e6747b1351Cdd6Eb939C2a7E7DDCAad82f3f,0,0
0x7CB022Ef41DC88d91a79F84Df9275D3307B9e8Ea,0,33.291223073526275
0x3B5534C77c3aE0f5bFC5EF6961f2AE5adC7FffC4,0,0
0x545749aF0FB1aDFE789e0A95e0DD59246570977b,0,0
0x36176F650cCcc2246A4ce432e39f0db3a198769f,0,0
0xf5Ef2cc66e5AF50bC033066464219e46B8E1bd9e,0,33.291223073526275
0x69b39b20a75F7e9211Df9BD228809BC203025604,0,33.291223073526275
0x717e5B1b13c3e20e01Bb95845b3cfBdD35f4EcF6,0,33.978652458525346
0x167223d6207f8Af2503f37c8e69948Bf2fC1a2ae,0,33.58583566709731
0x50bA45c3017188Bae20c2580f56ACAC348C5d130,0,33.38942727138329
0x47EF7eCC2a60cA984b72feB412a09027eCf8f113,0,33.291223073526275
0x34990D8017bB686849A98b9BB86e1F6c5D986d29,0,33.978652458525346
0x284d0BE574e0a3CD96483929B4f988feD7850d05,0,34.46967344781039
0xb8D2DFb70FA0109b22EE6a402A4415ACA37D7Cdc,0,33.09481467781226
0xb40c1c22B36D406ACAeeCdA54fF6c4E29Fd49a2D,0,32.99661047995525
0x6c23215B7618F2b1B842F29A1D257cE1AC2B97E1,0,33.09481467781226
0x6C74c965a36bdbCD3Fda9dec75De85Bd63d0d00b,0,0
0x86eb92FB77C95c37cF4Ecd38bb2889C14EdE8FA4,0,33.291223073526275
0xa3E2e498E1DE32a7D31040bb3E8Be17510e078Eb,0,0
0xa36fCF38964869A56364F7B3d2706a2F64b6EB46,43.63717016951976,0
0x7E4243107fC2EF795D4703cC05A5d03E6D9b79dC,0,0
0x8702fB733bd9Ab16A8986D0B7d284F88F194bCb6,0,0
0xDdA79eD342A02448215a016088f15284aB111660,0,0
0xf31bEc189918556C3388961E174B5449982A312d,0,28.94151681031253
0x5bA8111010Da5836Bf97c37174992a3c7051BeAA,0,0
0x310d43C6e91EE36d2d588431Cfa1ef5993150ed4,0,0
0x351b0289A71C4a07f704c1Ea95aFf097c0250F3F,0,0
0x05F679dD6B70b2fbED17Df0E23d81B097feE8981,0,33.38942727138329
0x99A9a7Da57bC32aD84343D564a707d62B9C72A56,0,33.38942727138329
0x3164A3fd4c659a741dC9a16E39B9dc9925d4c72B,0,33.38942727138329
0xAf7d2179050d1956a8fED9B8bb2a2E589aBd3fB0,0,33.291223073526275
0xE84bd77CC2e9AF0cF836d164D40bD622fd48454e,0,33.38942727138329
0x821a2ACB13619DB215502D3bD948d7aE96d32A6F,0,33.58583566709731
0x0B8D5cF2B3fF0E968b0412faeAc42Ff1a9449Bc4,0,33.09481467781226
0x3443673D527a1C085f5A5d818E37d9FB0daC065A,0,33.38942727138329
0xDE72965509eAa723791FF110659bF886b9d05E48,0,32.89840628209824
0xeFE6E35bC7dA3A6550eBE7D883b8C1d3f64a791A,0,33.38942727138329
0x58E7209Ba3239a60430804dAdED6E85f8D6CA2f9,47.74089857804105,0
0x29FaF871b74525Ff7970932cFF4f3BAA09702EDA,0,0
0xEc669952dE8c36D1FFaFe4cAb1514Abbcba18e77,0,0
0x4513C9c468a9C9d608612F9d98389A576643e32c,0,20.11190151225108
0x8b6D64CfA41aa79944f2d0063b0565e1dA083c2a,0,33.38942727138329
0xD4290fa856e3B7606561981C64eC933d95a7E062,0,33.38942727138329
0x5384568FD32469430eC3604aa1d8236C03E5178a,0,33.978652458525346
0x0ADF82Fe5eA3Fd0a9f9ceb85250b47efEb52156E,0,33.291223073526275
0x9cD244eeda27CeAC107C22199435dB1A75398c1f,0,32.89840628209824
0xDA53901a6961525c480b2350A7478dfb0eaDd209,0,32.89840628209824
0x3d37776Eb75B2873AAa5D9E3f999b2610088a76c,0,34.371469249953385
0xBd9FB86f16982018ac20496077374c508eD0e960,0,33.19301887566927
0xEd3B784bEc2cDcD645b5C9Ef89EE44314E6bBbe0,0,34.46967344781039
0xA78AAf33CEa545501991f11c4a10690dA766a613,0,33.19301887566927
0xfa012Ea98e0A311E9ABE87D0A30735BA6Ed9c8d3,0,0
0x0A61DF41Dcf1f80742d2c76a7bdfCA0a3055a51e,0,0
0xE5c95789AF1e64F4e859285D1c1199092b931A4d,0,0
0xD34Bf08125414C45427Be6E21cc2B5215332E43C,0,14.716025496769083
0x40666c9a2A741D06C46883a9508e65754365E391,0,0
0xC28F6B00185195930a7a25A35201355B1158c200,0,33.09481467781226
0x38F479F4903c54D6702d679958909B00d617b90F,0,33.4876314692403
0x52E5637B6Fb94FFf70e875A3c43DA31bc900a38a,0,33.58583566709731
0x6CC96A38f8d7584599893DC5a2FB12C4e31F5500,0,33.4876314692403
0x558C2F25Fc68f3221b42e5eFDE4b62929A94C35d,0,33.978652458525346
0xd2eBCC632Ef8A93b95faAd1dcDeb0AbDE119eAE4,0,33.58583566709731
0xcaA82A9EB63a79a82Eb0aD996aeE666ef24D4D84,0,33.291223073526275
0x19f7CCbED3a6b7407f5059fde57DA046E5450514,0,33.978652458525346
0x7089F8Eb9d205cD624592CB84B2f76013CDadcc9,0,33.38942727138329
0xE0a88D6EfDad8BdEf2F107B06278e68Ba61f9edB,0,33.58583566709731
0xb568DE06Ec6F19CbD5909f48E6eB901be396c59d,0,0
0x025EA6754e3A1fD256473F8cb43c2E6Bf9e578D8,0,12.753888763866538
0x292f591ce6580E0839BfdD78665080747D1d8f21,0,0
0xA42f9444e02a81A47287009E440b247b5c31270B,0,0
0xDe2354B1bC994d16509fb019A2dA967288EaE89b,0,354.5171542638049
0x5717D2369f711f61EB1d090E0270f5674Fd87994,0,33.291223073526275
0x620472f47ba9d7453ccA3269Ffaa31E85E681294,0,0
0xBBbF1ba99761cCb60194989EC573F5bF21b670D0,0,33.291223073526275
0x451d5c5e185d8453A845a3DDA035Af83C6908CE3,0,33.291223073526275
0x910461bD682D0f3B60e28F22D7E27019666BBdBA,0,33.291223073526275
0x1719d022d0447a2E2e00Fa4d73389567dcc296d0,0,33.291223073526275
0xe3Ed1406e83C457282380cD0D40f5Dd01381f833,0,33.291223073526275
0x8308E42cbDeAc2bEDc3BCA6608250ebdfEcb56Ca,0,33.291223073526275
0x4505Cc2AE98012ADE1e89F5cf55C960eC3E2F37f,0,33.291223073526275
0x33A21335164c498E9F2044ef89058f4bB24FB099,0,33.291223073526275
0x11f3Fc21BE5524F7399f24545eDa75a0C7269A2F,0,33.291223073526275
0x473CA76a934D34f251CeA907aBCC42678F4Dc499,0,0
0x8a40394d44C20C116B2D1e4E653b60e9A085b2E1,0,0
0x475E13003D2E3Aa58a15d6b6B76316f74D952878,0,33.291223073526275
0xCDf05608F2600D132d7c73ceEb0D7c910688A752,0,33.291223073526275
0xd3030785c3F0c11F43fbCCCA9C16f6C6e505FF33,0,33.291223073526275
0xb132ce92b39A0362EF5d41408F2f9f4619A6c86D,0,33.291223073526275
0x36e6cFccDa871226615372b6C8371A8890505bCE,0,33.291223073526275
0x4d3670a2EADF4b50C3813A5FCA1B4c7312ad3836,0,0
0x44C503B3ea1F654b2289bC0FE548e4fc7bAe136A,0,33.291223073526275
0xE9f29904CBB5603cd4781fFF4aA59e375a1Fb542,0,0
0x3ebcC3653868dB55C9366c02b1778d314b1044eF,0,33.291223073526275
0xd7EE017d0c1E3dD1b04C1Da7a8eFdf09faa46821,0,0
0x6bc514C142f04D0bBefCAc6D8DCa16FF66f0AE0c,0,0
0xD1418Bbe09A020340BC9d2D7A39A6E87b21A3FE3,0,33.291223073526275
0x37fB279AAb00360549e877D2e55D06f591856944,0,0
0x74C4eb97Fa02171ffD8BfC88b3aeFf4B684e625E,0,33.291223073526275
0x8E4C4bC9fAE87C21c872fe2da9a656D93582fa59,0,0
0x9F6D0546e66391215616836c3f8b7735e0bddE32,0,33.291223073526275
0xbC0C0c7F0324b411dFFCB8BafBCC74f47eABd5F6,0,0
0x2046bB0195b8fE6089Fbf98B972675896666C3c0,0,33.88044826066834
0x46f4Be9169f473D99F5d5C8eD9Fa7481e5b8153b,0,34.371469249953385
0xAdb4Bf0f6c03470E1097cD2cF533ee8b49E4E574,0,0.7968125641964797
0x4aAcBd83aB0C7C5EaDeC718A37669f6d82999f4d,0,0
0x822f6b7560816aF197f1e8AA67cE727D201C4E1b,0,34.371469249953385
0x2FD67A3395b972483661Ac7f62870df81d213FBA,0,34.46967344781039
0xd0A4893372120378b682B32c7b11E7B1bc2075Bd,0,0
0x53A39bbDd8c1da87a151E00a5CCe103DC4473217,0,0
0x764f0e0acBA5d520A83d3e78D96172B387d70e61,0,34.46967344781039
0x29918c9BE8Bc957A34Ac2B696C796E7ae43A2882,0,33.291223073526275
0x08FE6a5996e54ec96cA03ccbc5F5fE2b670FB80D,0,0
0x66426b5DBFAc48c515bfe8778059e6C592aC88fA,0,0
0xb9C0E4232317834511bE59964e5259d3d4BA8926,0,0
0xB5192E878c78f9722565EaAD5934AC11b6b68812,0,0
0xF545737C04a9a212246D25c0C97503583f7710Fe,0,0
0xB97b99CfC5bFea3fb680Bb9BABCBEb5f419Fb538,0,0
0x2dF30D375334678Dabe9e64Fe6dB371438ab0506,0,0
0x0EBBFC8d21809FdA013520670B51BA7dfD440FB7,0,0
0x0252c798da34f816aEdAC41f8DEE1Da0ebBA17c4,0,0
0xBE4beE439339673cf8146CD095627300A7098F74,0,0
0xf93c28cCE2426D30C3001954F21B7D8f15Cd9063,0,0
0xA8254dd56EE0f72115CF1184D26c2503feA221A5,0,0
0x7E48F5505c0945BDb64E08b6b292Ef63cFbdDFFD,0,0
0x0fe54c8f49fDdc857305040BBf3aBfC940e218f7,0,33.291223073526275
0xBa8Aff2020167d5874A571Cc79B693D6A7CE5591,0,0
0xADB2a018B093baDC07036BBd11B5D61277b51eA9,0,0
0xf0CB2fb9Ca45bB8228229579B52d909873E94ffA,0,33.291223073526275
0x8479bB5F27499877a0C9291A24Cf11f42E79a31E,0,0
0xd28fA92fBcfEDE0118432000766e5444114B3890,0,34.46816608262381
0x7853BA074eA0e2439c82CD2cC2256A24D1Ad0E4c,0,33.28976724219223
0xD348D99B6a79e9bde53A10158A9C93a6d1354a7d,0,0
0x55A5a26d03aDA5Fa6373b735D383663EA2df59A8,0,34.46816608262381
0x80B0F23F93e6aF404A97314677B2f183bC717f70,0,34.46816608262381
0x7C385C658cc63e224F4C5674D76BAAF8E2227d86,0,0
0x571452D17EDf85bc1d8024F9aefb1B21a1C7F405,0,34.66456588936241
0x7EC36b261edA4cDd19Ad05fECb9b9e6a55690964,0,0.0119362237370746
0xA3AE8425c9f82305e0E116b7dc2556f490EEf1c3,0,0
0x4BCc30fbafCD97b31c926266129e30942cD2303E,0,0
0xfca75621BeE0176e19088bbf718984E1efe01aD3,0,34.46816608262381
0xdd4fa4869e7F390FAfD7a6D80C2889A725cEe69c,0,34.56636598599311
0x2b25a79ff10F1Ee8B0F6cf3Bf0E65C368C634901,0,34.46816608262381
0x52aF50Ba023d53e8FD3b876aC59eDe8b78cE2015,0.1000989687115122,35.2537653095782
0xb6d7aE6677063aE70614C2419CE8D3ffb8745D23,0,34.46816608262381
0x45e44BF48AC95A790FDaE0dee8151a280413E6eD,0,0
0x87cF6218A79343561b4133e1807A9bd4aa586CfE,0.1000989687115122,35.2537653095782
0x9529555E5d64b1F9Ee224754aD1BCf9e954DFb45,0,34.36996617925451
0xF88a4B17B73F65CF4F036F0b96983E8b862F3F6E,0,0
0x2C3348EeEB987aBFA83523870c4AD48b33643610,0,34.36996617925451
0x2Fe653C8AEeF85cC0f745b3D053Fc834A8f9F3be,0,34.36996617925451
0x39A2bb64fF8629C18D311f4FA2015DF3Bd902e6d,0,34.36996617925451
0xE5f81a6f63cfBf89941229429bEa50b3AF136fF3,0,48.11795265095631
0x98179e38E8439C021A0A89D8a646AD0F1961D5b5,0,34.36996617925451
0x56f4CeA78cCbf457f18E4844D7c0Aeeb3D5E65D4,0,49.00175178128
0x6345DE907ebfBCe49324d62DbF4b2fC8e39B60B6,0,49.00175178128
0xdf14436B7F16bD5666398395f8925893656bD0E1,0,49.00175178128
0x495264e36d28CCDCd308100bd450eAb221Cc66A6,0,34.36996617925451
0x78175a8Fce492D72E8a0b4Eff29eB1A0015cb528,0,49.00175178128
0x2F5937254ab86C6fd262fbf0ac73D8Ba1EAF7B26,0,49.00175178128
0xfed38A1bcD84Af24C09e30b63Bce5bE03197e421,0,33.28976724219223
0xA51caf43Cc4d18cf1e0D59401c9b8519e5FAD5aD,0,33.28976724219223
0xa6B0E3F66aB5849e600AFb55C55f6f5BeF293eED,0,34.36996617925451
0x3A8fBE36D0D818F63D85551c82f08F615c40e0D5,0,33.28976724219223
0xCF5A356736F040526cdDD98Da316F093B18db915,0,34.46816608262381
0xd7486FA6B1afC98685bF6D224b72D4aEF4D76e45,0,33.28976724219223
0xC1Ac11CB517Dd828D9b26066F849fF7BE5B91343,0,33.28976724219223
0x3476F3168c09C4BE329e6085f6293D7627cF03E3,0,33.28976724219223
0x9efd5a10b3Ea950A1Ef20d14FfF544bEE5e4C4A8,0,33.28976724219223
0x3EfFe5d8DD495D406D194906F10495288F03AC9C,0,33.28976724219223
0x14002E4d47f68139a5260F6448b1eCd1F9109A0c,33.03265967479903,0
0x6fE702992A3c050B0FA0e9F94df3b684723074Ee,0,32.40596811186854
0xE5c416a4506f44f2Abb9727dF036Af14E9835628,0,33.28976724219223
0xe1D44A4513E48356B8b8343b4F6373E2e9EaF0Dd,0,33.28976724219223
0x71a42E105FD56ED111C203E2766fd81FA32A03FD,0,33.28976724219223
0x9aA8B65E8c6D0B40a534B4dbcd78e4BaDDf67709,0,33.28976724219223
0x7A6369A3fB21E1c2A4f219F3caE08C0422a8FA05,0,33.28976724219223
0xDD27C365253526D0D99619761D7F404b38900814,0,0
0x7C5380E8104FA6e6fe1E74ba5cFe40E9C4A45a51,0,33.28976724219223
0xDFDAcE1289c9CaD85eAFCC585143C75eBff760e4,0,33.28976724219223
0xeEA8a516B67955e484Bec90176B6888C25194fe6,0,33.28976724219223
0x28c0E38BD65ea8350E27bE5071bFf8384F101609,0,98.1999033692986
0x580b369b0AE8Ccb00385f5aC0d489d7008bb6C6B,0,98.20972335963553
0xc454206A615dA8B59E4AC9Da6a038Eaa0b8fCaF4,0,98.20972335963553
0xBa5Fc932777682c066f4486Acb35f166Ea6C5328,0,98.20972335963553
0x830694DD786d4CC2Afa01c5d9e63090694A79371,0,98.20972335963553
0x6D53F2505f38Ed4e3E24c03D10231E29D75AEf58,0,98.20972335963553
0xBF6ccf334B59f7a105f25dc3C86ECcED840Ec0B9,0,98.20972335963553
0x94211fe7ebDAf59D0A74b25E454c9F402d0c0801,0,98.20972335963553
0xD1B9C30c40F9Bd3f5afcB573955741536BC7a185,0,98.20972335963553
0xdF1F7Dc5fA98E8917987e7d9C83F6d218b093F5f,0,98.20972335963553
0xC647F5165043603e7E6E5016e0a5f9a18B4Bd4b3,0,0
0xb4362aB4Ff65552E758FEdA0DBb9dE425D649cd0,0,32.11136840176064
0x70880dd2202Db7Ab474B874FDAF240b3cDf7AF98,0,199.7517719515447
0x6AE347470FaDDf37DbCb4061E6C7A0D0de9fBf4B,0,199.7517719515447
0x8a0e53920F2f901f649da871221fA18F6eF34A8C,0,0
0x3f285032635aA81051845A140eF1975469a268c4,0,199.7517719515447
0xF1d1a770cEcdD4225a8834a9F508058C20F28Ff8,0,199.7517719515447
0x937D70A4CCC252D871B2DB152aDF4ED9d09c5a16,0,199.7517719515447
0xd727aafcFf77C0AFCe1AE426868292112eFd9a1F,0,199.7517719515447
0xC25736432918b55BEaCB9c0a40931844F9d863F5,0,199.7517719515447
0x2Dafa8D9e05084046Dada3893d5C16F4A7e5f922,0,199.7517719515447
0x0bD22C062EeB175466222ed026e554EFC35a8c1c,0,0.36832716488766354
0xa473aFf5482F84eceC44B8871BF4Fd9784e858d5,0,33.09336743545363
0xd7B76dfD0605bC677a511ebE984782b952Dc8D04,0,0
0xBD9e32c79ea50377449E6975d00a868aE6a6e3B4,0,48.11795265095631
0xbf5D0fCfBEc4669a36261509019A708DC1C19832,0,58.91994202157916
0xCd9ccAda44330B0A2f45dAacb05867FE1885F970,0,58.42894250473267
0x3530809Feb76f12AB5FbDB63B3c819B24305bBF0,0,58.42894250473267
0x7A92Bc5588C8D8A38c1FfE712149c1F5fE29691e,0,58.42894250473267
0x12670D4eF0686aEEb01376d51CB53f9B7Cf939a6,0,0
0x0bc1884455164B562Fe07883506d797599D46D01,0,0
0x62156619CE69A9595502FB09657229fA50c0C041,0,0
0x3C8efE1D1514BE807B108426848E62336574550b,0,0
0x67CBF89a6AcC9Fd67e7953D5672CD07b8E31016D,0,0
0x2cb1b7D8209784dE44b6730fD9a718a1CEa1fEab,0,0
0x02451D165a14BDF0F78a954d3aFEC4FD88Db6Ec3,0,32.013168498391344
0xe0455041CF15d47210fb4bB241DaB777A4066F6A,0,32.013168498391344
0x44D0985e153c79A6934A044c92F9eE3dD73AB5e2,0,32.013168498391344
0xE85EAa2E40C24A03A04cee8C1844B967548231Bb,0,32.013168498391344
0x2b2726847329631e0B4601023F52604a7E60F92f,0,32.013168498391344
0xE8F4Ae3B15B6765D1A928e663F8AfD70bDc00345,0,32.013168498391344
0x6ba6513CD085Fa06036637731c6F85632D51aF7a,0,32.013168498391344
0xB5889daA5FD36e64073b0eF2B5B5C735fae5fc49,0,32.013168498391344
0x5c8261AD348dCC551390e26874C32acd611600c0,0,32.013168498391344
0x48197b9F62d6939b528E05e134CE1C156b50dA52,0,33.38650073861884
0x35ADaf53b728823F8f2198eFC4F46359106f2b0F,0,33.59271147847502
0x4A55fAE7bA2EAB4CaEa3c986a4F4AADda2CFaBa4,0,33.582891919434246
0x7f827ffF5AfbC2F517ac283f3511756872681d64,0,33.59271147847502
0xb6F636AC6786F3D101034Fe3D27dB5bE712989cf,0,33.582891919434246
0xCde2593b6B776f3889FEB981149c7Ada46E22E6F,0,33.631989714638095
0x89086C7Df0AbA06eDaF479000537a6bFCCbf6891,0,33.60253103751578
0x8bFACDbEFf83217a04ed0A87c9881CE0D85Ecf4F,0,33.71054618696426
0x4dE5088e23E5b0336E8e6d272DC7Dc68E34aD388,0,33.77928310024965
0xFbc064E92cd47940A0C34255b85149DeC455A130,0,33.582891919434246
0x48F9b963cB684457E9bB866eeBE3a833871bf3c2,0,33.70072662792349
0xd0a5D7807dD15d2e344bfF42Ebb4E19A6b796031,0,33.59271147847502
0x8f026d7e20c8fC03539054fa4BD003d9d97D11B1,0,33.38650073861884
0xEFb042d5E93134a4e363AB0cd01D6835AE0E5a08,0,33.631989714638095
0x4253b1e009C67E3D34c5Dc52Ac981fF5542F07eB,0,33.77928310024965
0xBAc90568A18305e13942beFC8B244D0523201feA,0,33.77928310024965
0x6D45A311957CedfC4C3cB9D1E45830B844d93D7C,0,33.60253103751578
0x357CfA10d705C20322a1cA840195717F502465EA,0,33.49451588806731
0xCa51AbB480ee5bEDB5BaeE3690002A3A72E5cF0a,0,33.582891919434246
0x55Bd8aC0feEB6C515Fd52929f439bC68BE7f4C03,0,33.975674281065054
0x4151b86987eaadd14DCd64ce74dEE22EE585Fa1D,0,33.582891919434246
0x0E4aAb5763DbA65eA380a516f74Ee12C2C04d3B8,0,33.681087509841944
0xFf405E6B159c5d0bd4148ea981A07DE00573488D,0,33.631989714638095
0x19c333A906Eee137c283E467ee072C7E2a4C6F76,0,34.12296766667661
0x68955c2b223f7297c111e0C9EbB21bee84F35CcC,0,33.91675692682043
0x4F220C6287E33489c63ef01487E7CA7B53898468,0,34.034591635309674
0xE6a8Bf2594e596CB6968933189D87FA218BF520D,0,33.77928310024965
0x505c8e5F01d1AD0Ca923F2df1C81913F2A16D7a0,0,33.926576485861204
0x92CE224f0E33CEd2abd0341Ad252Fbb884230C78,0,34.044411194350445
0x392256F56a4f23337B84ca9aF0b7E66dA45DF852,0,33.7301853050458
0xDe39D432078855B3Ad6b56e269ac09B15756A873,0,33.936396044901976
0x156259b8C228d05326Ecb83fC457f64f92C67c56,0,33.38650073861884
0x088EF88011Dab9059f04eF86CF6843Cd04bd7340,0,33.87747869065735
0x7c1b34a08EE59f1460bb0c561544f00657D94093,0,33.8283808954535
0x97F9DD4F69a44cdf24079338A063A2D97eb8A2e5,0,33.975674281065054
0xc8B8B02f165283CFF2C90610D4315bB36CB8638d,0,33.975674281065054
0xcf52A5808aA5488C3291c3A430cB9Af1D4E19D86,0,33.49451588806731
0x8eCF10c12b75AD7e008D49a138c799FFC48d84ea,0,33.50433544710808
0x37Cc9DB542Ac2E3be3be238e20500DCe80373951,0,33.87747869065735
0xb0aBED57148899Bb01786D604C3576B22089C3A0,0,33.91675692682043
0x555718B0d8813d0606Af1D697f55892fC09e24C5,0,33.8283808954535
0x11372cE95132F94F0A9732EfDb61490d72fFA4b2,0,33.65162883271964
0x5993C8845461713a72D6b72C996677234EEc2C55,0,33.8283808954535
0x1D057a4DDc709d0c93415540E31E7c013c22B030,0,33.76946354120888
0x2ee0f44A2033b336ACf46013Dc2DB6Aa194A7A1e,0,33.936396044901976
0x51Ca6128fA7BBccdae3aD61452cBF35a30703dA7,0,34.01495251722814
0x29c4763aFcd95B66b5e1fD4C26f77A4140d7AFbE,0,33.8283808954535
0xEb9E062d4Bd48cb7efC85e600883c7aff994b7c7,0,33.926576485861204
0xC09F41a9e02c1C9136a1f74344BA8e11f5d3cf45,0,33.7301853050458
0x12A41241C028ef4F23eDC389234b2F7a829CbBb9,0,33.582891919434246
0x67E80783Ed2814182AD9889aFAbee912bf3c594a,0,33.80874177737196
0x642323626bDFD310F2241021062A28d681Fda520,0,33.87747869065735
0x38a57237338Ec074d3C50A1513E742f55116E40D,0,33.91675692682043
0x4ea9d56D3f5575203E944fA16296755FC5c050A5,0,33.73411312866211
0x78cF0F09C95AC08A87Fa16C64F01c60478eCae70,0,33.681087509841944
0x4EDCa79228818188F417eaC44AC1A70BAd5ef000,0,33.87747869065735
0xd655eB3067BE8D475fb057E87987311c54e0FcD4,0,33.77928310024965
0xff220281064E2e237F54C7dB44197C588D1C4442,0,34.07386987147276
0x9E1d1948AB1Bc7f033dA3143C4EA6Ac99D66fc09,0,33.78910265929042
0xbB7F8e8003F31091D0525Faf87Fa5a3a0Ac8E814,0,33.975674281065054
0x4Af4511D4054b9cC3A75Be6cFf21666E2DCAE0d2,0,0
0x9a38a56266dA50C122e45F0Be4edB94692433455,0,32.60093601535722
0x8B048f94040DDf4eaB819bD226488C73d09d9669,0,32.502740424949515
0x25B7161444B48b5d970E872Afad57ff21F32E6ff,0,31.913566882503304
0xBa7120C9aF1A58e9aa9D2057efb5b5525F01e74F,0,32.40454483454182
0x12aC1a8A3Fb10dB972908Dd9566A9B9564b038E7,0,32.502740424949515
0x4d81b97b398E4b74aD65188f8c9e0c67715DB5Aa,0,33.38650073861884
0x57E7E3E3D15FE73Df80b3af8135b9836Fa088955,0,32.60093601535722
0x3f501416dD4A7D53d0Cac40CfB048e182858aaFa,0,32.60093601535722
0xDF8b90043648F346E580558664004639DFD42d4F,0,33.09191396739573
0x5d930107035fEA8A14Bc98b39222B6bAB5fD14fC,0,34.36845664269586
0x48aefF0bC3E10d54E97902716c2Fc0A0F3C489fB,0,0
0x0993De432f4Fd3622bDE4d1bf0145327aC4ad473,1.0009457234254389,0
0xe11394F5F5BD7244e73A253B2081Ba5BAA7d2432,0,33.38650073861884
0x8369a4451b6Fc6679a29BbCB13DEb5B78928d9a2,0,1.4828919194342443
0x134d645301538370406DF6d8b0803d569BaCc242,0,100.45408898707963
0x06ad94bCCfB7172346B7B2f24CFcAb0365C8Ef7C,0,34.36845664269586
0xf9ca771284B7047fB7f1A0b09f355093dad664Dc,0,34.36845664269586
0x40e099A17E0E965d3A978A1383146aC3F71eCb28,0,34.36845664269586
0x2dB0747FF01D83e604f27b52589620192B8A0407,0,34.36845664269586
0xaE6969850dF52f1F51212b88AbF6Da2199C47585,0,34.36845664269586
0x8acdAC0aF6B3d8d6702b4227F1930100291f0ED0,0,34.36845664269586
0x0756A1C64A1DD5154B856d2e2fEFE7fA21b6c350,0,34.36845664269586
0x5acc44197223c5A3C6eECc1b5D49105202d056FE,0,0
0xF1B209F9a87BeB70d353fF65B456A848C87b60b2,0,38.001693487780855
0xd76715b68e29435124Cb48a32a8146E06594682c,0,35.44860813718059
0xdf907D8C6D4eDdB7a8B15a4F3f0bDC99D948F363,0,0
0x8e197DFa62aD7C82494c345cb427e19bdb9CB462,0,0
0x9e6Aa6fD1d96cF9571CF0e6566FeAB4bA5E32b0B,0,0
0x4888186f8b3a97d17D3845656788A01e4903259d,0,0
0x5D74a115f8a56576B08FE688c038f45b6a7184dE,0,0
0xD217869F731CD813fC4c3cB5C89E2679f9a1b356,0,0
0xb8F3bB2a937E56a20b27DFfa940921E94C59EB15,0,0
0xfBDcFE1Ba34fA62c0bDEC7f547d95661D11ec30f,0,0
0x14AA8fb572f3E0d2594aDeAC9Ba1eeAa45b95f3F,0,0
0x472F20A9030A074E14738218300DC9Ae685b2396,0,0
0x8BD7Ce81F68Ab06f3BA5cb318C6e9325C24408b9,0,0
0x70615501581901C6C73e8DB01e605619575CF200,0,0
0x2b87FFA07796AC56cfF20036c89CF4FBEF2ada3d,0,0
0x15d7db165BAEdEbd8d2e1D0aF68bea6949EB8d94,0,0
0xa07AEEB8154AE370a6922BBd130ff82286b31865,0,0
0x62924B57F82B18DC9B0b30881D95A10d00Cb5fAe,0,0
0x538b67536FF4dce26Ee17751c4e6847d74a814EF,0,0
0x5f1C902E3B56D0C2e4998d98C585451848157D87,0,0
0xf2e7162f75D404Bed324b6D46742d2D25dE8Fa57,0,0
0x7bBfD46117F920dfFeb4E0e1a2F8D1104F3F98D8,0,0
0xD88C9d5bAd383696Ad83666Fb1CE98d2d1a708A5,0,0
0xbb44c9b20Ef9411302E90A421Bc102EcDb8450C5,0,0
0x3564BDDFF7B7C12966Fa8DCfa6044c90cFbeAa2b,0,0
0x0EE73aA8DdeC590bf45A0Aa95aA372D9F5EFD27a,0,0
0xE7e70DcbD2C29BD3855399FAbA6966DaEDaAEA0d,0,0
0x65b9F2e0B0A5dD39E2134fC6EE843E2E69ef7BF8,0,0
0x6eAF517e14e6F03C3b3d6884dF2F2FFb72F2e38B,0,0
0x3126FC89378232F475DA2D41E2828067E92e5af4,0,0
0x9A992A4186c70bC6e632355A3115Ab53fFc5a13a,0,0
0xCaeBc5A1e1874f4EBACd72bC8a33EcfaBD47B432,0,0
0xbe492552F3d233Ce906FCa023Eb693EDAf120C66,0,0
0xf95B2df6aba48992e25bf68B970dBc51D8883bCf,0,0
0xf28F7CEf2066767eD3fDfF5CD7cca3b06AE11ac0,0,0
0x657C7023d9A6fE47c39d9E42e0A1143866C14995,0,0
0xA148257366b3793f0f8e8C7BBE3ff21bdc3a1b55,0,0
0xf2875261B4927550134C5caA1C01C321F70F3be6,0,0
0x32b7b0d3A66aDcfAC0f8B083f86084E26e964416,0,0
0x12c242e9703126a279022D68cBE839EAa234520b,0,0
0x65b268c0835037B059479Ad639B0251F353257F0,0,0
0x376DeE3A0462a8BcFd0Fd89A5aB00815E7f896Bf,0,0
0xFd4Ad50F3B1e29c78fdccd67D3a187F7766E124b,0,0
0xCe2c9d22155eC1DE602637880c05D73Fd84De6C6,0,0
0xdFFDd0B4da52C1de54813C03CD12B9e0E1695f36,0,0
0xfdF4795f8Dc703c9645EF67BDA85F535B50bc10F,0,0
0x666B5347Ee3D2d3154A268219f80D6FB739eE4bd,0,0
0x7d24fdA3E6Ee38E6e99B5b306240B835b9b54C99,0,0
0x1CD26581995e3Ab841033442473d6A0fC07B2F3b,0,0
0x418BcD8b79DaEb825F884dd56567D85ccc300E97,0,0
0x6E7a6988C009b245A7bd6F859476Fc60248bC129,0,0
0x6Fe15f4C878e1b6bF8E05165e55d7f68bad45c82,0,0
0x4215f5eFdD99d33dC933B61a224338b0B0971955,0,0
0xfD7C528D989F6ba6dA4DA36Ac85300d5A07B57bc,0,0
0xa1D408F661Dab87681E9128d0379157110BdAEf4,0,0
0x5Eb467DBf83b9D77D2841f177409C9a8383EA7C5,0,0
0x087f0e87F70fc7dCd0f50AD9Bf670A459d56EEd8,0,0
0xb3357FB915249F3aA95b9fB3eD5c4181578a725b,0,0
0xA585276e05EBcFe1ba3C257cFb4bCFC4ACE92525,0,0
0xC3be91c3d2d803e6a73D8F8D7c0F2B8ab015F679,0,0
0xfaea24edaA812628BA8E36b76628F6ED8bBa0257,0,0
0x155D227Ff983479CF88eE0A693F12A0971b03e21,0,0
0x66d6D9FD42C4A5eF35AC9f92E62Ccdb6dE50d82D,0,0
0x5f20A75B264F43422A530A2B025611fFaDb95c61,0,0
0x304c57c3b4B3d0Fb0ffF0FEdB895EDe21d4838fE,0,0
0x7E1e52B1895Fb3ed3E8D0840Bf549dCccf4852c0,0,0
0x95EcbDeE06455D64b398221F5145534c33EcEf8D,0,0
0x6D49608A6D419141289795D604Bad89395b80EF4,0,0.003524876276355772
0xDa3E324b0066206B727e2b217f1a8e5C7CE50Aa4,0,0
0xD49D68b249b7D48Ac727b6DbFb07a694778C1eA3,0,0
0x14bce4B86622e8F069D5985b644aa1fedE002AdB,0,0
0x5596AF687d5C7b5677fA059D4A33EA9c9DbB2C50,0,0
0x79383CD14F1B8cda71461928844cf96332FF1Ed1,0,0
0xE4c6C3016e2d8f72A676985E7AeeacDcb74FB88A,0,36.32254889180914
0xE6c47Bd840dc99bd038848631451BE9254b51428,0,36.42074448221685
0xefB9c52E76C8DDFB439CbA2cd8A6f3badc6e357a,0,0
0x4fD486B612BF8ab6f80Ed48f44b1282377d7a6a8,0,0
0x11B47306bdAAc9d590bDa6f422dC7a6845d65f2D,0,0
0xE5EA7e489E61EA2171BdE27F4A3bD0cC92A876D7,0,0
0xd8Bf403bc5b39444F2d2d6db59e7222Bbe6Ff8BA,0,34.36845664269586
0x1ded15BE82f11F42d9F673b08CFA7ECeD125ce00,0,36.32254889180914
0x3e76F11ac3e8B3dFa9b1D325De57F0433eE6e305,0,98.20540996674323
0x4Da2cb02A2CF79a39f5E390D4d7024192A55E1B0,0,98.20540996674323
0x94469cad1b6BF664DFdC4E3944AFF68349A49677,0,98.20540996674323
0xEC84643d05b3B7D0f20aedbd1AfD614b8eE1ff90,0,98.20540996674323
0x91B79425982Ee255FcB3F338d80f9e8Ca649A7CA,0,98.20540996674323
0xa1f8edC2a1776F0857CA0dd78E64AD93C3ECB5DB,0,98.20540996674323
0xfE3cF66267E85c8F0101880d09781befa860FaBc,0,98.20540996674323
0x5F1685301486Ca9616A063319EfC0559414E3c5b,0,98.20540996674323
0xCDFC025002Db85aCBDf29742274eB3dC15A50462,0,98.20540996674323
0x172845172CAFBbeD59D1e1A34B19e693Ef22a668,0,0
0x041bE07761dAbf0BC3691eb2A9D13626b832f288,0,34.36845664269586
0xe28500a00d0dEFb28872C03f654498A0B215Bfc5,0,0
0xA5fBAD0DC7119C5C000dB0d1227fa24D188Bc795,0,34.36845664269586
0xD87EdB4816F687fD5d3AFCdDc6775dF1100718f5,0,0
0x7863EeC6D70f979B58077F6908bae320d9C088cC,0,0
0x0ed0D5E39011172983B74336A13B6FC675ddaf72,0,0
0x606F6278640d651b9FacCB5730840E90E3C47348,0,0
0xe77C8f553285695A28E51C014c1D63BDF9819477,0,0
0xD2Dd6178A30f1bD7555E61F2A8DF40D82D1dc253,0,0
0xdA2A6850c281278BE7325560d31512474428E95a,0,33.283877453412856
0x01E5e44de7fd8E2678c0CB2F710AB89989ee2379,0,33.283877453412856
0x8Bdd860685444a5809167B238eAb7ca54359C5Ff,0,33.283877453412856
0xa0A18227a0A98B861bCCCadF42D99585F075C6B5,0,33.283877453412856
0x30E1d7613F3758Dd09c35Da4D5daa6d44E90433a,0,33.283877453412856
0xF99645E445e8FDaF3e4802871F0DF3f80033D471,0,33.283877453412856
0x8c6e0eC93dcA6c47017D91ff0197394aCA09e6c0,0,33.283877453412856
0xf69AA3B75eF0604FbeD10E5659e4693Deb1a0097,0,33.283877453412856
0x82d9F0A081c27A141f21A4C9C2Aa3778aCC24AB1,0.005004062935568272,0
0x93d0a89018B16E2ba89dcF3812f0c0b13190080c,0,33.283877453412856
0x93a3702418017630b1E8AFD8843571551F9d86C2,0,33.283877453412856
0x22CfC8AC9071993983076fbB774d53A73F7f20E6,0,33.283877453412856
0x332dF859680A88637969Ca2AE3812FeA0B34d7AC,0,33.283877453412856
0x06Cbd147e326cB07D10fe3a8b8ac7A0A0a748054,0,33.283877453412856
0x6F4212b414eb240f01553252cd4Fd07f44443dD2,0,33.283877453412856
0x341C6C45938ab794BE21De28d6F2860107De3961,0,33.283877453412856
0x01cc908b7dD0194288fb62bE5D864ff53eC28a1C,0,33.283877453412856
0x01ff9edac749c3de9eE2Fe2484F7ad76617816FC,0,33.283877453412856
0xb9BF354900d4563B509A55558297C097B6010069,0,33.283877453412856
0x2A4Dd0E4E2eb948Ff090Cb000829e06c8ce47ddC,0,33.283877453412856
0xa26058e85246A789D39A041195664782f91F8EdC,0,160.03752285859278
0xd27507D726493FD4Ae74f47aA41f65b25e9e6a95,0,33.283877453412856
0xF57448b8B2280d3b872d5C48717a7bC2B7549Cb8,0,33.283877453412856
0xfb46F73d523896C68a1e758a69A7Ee3a76CeeBB3,0,33.283877453412856
0x2F475cC28FAb5092f79Caec05c7517747D2CA8aB,0,33.283877453412856
0x22cbA25d9cDA83211909a0542079937b7F56b499,0,33.283877453412856
0x4bfda3c3CEE9D5f70236Dbe39a3Be558779F6d13,0,33.283877453412856
0x1B9699BC97d16ED451b3AbaB31dE054b25DAfae6,0,33.283877453412856
0x1a77F5F5fF6aAf76C71560485111707ECC4A6deb,0,33.283877453412856
0x4Eb21a8ed88741E9e334f2bB33CeF39e5b1ec081,0,33.283877453412856
0x56c3Ec7A5cE5846570c0E81C93d3eD47B853898f,0,33.283877453412856
0x5C3589AFDE0bD8700326c1617Bd478a862D26f0a,0,33.283877453412856
0xfe54d0516e4c2b2934F487D3568142312FFb1A1E,0,33.283877453412856
0x97Cb08C365f3AB9135F9755c8e271eE91e6e9fb5,0,33.283877453412856
0x805e5DB4a84A7aAcf112C55990E4E3A1B0cBc2f4,0,33.283877453412856
0x30522a15Ef4409505D2eed6Eec1cbF525f557434,0,36.31771761067084
0xd61773C5c909F8556457793C2cC2095b69D05B9C,0,0.18252936109986242
0xa99D654C3B5CC855594b7a39065499c49373e5AF,0,0
0x40fD3D757d6b05ed1C842C9B6357Dafeb69C376B,0,56.94586702943792
0x7131c45472EF3a636682732D34C75A8A768BF9e3,0,34.36388527638495
0x16Ba29C81a978fdFCa36b1710905cc4188d56977,0,34.36388527638495
0xaC4bE627fdF8b80EDDabe8c53a7f7D5B4Cf2A7d1,0,34.36388527638495
0x23572b691aE68f4E0473d78122A408F47261b94D,40.030707964995656,0
0xe1EE4a2ab563F9d9E51d906D5c90703efE21dDd8,0,0
0xa6677c8a4C8dD39e5F223CF365e330BF630F498D,0,0
0x6540aCE873B58FaeAD3296666298b3BAfCad8fc7,0,32.39878148864431
0xc0B75f667bA6ac22d85DFd91f1Cfb4De7C4641DC,0,34.3623440031076
0xc40e85879d16aAE9A0D16eFb06a8E50d44C49433,0,34.3623440031076
0xB22eD9E9821B5e4c204C8E72c041F7Fe3B9f7d65,0,38.289469032034184
0x9d38d866817921C8304CfCeCb4e1473d01162A08,0,34.3623440031076
0x66F9ba8180212F57134c8978EF2A94c2518B652F,0,39.27874534296986
0xc87177272D3E6c5C245288E9D503526481788082,0,34.3623440031076
0xCa3E367A2385980f51174C5435f00CbEB7E0a3C3,0,39.27866093279681
0x4A734e8Fa0dbF0B26ef886ee0c31dd045391F6B6,0,39.2786617685411
0xDC07776B3C8C5E00AcC8c398fcf243B7e9d66f63,0,34.3623440031076
0xb8a55E967a8631E699Dd2B455Fb6b2A197e255f5,0,39.34620082630616
0x080ba5d0613E1Bdc0B7e47E406D234e11607a5A5,0,39.34620082630616
0xe777B874d5Bc500e27903dB6902125aFFB1FB4F5,0,34.3623440031076
0xbD69b3b188cdD838EC2c812a3c243D6a891d70ab,0,39.34620082630616
0xb61118df5F8D2C0aD13866D240875437F71DC18E,0,34.3623440031076
0xa9deb31835652aa5145C753167EEb2b28AE38Bfc,0,39.27874503061616
0x719B293e1E401D4978FA05E361B5b67b33407075,0,34.3623440031076
0xEEfA8AFCAE8b12456F778f4F636F6D390fa4b9E6,0,39.27874503061616
0x3b515edA73eB83320CAB29E97d0A11C82E2FD01F,0,34.3623440031076
0xde3338268CCe75075e0c9E1A7d2Ba5feDdef687f,0,39.27874503061616
0x74F7bF65956D8Ed4bb9504949236e81ceDf788aD,0,0
0xdB16fF1B2a46246d53A8b21C60eEf1DBdF235DD4,0,39.27874503061616
0x1103e6BaAA1E18bE1Ef907D36Bdb32e9071AE5c1,0,34.3623440031076
0xDdc636BD8e1101fDC714130D44170999828150F8,0,39.27874503061616
0x4F9B7c27491cA61F2b50E273E61d1C2fA222782D,0,0
0x5861657f6E97c59B16707f253AcCC154641F1517,0,34.3623440031076
0x2E3123a7d84a2e33bA3539197D3e981D97C6e02b,0,39.27874534296986
0x8d36aC4F87352EE802aD9330545f0C312f8A7f43,0,39.27874534296986
0x8921fF9453dACcbEbFaf2b596B1b040209bf9d12,0,0
0xf93c9d8b5A83D9d6BcC65B6F5c75373a16E321CE,0,39.27874534296986
0xE913cebfDb72d7ad6fB4233E2cF031bba281aE8B,0,39.27874534296986
0x1462005E24E10DcC1C17416d64C2A0Eca9f1BF22,0,0
0x26e757e7090686423Ad86c28Ea1a9008e2951aa0,0,39.27874534296986
0xCcE81Ddd10b15a4cC7548C70B0813fC087485eCf,0,39.27874534296986
0x328dC58Db1d3ACE1154137f881A4c68d384737c7,0,39.27874534296986
0xB9EcDC91913e01bC02fA6856bC612FbaF76F75e1,0,0
0xec4320d9F0Df87727857A44fD052Cd55dF8875A2,0,34.3623440031076
0x6B92759cCCd9214Da9Cb47895ca3623dDbb52612,0,39.27874534296986
0x7c4841e6c00A2133aF15049169C1DeD94BdBC483,0,34.3623440031076
0x2Aa46E8C40dC215fA694A0258a36E6e790e3dd81,0,0
0xb4119009a9083DEA946F8f6f70c3A103e50AC067,0,39.27874534296986
0x56763a8FA36910F80a4434Df00572f9f892848eB,0,34.3623440031076
0x21b5d0FA3f4A0C4a6046F2C8d6df7E590F90FB18,0,39.27874534296986
0xD9Ada146933226d2f7b382951Abbc2d4E2009a67,0,0
0x30428D1f87FB02224801e2de73CD0Bb6b7095C5f,0,34.3623440031076
0x1Cd460A19143854a2Bb6acFBBBA702cbbd6Cd892,0,39.27874534296986
0x5c990BDAAa625EbEc09431FbbD99b88824bCFA0b,0,34.3623440031076
0x7FCF68b005b7cE87b57aD52F1317206F2342fB7c,0,0
0x1b3e9193DaeA7fB084c3eA2347a1840Bb45e267b,0,39.27874534296986
0xA460612343Ddbf23e6cB2E15FF102a3043f9cb64,0,34.3623440031076
0x9A5F8a7c35b6a09B7541009b5569b903085da1ba,0,0
0x665a0B00A6651A2565A14Af3D2Bbf55b056d3774,0,0
0x502cE97020f59c40f482423238702d31edF94ab8,0,39.27874534296986
0x542513147a87B4D30c0aDc2295fB303C505d8D3D,0,32.10424711147482
0x7E3836c2Ced3767F2bb43F9E620477d1a86dEDbC,0,32.10424711147482
0x662F8Fbd25C6434baF84270929254D56948435f5,0,0
0x899FD2FB3711460808d5Cf86Ad648736945B163F,0,39.27874534296986
0xaE25486A1d76C866edFEd74A3193463A3c4eEb68,0,39.27874534296986
0x30e08C7a450DEC255E222b0F3Ab148C933A09767,0,0
0x5084249F2Ec697A77ab5008D2C64F13cc3Dc3866,0,39.27874534296986
0xAc875da39aBd715CfD15871c7979a1c28c6911Ec,0,0
0x20E2049902A3895Fe2F74CBbe479FdbCAA2e7449,0,39.27874534296986
0xFf7A0260B4326e1121F99eD66A8f481f3E725Dd6,0,0
0x60A0A8fd5470A1cB469F32C15d56Cd68A4781188,0,39.27874534296986
0x10b9De13aB3b1D80c879E62F9E904c8FCF23E61d,0,39.27874534296986
0x65eDc0946075677807921FcdCb467F0B195e5656,0,0
0x9d71A5739Ece5Dc1AED9Eb910aEe04Ed50CA9fFb,0,39.27874534296986
0x8d2F93D7D96D72F14d7C7fE736cD17582511e2FD,0,0
0xBD960c54FfaBBB8A868FEC1Aba7a4bDd2bbF8968,0,39.27874534296986
0x15E004f89877C5d7Dd178071Afd0a84e699Cd121,0,39.27874534296986
0xad70D143B951E1Fba9dEEB7bAd43a6DB6D8375b6,0,39.27874534296986
0xf688792cF9676100AbCcCf65d5E212F59c626fb8,0,39.27874534296986
0x06FDc797D61bA52c94b653ff2B492E4a55fB2aa6,0,39.27874534296986
0x113aA078884257153d629FC7C35E0693beF2fc8f,0,39.27874534296986
0x7f5567760E1B222385D468570e21d141cA50454F,0,39.27874534296986
0xB2203bd0a83C07D6228DeED1c06569CEE982E23C,0,39.27874534296986
0xa05b6DdcEAC45aB3BFdAa557AF910E2dd88170c5,0,32.10424711147482
0x8448758Ee9cd5B9Af58012A539c4054ee30a3d55,0,32.10424711147482
0xB52a2bF37BeD3bE8E33a28C5cE721F907dBB4db8,0,39.27874534296986
0x78B1708DC5ad8A953c6856903CD1a03A17cED559,0,39.27874534296986
0xEf2900F907648E1fa8d9d2571686908D67019cec,0,39.27874534296986
0x3BfC87150C3Fc98fFEe0bd45096ca55114865c20,0,39.27874534296986
0xae9Da846240e0a95009c58fD6bd49b29F4A2Eb75,0,55.96153166220381
0x43124e38Be8141FaEB55292Bf5fc4eFF9f33A138,0,55.96153166220381
0xd073671CaA5C1Fe2D0121fbA630eBa4b61eacBAe,0,55.96153166220381
0x8C49A2A7570E4b21BD9Aef0341d2C21a225c9749,0,55.96153166220381
0xA2A290B159fA0e9560a9699826984F30BC6BE679,0,55.96153166220381
0xFB726170d7Fd3fCad1A5d53927aF2C655Fc9A4F2,0,55.96153166220381
0x9378DD52DeDF83255d4c232632F2A93cC2456B60,0,55.96153166220381
0xB6390Aeb28F6b24d743723615a2996709103754d,0,55.96153166220381
0x95345643DD529Bb19E745A7d46405E387e96FCCA,0,55.96153166220381
0x24C9Cc6Ea4105a3F14f28E4bf76B082090f300Fb,0,55.96153166220381
0x1982d238607F8BDaf944b6Fb6487923367514Bbb,0,39.27874534296986
0x5507a8da6DF35f7197B859b2164AE4311dD44072,0,39.27874534296986
0x9169DEF93856750632608cA0E94A9E5A614c161a,0,55.76517541075748
0xfbB0BFB053a5dC936742CD3B3561e7e0C2D98B0D,0,55.76517541075748
0x930593135010A9f7971f85C4465a3277a0Cc2b84,0,55.76517541075748
0xE1aEbec5eA9Abd3ac8a4969122863288aEC9BBb0,0,55.76517541075748
0xe760F17E9D66D0cCfe0A58a34cbCf148F88906db,0,55.76517541075748
0xB7799b53d87546991C7bc55D2981c4F615A21DC9,0,55.76517541075748
0xDe94cC0EAd0d2a09C892C6599d2D834beBd5A6bD,0,55.76517541075748
0x163aDE1c0B137F058C43d5990FBf0E6A4Eec79Bb,0,55.76517541075748
0x0f9588122b100E15cA713D401Ec058C59eFc20e7,0,55.76517541075748
0xEac99492c71FC14C3Ac492109d69204fDE5350cF,0,55.76517541075748
0xEC0800c144467BA633FaC54444Ef888580c01f5D,0,39.27874534296986
0x4b1e43cc6aBAef90A9990488a956D2d6B2b7371b,0,55.76517541075748
0xc8d223FA5Cc53669711d04F11d9F2D3d41Afb0e5,0,55.76517541075748
0xbA0a7a73940dD01d33701B14FbbD546021C5115c,0,55.76517541075748
0x9fDEf3D4Fd1444F5313e466b73b053D0d8E1fbc3,0,55.76517541075748
0x4FEeF88A5aC2cbA359B7C0Ec53Ee5119ab9Ea1C4,0,55.76517541075748
0xeEb48885167cD53B032B851aE456181911F2A147,0,55.76517541075748
0xf5bAE14fE395835BaF013266D52f5632a39Ff639,0,55.76517541075748
0x6a9B18c1af903bb500fB34Ae8Fd59e0561A93E30,0,55.76517541075748
0xba9AE51eAcf7a0F250167cb8FBBfE63333ce8B6B,0,55.76517541075748
0x3bC71f2D026Ecbc5153eE5cB00B168260e78c823,0,55.76517541075748
0xB76F7c172d32c95874B1e5105595F02b886B86Df,0,39.27874534296986
0x643108ADcA592815D77c437E3ed8661c8D682e10,0,39.27874534296986
0x0ea6a7774C0651ae3D526E8f9F3C362505AB1C2E,0,55.76517541075748
0x87576FBaa149B465324D8991bFb39aEA2D781932,0,55.76517541075748
0x6878DDC8bb63541c0480DcC12a10BDA421c89d5E,0,55.76517541075748
0x7c50B657659cAb3c9834A5a3C7c3fd857eb5CAa4,0,55.76517541075748
0x20E6583359448c553484717BEEA9a88fb2B800Ed,0,55.76517541075748
0xee03694F1e3b606963B2E4cDfd76196F80AA4D01,0,55.76517541075748
0xa86509128b9de667E3F4Ad2e5BEDe15216994e57,0,55.76517541075748
0xE167E0a258482Ac397F6Dc038874629bae240A2C,0,55.76517541075748
0xF16B5Ae4ee58209185f8a3138F523aC702f08eC8,0,55.76517541075748
0x05596eeA9f0A9dee601FA9D62C0c8736DFCfF837,0,55.76517541075748
0xA752d624288badF3252e34368BB65e3C589197c1,0,39.27874534296986
0x2830B02B32663d90eC4eadAf1a9734C66C3da6bd,0,0
0xDcbF746Ed4D7cC0222BB20c7769DEFa8d9dA2dc7,0,39.27874534296986
0x72f2430BaEB4AfCB7dbC43456A29a5d480fBBA06,0,39.27874534296986
0xBeEbD9F93289cd91EA34d2b1554455292AD6b02e,0,55.76517541075748
0xC0517718F5612983325C008a2E254400D1279eB5,0,55.76517541075748
0xBA57C452870909D17422d7aE6752B691268c1162,0,55.76517541075748
0x906030CA00dDAe14Ff0Cf069c094CfD004229EDc,0,55.76517541075748
0xBa9dbEab5A5C99723B0CA2B11DE493c0c4EFCa1e,0,55.76517541075748
0x13db65bB6667BC274B138f7BCbA9cfAA4ffE126E,0,55.76517541075748
0x55c39fCe8c633370595a59411BD0D7Db3DDEe17A,0,55.76517541075748
0x3F04e5d6D94d1671DD9514d6769C75A1616C0987,0,55.76517541075748
0x3d2A6691C4Bd675eBcfd447A0784A36BfbA8beFd,0,55.76517541075748
0x464255a16dD9683A40eA792a21d58115d236ac08,0,55.76517541075748
0x4CCb2356c49F9B05BFa692e39f993Ac46e8358AF,0,39.27874534296986
0xb4B9e4F82b09276dae0F7Cc1396b320adCd05902,0,39.27874534296986
0x6365aC15Be30704B9528d3915A123B866EDaD380,0,39.27874534296986
0xcb6C0430d951f8A684703EB30Ba77be49ecBa475,0,39.27874534296986
0xd87b4130680aE355479dC68BdD66A7e0d15d32c5,0,39.27874534296986
0x3CcD69eA7915D2Da22Aa688943e3a3B1261ad73C,0,39.27874534296986
0x0E74018B29B238c9aEEbE04bf5324aa378F05ffA,0,39.27874534296986
0x91dDbe625F21eFCce4DB96C682132C6E8eC9cFbE,0,39.27874534296986
0xE659f6e5882D5D36FeEd10F5908F753855e2bE7e,0,39.27874503061616
0x99c015117121e13e5b0e6e14095105d54651f2BB,0,39.2787449264984
0xeB2dCd38be669dc5ad1d60997AC039c866b80A10,0,39.27874534296986
0x0E7168B5af823CbFD0c07e1498c98a82b65FaCA3,0,39.27874534296986
0x1A1B9493b29667F182bd4D903f6f3929892f5425,0,39.27874534296986
0xA9eD20ec741F4d9234faF062e470392ccF95403E,0,39.27874503061616
0x2aC6d8f8817135B47BB4E81A48180538B7D7d98E,0,39.27874534296986
0x5C759e048bFD92080785E737C6C1c8528f342F23,0,39.27874534296986
0x320F0150E9ee69278cF5E8aC60AC5F0bc35F7535,0,39.27874534296986
0x027a6319E4d5b73245cAdb9538B8efffcA4dB36B,0,0
0x09C7ee3B3dAd5a664E9aeD182Af58343F4739725,0,39.27874534296986
0x55FC47342e539eE913c1072957008969A1314825,0,39.27874534296986
0x048ce473DDB9640235625614743B451dA396736a,0,39.27874534296986
0xbfb305B599E95dAd919De42a0acA77C9c542408F,0,39.27874534296986
0xc512bFE724cBDCCfd4a6508C27A6289f54B3C667,0,39.27874534296986
0x6244d35A671B1D72429951359571bEF0A4a0843E,0,39.27874534296986
0x44775EDB62b3632135B3f895F0600d7d0337f314,0,39.27874534296986
0xeEBB4193c20c6514f7904D22859cB252E0093105,0,39.27874534296986
0xD5F4FAfE3b4D86FdD89A2a605E5f7C8ED7DfFBee,0,39.27874534296986
0x8b38E42b106F87b2a39625eb0a4aD20bDDa481Bf,0,39.27874534296986
0xAb5a796d7c2b8BBE0Ebc934b6532Aa15e592e92f,0,39.27874534296986
0xf3D44E34F432e5BFE9E486710a582eDE2462172b,0,39.27874534296986
0x51E2109fdb7DeE79ff382B5230348172124a6BF4,0,39.27874534296986
0xd9d8FCa6A108BC37f8dCfa9e26a5aB1297D6Bb9D,0,39.27874534296986
0x4Ecc318d234d3AEA8d35164AEfACa3aFb75651b8,0,39.27874534296986
0x4875c3A12438eDEAbf01fE50419DeD75E43FF662,0,39.27874534296986
0x548F4476E704A8188d4c1581F990E2578646a014,0,39.27874534296986
0xEcA33FA6C92CeC420d20DB62Fa329f4B3b42BbaE,0,39.27874534296986
0xB1CeC358AAb3bea909fa1CE73244feb529e1456e,0,39.27874534296986
0xA81221ab4FA09420cb9E3A2dD0B0aE39B58edcE6,0,39.27874534296986
0xe7ea8034cBF3ae755B6014a3c9977d3BcB258496,0,39.27874534296986
0x392b929852732b90EC99281c75E1F5Eb8a1c073D,0,39.27874534296986
0x2EfEcC292aaBE854830B738b71f560eFc02Aa51B,0,39.27874534296986
0xF30dc5cEA4BeA986A64c9Ff0931bcB809c11dD14,0,39.27874534296986
0xC51d88131e50Cd54207089310a320b8Be445A967,0,39.27874534296986
0xA0D9f638b010b2bc659b83Ae001c1180685618E2,0,39.27874534296986
0xba6F63Eb1EAdB5a408eb129C5323A932A0F9952a,0,39.27874534296986
0xC554cf44F76f4be94d6a65C549DD41EBE7c0f6EB,0,39.27874534296986
0x8638bAe36975766882A6169c5B712aE77dd545B1,0,39.27874534296986
0x29E265213f49A9b1692223b84f6A2e005B0D7857,0,39.27874534296986
0x4E501CC7e6F27A501E319860494FB53c9787ac7E,0,39.27874534296986
0x14C80A604041E0EC606E06153c3e8018412F6F8E,0,0
0xF9A5B553eD393E91cc1E1A0F294F750C0405731e,0,0
0x13C03CbDdA51DC369c5Ed08ba5061d8A429B0e1d,0,0
0x91A198B4C83528364dBA5dFA29c5B1DC60D34Bb5,0,0
0x83Aaa61DBb06a9B7FDF8fE6B6D059e5241BEE60A,0,0
0xBdD071559AB2Db6fd8041198ef7D8445f8FdD0B9,0,0
0x72D38b9eacA288C7abf9956943cedF63ae3D34e0,0,0
0x44Fe25De248bD1D1c315cCB1EeF4B63A32A6Fa50,0,0
0xe2db471BB097053C67267f24cD114e2f33ad4805,0,0
0x86D63Bb9BA39C4D7B3A7b09077da2A4278648Fde,0,0
0xdF7773D80D85B702091269240E5d9f130b34D214,0,0
0xaEF64f1098d0A471C5D918ABf5657D3dAeeC162E,0,0
0x10A4A4Bbf37C589493b548CAf3098297C2580094,0,0
0x67E14E373F1B27E08c3277c26A7efBcdDb01CCC9,0,0
0x702A351d90D5C2d53570266A1ef10Fb917456374,0,0
0xe544C90Ff4C730a7c632cFAB943a1E6cd75EAD29,0,0
0xDA6bAB0468Af0c4A3c185596ff252B02bbEc249c,0,0
0x29bd0aC884244952c32202205EA352fB3917Eb26,0,0
0xaE860b4978492346a5Dd1C50eAA9f88DE60D286d,0,0
0xaB5AEE065b86a1000ff5e60E8aC10d7f023d0EDF,0,98.16905785088021
0x4B87a8Bba45B7097d426DA27e2750B013F4b407b,0,98.16905785088021
0x7b1414bca51e8bD0E83e4533E2fB052C85Dff363,0,98.16905785088021
0xec1C9Bc1741e2A6be577bCCd32eeF428D44dD9DF,0,98.16905785088021
0x9c827F202eDD6b98B55E0C6937a4B920a1b74cE8,0,98.16905785088021
0xF16735E0ADeb7D81126AE5Ca41ac4457fbce184B,0,98.16905785088021
0x223A6D6939Bc4d4fB289294219e31aaB29ca8928,0,98.16905785088021
0x0A16b449f5901fa314E75e5C8c25beF3466BC3dc,0,98.16905785088021
0x13E122B19834A6500dccAAb80932D80dDb5af220,0,98.16905785088021
0xB4a6bdba72D50C14bDa10503F5Df0e7265451f2A,0,98.16905785088021
0x799CdcC4ae9a08cc5D4CC7a163364dE972e34870,0,98.16905785088021
0x350BDCA69E0178De3106348594CcE84013D66f45,0,98.16905785088021
0x4206e776e8DB28f4bf3b16CB16f48d8c083552b6,0,98.16905785088021
0xF1f84AbE3aBb141876aCA87F921a765Daf91BB00,0,98.16905785088021
0x7347641957F9Db90bBfA08B5B81549F479c0040e,0,98.16905785088021
0xe205E3161A2ACD005C68E597104c5E2b0b7047cC,0,98.16905785088021
0xd9F94Fe7Dfd394C06f8b20Bfee102C26EbdC3Fb4,0,98.16905785088021
0xF5aF8530dfF52EcD9DA1453FFe7EB438Dfc2BE5D,0,98.16905785088021
0x86bB5788029137951E454eC34AF50E89fdB25f41,0,98.16905785088021
0xB6433172366b471E40bb4055e458ab65FF30c4Ac,0,98.16905785088021
0x936F06F6B347333b30797825D39533b480511789,0,98.16905785088021
0x1E7ce6bAef0676918a4545AE8Ff389f2F36635eA,0,98.16905785088021
0xC74ce05858511D29f9956287fbdEeCBA2f418215,0,98.16905785088021
0x8DA38BC24854786239B5b51170666c2Dd7939BEB,0,32.10128191723783
0xecB3b48eF4C27CEec4CfefA1438dFf51e06A7335,0,32.10128191723783
0x3B557c9fBe69999B64082e3f771480fd1782e84f,0,32.10128191723783
0x8CBEeb8Dd271A7b93fec89Ab38aDA1bA9c7Ff04B,0,32.10128191723783
0xA7B706f515C13fE7cC339E9ea55a539aA2a80F62,0,32.10128191723783
0x955C86f439937123F7B9D36cB8D94c3313baf4F5,0,36.31273449904059
0xbA0c246C9d8093A47750306495b5f17794e79FB0,0,37.15698839655816
0xA1Bac7c6827134310cb105cEAf3cfda5ac1052f6,0,98.16451527635135
0x676CbC168b06fAaE47B99e58bef0EeA3e1Be9fb7,0,98.16451527635135
0x5dD70F441472edAc3792D8f10d3B238ab02c3748,0,98.16451527635135
0x49C43d3CdD98C0713b46F70092beB2DA5444F9b9,0,98.16451527635135
0x9D1490c73f020ecB405405771f46283591050B50,0,98.16451527635135
0x1573afE7b0dffb816A6AA9F05c5DA337fe401484,0,98.16451527635135
0xDF090A020F816FDe4a93fFAAE9F2E1410795D9D6,0,0
0xF4500a29fb6B5F4d8B65f5F29620F06C51EEa43B,0,19.624612302600678
0x7D119552407F6d70E0860cB9f4056F8fa2f883Fc,0,98.16451527635135
0xE89b78db928419e9E6BE4cF6053BEfE11354f4a9,0,98.16451527635135
0x6965CCb87960553B00b9723a660A5f50dE7f5091,0,98.16451527635135
0x20f46954d2f3Ce38643DE07Aa67551B9DFD37a78,0,98.16451527635135
0x21Eb3f7817b3B3E263e6B0c09B84c770d48bc130,0,33.27777067868311
0x0d40af74f25A37c82a955838288Eb794D206BcDB,0,33.27777067868311
0x7793267ceB20094E0306659CEb7e31CD820fA569,0,33.27777067868311
0xF18ff3CcE80912868f57Ad88d90371e54E23921a,0,33.27777067868311
0x9B55785F0150Dd545fe96f8bfdC59B51f893Ac85,0,33.27777067868311
0x50F16Bb842Dfc45d3f4D71B866a513230Ad84024,0,33.27777067868311
0x7696A5B22b93adb24620Ae62CcC5a2fe1105883d,0,33.27777067868311
0x821fD689180137b5006Fef3901e7DB8fC7B78965,0,33.27777067868311
0xa0c33A88f8E12718aD2CBaB99B4aE40a1666e1Fe,0,33.27777067868311
0xb352325f7dDe22c2065710CE74d9F23dc3BF579d,0,33.27777067868311
0x75d4751eC9909D02464Fc8e11c699B6c97a9042e,0,86.87559601957095
0xad7AcaBE0E4AD7F32bC75a8993D7fF62b4Ce9510,0,33.27777067868311
0x4A29089AA80D074f7f81C16B3F68e26Fe9Eee647,0,86.87559601957095
0xa8411Fdb9400542140eA7bFdF300603B49426C79,0,33.27777067868311
0x1c18b29fd92E5CfB65229be7aeFA117f9088dd33,0,86.87559601957095
0xC7345525b8F2962348c2D4D28132D99C623C9E43,0,33.27777067868311
0x1E9Da37Aa0c5e43c77c4d941a88ee5697e787a46,0,86.87559601957095
0xcAd52A21d7048786C0B19Ca7d39BB7ddf452f1f2,0,0
0xF26661684235625aA6DEc37990EaA4d78E9a566B,0,44627.52556711555
0xe0c5259b75Bb1BD6eD426d310fCe24c0b01d170c,0,86.87559601957095
0x048505B3579d8E5A76912560993a5a3bc3a45fd7,0,33.27777067868311
0x21251D838412be91c3250eE49A241042aCc11906,0,86.87559601957095
0x6ace931E33812d17e15dF0b418828681A0F08f18,0,0
0x6Fb0DBe246AA2ae222AB7DddF7e5E06B27b58d5F,0,86.87559601957095
0x88d14e9E356A1dfb7B6aCf23f04D276c741cb131,0,33.27777067868311
0xf2f8f686b09159341089F61D1BE6fA8555661562,0,86.87559601957095
0xe43458e1F964EEf5F707E81fb6f16Ab27c261071,0,0
0xe70b34a7a5406005f00dB9ECDbEd9fc927226090,0,33.27777067868311
0x4906d40a2307c0ca8Bf8bdC7C51A762772D91eCC,0,86.87559601957095
0xae46ED38A766fcCb778076Ab1675c1607fabB92a,0,33.27777067868311
0x6E63dbBCAB085Ad50CCAC6Ddf8bE83fc8ceF7A96,0,86.87559601957095
0x34cD10b59D95bc9031B8Dd28ce49EbA68850262f,0,0
0x3Af53A82e0A671D849BC61E16625571FcEdaEF93,0,0
0x6e61f5c66d2dBa8ff7e9511DCB6Fb8E76C53447A,0,86.87559601957095
0x80848Fb7d4230D664f4987a08B1245999A921E3F,0,0
0x7f3f0a520299F30777914D5D20FD41C7772d8a9D,0,86.87559601957095
0xF7D75baA9aFbB479C373677bBEd4F9Fe20Eac346,0,86.87559601957095
0x49ea56acF303005d9f3BaC6Ed1A22d1634A309Cf,0,33.27777067868311
0x37B220E82f8F7F721C070b6467D4eBf635731AbC,0,86.87559601957095
0xd1549F7419ab703E0D615dB505f18Ca667DB5e88,0,86.87559601957095
0xB1DBCF26c75D05B33468FeFF067c1ab890656b2b,0,33.27777067868311
0x412b9cf7B66b0F99234ae30856Ef6A940048d8cC,0,86.87559601957095
0x8b55aE5Cb3b0171AEb170Ca3e3eb9f9D8D4AC21b,0,86.87559601957095
0xe0731eC6C7107B9087628d8A03b393d1D845d708,0,33.27777067868311
0xB90C3A197E113d9C251664b670F85D23780693Cb,0,86.87559601957095
0x750B35E4129cCb9261d1e664246328bD4aCf31A5,0,0
0x670f60CaE7B4590b8FF25002cFf2fCA06270F79F,0,86.87559601957095
0x29fa6bF530cf99b3FEF363cbfa6579bA3C1c21C9,0,86.87559601957095
0x144F75Cc3fd02c9d577fF98e12f91fEd140f3a6f,0,0
0xa8ab292Aaf816afCecDf594b4FA8298a108AF0B4,0,33.27777067868311
0xC7494fd00a5fc775a47dC6A2A65499dBB68B5ea0,0,33.27777067868311
0x797D0dC60d0FED5281762dF9F5e895fFAc60Aba7,0,86.87559601957095
0xE5474065161b0FB1E8990CebF984639eBaff5F88,0,33.27777067868311
0x95b3Ea00E03b05F1547A972A99c309c7a9F60429,0,33.27777067868311
0x5074825d563c0eC60170ADda0c0ffa298A2Bee10,0,33.27777067868311
0x506185b55eA4A238488773B3055779d92F74d36F,0,0
0x0da978C409C3f4838Aa65CD1046CA67C2a1eD294,0,0
0x396dA63CE3fC98b031Ae4594Aa0C230f5f3D9bD7,1.0006289625637583,0
0x65Ca5D0DEb6e521c2719f546729FB1Ffb09a4Ca7,0,33.27777067868311
0x7F427D3b87EE27dA621D756040E3b4a424fCa1f0,0,33.27777067868311
0x2281dA9c551E6a6BAF3D08ef71F31077c287aA8F,0,33.27777067868311
0x0CC255A005D817E0449F074a59E1d3402B761396,0.001450989725621539,33.27634721695638
0x517404df8Ff9dE2f61Fd9Fba3d3317078550265E,0,33.27634721695638
0x7b2fe35743460EEbe56F5b213ebAa0f7C434a959,0,32.39290437048851
0x994AD25436ce4fAc36Af20975b4Db44759e7910d,0,33.27634721695638
0xF305A3624749ad2602C06C06368744Ce4702ec7b,0,32.39290437048851
0x884A6346fFFF67D939ad36dc137bA786f4cbB208,32.81922606462813,0
0x5Cd72250bAC282EB7446BB64c3888c6c6f09d471,0,33.27634721695638
0xf886aE16bc584D1068ce826Fa52011E782C776D5,0,33.27634721695638
0x2599d546dC4518F31a6F107DCDc6E3194b121871,0,33.27634721695638
0x021d0c1D044412c8167b51D4BDae0DFf49977F7a,0,33.27634721695638
0xDFbA48bD19ca1b67Ee8f9b4687AD091938fa8951,0,33.27634721695638
0x274aA4F47e602AF7f081Dfb5955BFfc610DFa757,0,33.27634721695638
0xB55792dA37c13B6B4782a2F8D1dea05f3C1A6d84,0,33.27634721695638
0xc3EFa0b88b30A736A642403BAd4EEC7F0f0AB39D,0,33.27634721695638
0x07eeBE38337EdD13CD4616b0c30076514863eA2f,0,33.27634721695638
0x3345d28f9c302D228D77b030c9eD589FcED9CD3F,0,33.27634721695638
0xe54b1F4D37Bd3AF0481C7Ca1bE241F5e266786cd,0,33.27634721695638
0x9E7e07F353d068be37B1f347Cb37c5432d91f73e,0,33.27634721695638
0xaf9E5e2141E578bb77eB0B6350fE9c18Da848a8c,0,33.27634721695638
0x051E5D4DA73EdAB1F9faec511B6cAE2Ca0A1fB2A,0,33.27634721695638
0x3AEA3127A7C27FBD689Fa7Cd1fE4B649Bc97110E,0,33.27634721695638
0x2FDaF90F07A84204C7D4a3FBf239d5C78ccCcE1A,0,33.27634721695638
0x29221F4568F8662D3b27d15a35234A9cd5E497f1,0,33.27634721695638
0x66ec5f5E3ea37Bb73327329AF15481e5F8736D80,0,33.27634721695638
0x9e5fe2bCa1BD89E9747811a009439DE165bD2bA7,0,33.27634721695638
0xC60037E50e15D6d6d10bB386520Fb4cD689a5D17,0,33.27634721695638
0xe84aef091F85ad8C077Cb005aAb96ff3Faa966c9,0,33.27634721695638
0x690103eBe04c45DeD16B62477A42E611D0525c96,0,33.27634721695638
0xCdB5Aa2cfc13D8cd9fd515Eb599F40248571e009,1.0005861605069553,0
0x9cF38B959EFC73B82A0c2FA97d00A8d191a36e3e,0,33.27634721695638
0xf9be7888B724a1c56b4d80c42CF3Ac3cE89EaD64,0,33.27634721695638
0x192B7aeEe8f2446Cc00913ed84D932464cCd328d,0,33.27634721695638
0xAdE18fb003B29Cb418824d117a6Fc5054375A3D8,0,33.27634721695638
0x3e73478c75B3B56B20e36CF93b4956Fd7FcbC1c6,0,33.27634721695638
0xe1661dcD5f7A92224bCab88dD06D931040A71f8A,0,33.27634721695638
0xB9E9FD96ce7eb4C096843B9F4F65f165cF5E3f92,0,33.27634721695638
0x76669A14C594C4fbE4B4D4C22c3bcf38664Be30E,0,0
0x3472dA04Bd908C5C3309313B3f256c62559D5e52,0,33.27634721695638
0xD4575042B4FE9B821dD37570895B937C46f23414,0,33.27634721695638
0x14407919B512A72A8a96Df8c4341Ee0de8e7A8Cb,0,33.27634721695638
0x808d3191a197C1F14767139cCCf5D454004071Eb,0,33.27634721695638
0x38e979D24fE8bE5F04d08cf9f8137dC61c84AA5f,0,33.27634721695638
0xeD05013d785d124879d46CA51Ed0Df86C358A41b,0,33.27634721695638
0xc6314Ab2b75790174858fF550cAa83C5f7b3Df5e,0,33.27634721695638
0xF071EcBbA06F4542BB9C934d5Ac5a58D80026605,0,33.27634721695638
0x172599AE11305Cf5bD328E7875fA9dfF91b5DCC3,0,33.27634721695638
0x54fc2A2565FaD4AFf163eDEf650F4c8365215431,33.019343296729524,0
0xD229e5304C4fEb8DDc044C079f60651EE0429542,0,33.27634721695638
0x1D24413C990A01A593C7e0F60CD288a4373445e1,0,33.27634721695638
0x14FFA565b70c70cFFfd0674d9888eb7d5803Fcd5,0,33.27634721695638
0xcb8d93A9a279E5782a41BB4D262837EcA48e39AF,0,33.27634721695638
0x3Ab14eb21faa494d3fEE9D8C1Bbc0B8Cc1960ef4,0,0
0x9CA21fe3DcCB999c74ff212d82A371e2D287e790,1.2907012424877733,0
0xF7F14d7c7D08717ff7497F1CC36187Dc49375dB0,0,0
0x73C3d30e825ae8290A431648Cf9551E93DFf932d,0,0
0x21a9dCcB20BB40D6fE666Ea94D71E85E315b6090,0,0
0xEd95EE51d56a3bB718824e29FfE3F37bD3F23Ea6,0,0
0x6cbf396c32D5AB8D3dF7A28f7e4bFBd911ffefE4,0,32.09436128430497
0x6ed1951Ab3b134f21B76f935d359BC2a944754bA,0,32.09436128430497
0x1d4d80B6A978f55C27A01f94CDf0Ed23198949D0,0,32.09436128430497
0x38bafF4F9740b6d5782194f7D5bc59E0d12415A7,0,32.09436128430497
0x89A18d6b257c5604cdfc91A65398283f32123754,3.4e-17,0
0xa99ccFD64201e9D1403b96a12FEcbA87cf14741c,0,981.4789383579503
0xf017F47Dd869fF6aC7262df2E1a6E249376160e9,0,981.4789383579503
0xC275e2D1b0222573feC184EB3D22464B389c68C2,0,981.4789383579503
0xD5845Ab476f8C0Fd28911fB8Ef92D9F795aDfB92,0,981.4789383579503
0x18b32e39c69a1c94d35b8D2090aD4F138D7830E6,0,981.4789383579503
0x0226b9CE49F1A0967fe443095c91a32408a2988D,0,981.4789383579503
0xE9AB9dfb486094eE66337b21E8aEcFa71E8dC1BE,0,981.4789383579503
0x2CfD74D05e972158DaE2e48544FD5DcF154BBa17,0,981.4789383579503
0x7c5482D3cE73922D99A6C292C48F5697955Beb3e,0,981.4789383579503
0x133f99dc01d10B191b832e5DcEA813dbb50bCfF8,0,981.4789383579503
0x8bBadf9f05FB99398aD58f9FbA47298AC8FCd752,0,490.7394691789751
0xD511862DC8EeB0d9AB78fE86432ece0Cc84213c9,0,490.7394691789751
0xd1D0bE09edFb287C3535dCe97f8dc2A6115DC92b,0,490.7394691789751
0x2B5EF053426074F7e5F8C80B28F102E1110b723D,0,490.7394691789751
0xA5900b93b60E953a164b468f441F37A0308baC90,0,490.7394691789751
0x005Ef4897Bf1F2aCa87FaC0b40a37D97cc25facc,0,490.7394691789751
0x785ed2d7BFF31827dD236cb0a41ef545c6a9FD1F,0,490.7394691789751
0x91FcabC4818A02B76Fe8DE92F99d08005b5841db,0,490.7394691789751
0x4F53F572722F11d18Df2756688695f3de904dba7,0,490.7394691789751
0x5F837ea7B498743E2c60395B5115119050492700,0,490.7394691789751
0xC25d379b45b0efE18A0151E6b4209A4fE5Ac7E34,0,490.7394691789751
0x9b3e3d047Db427DE301Fb2E3968A491D4FDdfFE1,0,490.7394691789751
0xA9C1941752c8289c97b022274ed36285F5D79414,0,490.7394691789751
0x5739416dC7541c16b249575497B75cBDddA526DB,0,490.7394691789751
0xD847Fb281E5B57027E96e5512198DAE62A318163,0,490.7394691789751
0xec8ffC082bE906E904eC6a08f3be43618186a32a,0,490.7394691789751
0xEC53dE2B8fB50eD458d998c58779179e0dfB3030,0,490.7394691789751
0x5383Ca43682A6BC0Da55687C2C8F4440f1A77B6f,0,490.7394691789751
0x62E8FeD22ac979F0fFFf03D4b3155515569EB8b5,0,490.7394691789751
0x34C0ABfeAF1732F5107F049108e29A2E8f5d91Ba,0,490.7394691789751
0x6925156D0a3f2c7Fb0d3FdAC4B3ff7cDf761da55,0,490.7394691789751
0x56444708179190f33E5ffAf89e89C39500660D56,0,490.7394691789751
0xa16e8a1E6918bf152F1de1CCCa8770BD83E3401E,0,490.7394691789751
0x872e67320E079BC4B569c0247EEfAE635E558621,0,490.7394691789751
0x668926227bc989B101Ef80a60605CbdD35354e11,0,490.7394691789751
0x8D2193C248E442F7860e4E94d21522A7446eAC7E,0,490.7394691789751
0x1e4C12A44E7e42bb2F966E68047B12Cdf6d65443,0,490.7394691789751
0x1e1cEf240d4BE00Fa3A66f1bCD74B28A7B2A17A3,0,490.7394691789751
0xe8A2076af55924EF455DD17CdD1F258bE4D5633e,0,490.7394691789751
0x50C5a45C2822A5d8AF794428708BC09537A48915,0,490.7394691789751
0xB2c8947dCd5501FA5731E7bd67419eF2ecD2eA31,0,294.44368150738507
0x2E0f36137Eb6092c2d231052d33bA06064173587,0,294.44368150738507
0x1ca96cd9F984756CdC7b06778bC06a87289301f4,0,294.44368150738507
0xEf787537A8232E568F70de5c5C84057a1A7340A2,0,294.44368150738507
0x852A5F380533e0F8fa6b60Cc325d20Abfc147315,0,294.44368150738507
0xEBE41c8eB17515926d41d7FF06B0c23D9056AA56,0,294.44368150738507
0x9DE682a8f7f7102f7D2E96787cfe7d1F8984dBA5,0,294.44368150738507
0x64c8248a60d0a7ce29C485d8e250c0E45a9D5942,0,294.44368150738507
0xcA99D0CcC6a5Cbf2ED01EA08b0522E643986e60A,0,294.44368150738507
0x0e891605Ace4b04cbd5c9B6306A00Ccb576A48E0,0,294.44368150738507
0x73247dae7d2e7cd0A02C5DBFa26166c9cac5Ed5a,0,294.44368150738507
0x33432B1DFe1964762159b071e70E522e96Fe0E05,0,294.44368150738507
0xCc0eDAfdB60a2c608Fd82CD10960301ca9e34D99,0,294.44368150738507
0x46A71f2A08438185d498EE41B827bDa7062173aB,0,294.44368150738507
0xD9e6e1668E9F82D8db76a4e417550D88AB52CF98,0,294.44368150738507
0x912EC0270131e983Be83ed231f4c15eF15B733F4,0,294.44368150738507
0x31d9385373c7fC1E18Db5068d87fc5202976EAe9,0,294.44368150738507
0x0106B24c88dC05820f1c2EC0C5eAbC970c911E6a,0,294.44368150738507
0xf900E9A805f3ae91830bCC006Bae8DeC2d3E128B,0,294.44368150738507
0x055BB6D4D81494d2E29F3b87a4f689773B1B7abE,0,294.44368150738507
0x1Fe172aFa16aE7332D09B635BD8fCa0FB50B68dA,0,294.44368150738507
0x5F1158468FC8f7B75d534a6C495E5951e71dBEb2,0,294.44368150738507
0x5649AB24F297f269b33f6BE2B6B8631d586F6D6D,0,294.44368150738507
0x62786E41249e1a6a142e71F592F7FeCB52Cc668e,0,294.44368150738507
0x5b18f210112DB4a74bFE4856BbD17e35Ff4F0aE3,0,294.44368150738507
0xd15003A3D851d902E9E67CB8D218D406e86D05F4,0,294.44368150738507
0x0FAA2155F767CE671e47cf0D4DF055e906549652,0,294.44368150738507
0xE6400D7d1dd752D41CBc6fDA678646E5B838d5EA,0,294.44368150738507
0x1134D8CB76ddC53a495c21a75B46E6A7979D7C2c,0,294.44368150738507
0x7FD223C92Fea94a5Be483c18bD39185086AA604d,0,294.44368150738507
0xEAB52A6a433415699b34012e528A765A3486dAe9,0,294.44368150738507
0x5709Fa9b794E0652beEe6c44383D8f3e2EA817AE,0,294.44368150738507
0x71158639d9aD66F2E64A30c60b26B6A0D1362d2f,0,294.44368150738507
0xD49567630D32794e8DEdca83F87352ADC58E89B1,0,294.44368150738507
0x167AaB4a5Eb8208527C18aCe00C9f7B388A284D6,0,294.44368150738507
0xD5108eA9BbDb5eF0BCE95FfA0d3866845D5D09EC,0,294.44368150738507
0x8a7B4E0c8A2Fab130981602873bc2E5caCd3dbad,0,0
0x26435b61f583935ddB37Ae6909Fbf28ec653ec14,0,294.44368150738507
0xf08D768D963433c89A544b4F51cAfC10F3fa4cF5,0,294.44368150738507
0xDc58eC06B167C123ADc5325aCEA27d1278E6688e,0,294.44368150738507
0x1b4AEe0A58001fe240B0B7e9c898de6bfD44Ab83,0,294.44368150738507
0x02803544C192C32496CD2Bf67D2A9b4F14F8C2d4,0,294.44368150738507
0xC262Af318f9aa6aD10056b879bb053d51e6712a7,0,294.44368150738507
0xe21e73c5fD2ddcdc7DB371fb2B9f859a3814d775,0,294.44368150738507
0x9B9D3556dfE28e7f7b30E96E618875D41CE44Ec3,0,294.44368150738507
0xDD19B7688E73C04D6F2Dd1F3F13141e0dE0AA238,0,294.44368150738507
0x8cF465a73815d8f0Cd2354745D71E60eB9D941b6,0,294.44368150738507
0xf1a26936B928A7899862263475743861D7f54EBe,0,294.44368150738507
0xCcb810901BD6d73A275276d4A28D56ea48C08b7f,0,294.44368150738507
0x8fAd6856425EF245b8df62F3A58B10Dcfa90cb7E,0,294.44368150738507
0x0fC65417aA8a59b072a0fA3E2588ddD80D413d28,0,294.44368150738507
0x10657937470fFc65455eAeD60974fdc288Dc4006,0,294.44368150738507
0x8bFe86a03C24a1e0b5C25f91f55e0E20BaAb32f1,0,294.44368150738507
0x444718282ea1B697473159A7ed17968DCe10e176,0,294.44368150738507
0xcaD7a3063be8be820D88881E2a601dE21AeC33D6,0,294.44368150738507
0x2A1273CBDF3d0fFa06E283C04529f9dA65E5294d,0,294.44368150738507
0xE46AD2ecf62c3432c05Ec19BB60CD3400F7c67d8,0,294.44368150738507
0xdEEB21E3EC84a7C2bFdf2FaB61a125f3880725c6,0,294.44368150738507
0x5B4743780FdFf29753910EEf5662DF80018D9729,0,294.44368150738507
0xA4C5f9bd1afBd47FAc4eF7AAe7542758405DA2Fc,0,294.44368150738507
0xDB3da80be958F14f707cBC4868c73AA9656c9245,0,294.44368150738507
0xb0aefa11B9A67671f1B8C9e29ADAABE65aA7fb11,0,0
0x4519e9BBA9f3192C617c93b8EcD1CE0E98fB910D,1.1104627096016977,0
0x143ED246Ac41a6F92189CfBb7712B51256eA702b,0,99.61586258124936
0x8f8B28e8582401e0aBCCe8C1b10f8Fb5D579Ff05,0,99.61586258124936
0x28E16c5257B4840DEB7A234194F7FD7a118dCdCF,0,99.61586258124936
0x374aacD0C33222375483e95A17062205d0E07d11,0,99.61586258124936
0x57C53e7E4B82163a48A12de4d26fA1db287BF6D2,0,99.61586258124936
0x66E0681253f4a31e918424625D615fbE35cd1Ad1,0,99.61586258124936
0x54317473F984b60eDFB9E988d7E678e74Ea59A8f,0,99.61586258124936
0xdD98da93eB57c98c15b89855A540B9EC3E0FA7b0,0,0
0xd2AF2557FB03Bb32796e4E3B9a2b44318672cF2d,0,99.61586258124936
0xBde3C56a6C8ECF59792Adf5C7ecbb435F23F5EeE,0,0
0x58DD82734d6c8367b869E83f0F2331eEF829cca5,0,99.61586258124936
0x22bD578De0192f0Bc6d29907d5E414dF4eE7256A,0,99.61586258124936
0xF51EDE8d39F39b963D4ae5eAFF3d48913FCEA9Cb,0,99.61586258124936
0x636B787908924980749Cac48535FdF0e235FC37d,0,99.61586258124936
0x5FBa57aa76748d06920d39f25b3E426965dAc492,0,99.61586258124936
0x0b96729964a6C099e02975e59Fd275b303757156,0,99.61586258124936
0x4D0A5EDCeD737C4ad956ee0B8c0CaFe53Df5a807,0,99.61586258124936
0x6d56b76361B7236b6c50a350648c927e96bc9EC7,0,99.61586258124936
0x01317b8da211193Ce4282E645B9545987965c37e,0,0
0x6F0773F72c1fed9B7a772786a8aaB80dcf7879f0,0,0
0x89428Bf1157Ce3b8D865464F045A9CE59278A518,0,0
0x394d90667AaFbB5EE49e034276693a41Eb217a60,0,0
0x3854487155A00dA3E569ff576532595b7BA4C6cB,0,0
0x0c9d3684db68Ed866430B3A0753fbBAb576BD0Eb,0,0
0xa675e49bE46949b219582bCeFdC3d195e59a36E2,0,0
0x333A8A6AF6487e33ff199b99e4e27c3155938278,0,0
0x15366dA0C945808F87f1A229804237e6739B7E03,0,0
0x9fa2401B074261D36194bEdE544223B6c2d1BA3a,0,0
0x680b2F97aDE4AA1FD025DB596670e66EF4449eD4,0,0
0x617675A12F83a3806FbDEcA6106A5675425e1Fa7,0,0
0x8026E799F742913968938Fae4FCD36c6f85684A8,0,0
0x42fEAaA5cB4FcDc4372533E33BB9086f2D899eE4,0,0
0x5B52a21Cda06f42dF87B24965CbB6e361C246514,0,0
0xbf45fA6aC4b7d7e6DAe6601729e72E57c9F43b1D,0,0
0xa0D5d30903A032E430F94D713893aEE1E275C559,0,0
0xcE16cc439c3A11b5EdF9210aa3c9Dbd872B450b3,0,31.896704767395114
0x13A0dDef431215296a2e5d9F37BF8aC88D68AA56,0,0
0x820f7D8D0A5552b366a12b8c20ADA8164bdeF668,0,0
0x0f738eC67c3d56116A49BCb27802F7F87332b611,0,0
0xeF9F32A72764CaEee482B4db4AB5f37d618eD8Af,0,0
0x590660C5A56530380C8f8a8567A0025A281c6512,0,0
0x77a82c347654c550870214E29521CDA544245528,0,0
0x91c784DEE940D1a870c71f69fA93333c18a6E56A,0,31.600925404177797
0x1F1081367a47DCe779BA404A6F6F18152E78Df17,0,0
0x42add6CDA532D7081872baACBAe58b68C2DC8efb,0,0
0xe3743D3a0A06357Da9fA0e11262F5b68ad4896Bb,0,0
0xc249cc72f97F4549F0259a8514D4BBB1C5eC4F12,0,0
0xDAc6CD54dDAC2eC42f3feE9Dda476138FFdd905C,0,0
0xa9187449EB6A125CBC37fba6acDDD9B6823b2633,0,33.26929724228656
0xA7fF4faecA698448F45Ce3651ae929980359bf20,0,33.26929724228656
0x29F36144E27C1e37C8d333a1780D55594E1487B9,0,33.26929724228656
0x55A6Db1078B516d3814cCd8F0b5c9258E06F0c4b,0,33.26929724228656
0xA93b7C18c3484bF6d2515e50531e1388885948d0,0,33.26929724228656
0x6E4Cc187e644851933bc22B71F2217b332fA5878,0,33.26929724228656
0x0D2a8a18dc5b493F246Ba56f59DaE1915C3A9D7a,0,33.26929724228656
0x87457876eb7F7C122BcFfa4eA73E731AF3E620AF,0,33.26929724228656
0xF791E14552bd7Aadc328786c6A30b1000F889E05,0,33.26929724228656
0x7545B8B56306B922380Fec4eec3F152e09dd92fa,0,33.26929724228656
0xb728d5E8ea1388551b6d4EbB8d1F5866F4e67128,0,33.26929724228656
0x2Bb154e0B824f808872d56648b4a2BE0027127d8,0,33.26929724228656
0x80c837b851813D8987D47Db93FCA7aE95E3a9B23,0,33.26929724228656
0x810F30F06BB4790b6f97D6765071878E89710d39,0,33.26929724228656
0x66FE3845305d73C32576c7493c853629b6d67b9d,0,33.26929724228656
0x1b9e90Ba48f957735425dBa17F6a4f446ce1385c,0,33.26929724228656
0x32b778a834948f388FADac15745e7aC542831b97,0,33.26929724228656
0xF1dA6602C613eE9d95e5c9294999218cf65A10Ae,0,33.26929724228656
0x0363DdA7de1a285Fe5784A73986E48bFd6D08F37,0,33.26929724228656
0xDc1D5fDCA4a4369eE8C0EF0c46A395eABCf8Ea72,0,0
0xF828D99221Ba62503061c0C66fAfBb369dd3eD1E,0,33.26929724228656
0x1E0DC50Bf868ccf96fB73EBaC0ec90cBdE20a326,0,33.26929724228656
0x505eFF4fCDbD109ad8c4A7f03a713B8397A45A54,0,34.34736525713731
0x99622041b072F08696818c4C52FcFA3d4548700f,0,33.85668861060678
0xe42d9a1C2E225cB4c80A4Bb4Fc28804e6561fA9f,0,33.85668861060678
0x2232fFcbcBD138C1553fAfa6d566c5A2f1d2e14E,0,33.876315676468
0xBd02A0c6f40ABe23CA4c021169c23eF4BA802ecC,0,33.954823939912885
0xb3558Fd0b0704d4A0189D4C4c635e67407Cb38d9,0,33.954823939912885
0x6bCB1fd907dD62F55da8F77D816E5d857203fF4A,0,33.90575627525983
0xFaCC5b022641e9905bA3bac29b26E6d6191f2B8B,0,33.895942742329225
0x15E9Fc91d5b36dacec0c4c5e955Cd4ecC2923e71,0,33.925383341121055
0xa2f8A8f07885B02e3B168D9aA97Fb116c614042f,0,34.828228370737236
0x811081BC136a053B73b4dda61Efae3CD231826c3,0,32.090252683096864
0xeA02D055F824104EDdF491A3e52334B925d48F5e,0,36.31007184325944
0xe3De264Eb519Cb03AdD0C3E3336eFF573D8d2aAC,0,36.11380118464723
0x7606Fd7d27ecFe93E051600b04f64079FfA01B7d,0,34.34736525713731
0xE80AB9Fdfa39487e8268945995DecBdFB379889a,0,0
0x54177914F450E9a7cC3139c3365f91cB13122987,0,0
0xe4Adb5c97501482ae0348e5021866eE22ca913E9,0,206.07528617756745
0xe7A70A5966270c8C91C1faEC01FD1D6D835d8022,0,206.07528617756745
0x14B60FF83E518190321FD73c84a89E270986F5D3,0,206.07528617756745
0x40495793D8A719ec8cD4af3560DB5118A92a8Be6,0,206.07528617756745
0x6Dcf3Cc27Cf65229aA5b035A2402071792579308,0,206.07528617756745
0xdEf5E2698b974C9e3351D4C366E2677ebbD211a2,0,206.07528617756745
0xD85593d0eE97763d86AA86d126F9e8888e864F32,0,206.07528617756745
0x2C1bB5dA4d288EeA8aA4ABD35faC5aF83431Ac9C,0,206.07528617756745
0x1D93a521485362E0cf3a1e22F80d26BCe12B3718,0,206.07528617756745
0xDf9524d5D8A2a7B201C036c62B5370Edb801E6f4,0,206.07528617756745
0x6D20dbD5723eA2AE17F32DFc75C2cc87fbBD8d27,0,206.07528617756745
0xF54B44CCcECE08E7D514Ac57978ffeeEdeb7A752,0,206.07528617756745
0x3F90d4391bb3df5B95F9165A7975aE9042451f77,0,0
0xA5ac79c1Ab1a28Ea61db85fB2a1c518754d4fa26,0,107.94419752158295
0x55aeD0433061Dc99a8c0F4753611A8E35c8ADF79,0,107.94419752158295
0x16083752C5CEF11809D90f48f9215224421Ed9C8,0,107.94419752158295
0xDdC4C88D05acb5bF9a68920f51Cb88BE7B6b456f,0,107.94419752158295
0xcfc9b9691DE6Eb4988534186604a59064F2B1208,0,107.94419752158295
0x840039A9D4371e54033049007f726b5546e75E1b,0,107.94419752158295
0x5737e64E56fFC8766952C11C9133f715AA3CBB46,0,107.94419752158295
0xC8d5Fdd8B28c93882Cce968E6170C9AE091407A5,0,107.94419752158295
0x87033ada783499dee42116B10dFB5a0F6c8E40bc,0,107.94419752158295
0x1403Ee8B4950E488A1c4a3564C0DA06069e74fDE,0,107.94419752158295
0x5a7de05e64e46DCA80330A57b749dC74b495637a,0,107.94419752158295
0xa3eacF5e76F9dd2cF31053801d4e0855A6cCcFcA,0,107.94419752158295
0x20F879630DcfCF232B3D8f4055F1d296c84f72bC,0,107.94419752158295
0x689b2922a6586549c0429c2c0a9E6f5606Aa524E,0,107.94419752158295
0x55C829Ec68D84B9fa2B89aA6AeeFF070eAfbdc90,0,107.94419752158295
0xe5Ec797EE80fBBABcB93eA6936494813CdbfCbaD,0,107.94419752158295
0xD37eC97cDc8b305102A66CEbC4E25E169C91Dc86,0,107.94419752158295
0xBD5b5bE073C0eEEe6B86a6EcbD1024590fBF16dd,0,107.94419752158295
0xc16813A072222b816a29f68875A902D2E0C2da50,0,107.94419752158295
0xd46aA7590F7340F46f5BC1C3548d3c1D2476deC6,0,107.94419752158295
0xaF7adDC19adD202F6B2d0f71331FbD91693Fc50C,0,107.94419752158295
0xF6c3A78d46c24a66B902C018346911181B35f2e4,0,107.94419752158295
0x744934dFa9b22C2364fDfE54a2FfaC07473dDADb,0,107.94419752158295
0x7bbCB56767E13Fb751e0Db972B2484DC50af8aB6,0,107.94419752158295
0x29700147B646Cc44A3cA51bf711aC95E8AEEe234,0,107.94419752158295
0xf6a5CD26D4e74DB5e17C5f9488Fc142A93E4c250,0,107.94419752158295
0xd1Bc4e54f38BB4D5CFb3e8cAD394760fdfb81C3D,0,107.94419752158295
0x1055345ae37278974aE3DB73aBcb1aA72F697B65,0,107.94419752158295
0x993AE1BB016DE77dd9BCE727B87c1a9943111ba3,0,107.94419752158295
0x83c481400667fB1FCD108562a750CcCCE2b4C131,0,107.94419752158295
0x90Cf982B13efb0547fEb0243e7f7138C6DA99aD2,0,107.94419752158295
0x7AF827838B2c233D56571023f7cA9682A5f2FeF4,0,107.94419752158295
0xcF5F85abC201def48c14F63F087027A3a192a8F5,0,107.94419752158295
0xCcF360f7F52287F68593934Ce1a35Be303135eD5,0,107.94419752158295
0x5FB9Cdb584964857Fbd671e0fb0A6740b6306361,0,107.94419752158295
0x3aD8ABADB27DcC1e008500B082BccCD418167766,0,107.94419752158295
0x0bF06d9d19D3CbeA1D40d9C04Dba4732E336CF27,0,107.94419752158295
0x4eFd625E3A3c02D9f9Eb54bfe89F170F9bC06383,0,107.94419752158295
0x30c1D81A11d66A9940373c1a95C078b7765191bC,0,107.94419752158295
0xA828c6C74a04D9F5C582c2cE116c317F16B0A6DC,0,107.94419752158295
0x13e1824996a6f109e1568AD3788F69b2C4433b67,0,107.94419752158295
0x11A435623d22285D6Cf06C23016F18aF777d2206,0,107.94419752158295
0xA615AbFF46cB7f645f9b0E9208a71Fe86ae0f214,0,107.94419752158295
0xEe233bfC1251bDB3dbE89D0e330C801204D4f155,0,107.94419752158295
0xdcE77050fdbb70Be228c671BB19d1f876887f804,0,107.94419752158295
0x70761ae25CAe5E58E1F1031184e06a6C3718fA98,0,107.94419752158295
0x6642A6f778028Fa938428A5079B8b9A80cD1d24C,0,107.94419752158295
0xE45c9D982b5e3b9214c9B4C73b9662d18E643248,0,107.94419752158295
0x9A21F8BA2C6204726180B245a6F459e523eF11ef,0,107.94419752158295
0xeCe8c43901c3C4502B90fB38dDa938f43067bb55,0,107.94419752158295
0x34c20a580a84e9B19e39bC14606910b3d750b11b,0,107.94419752158295
0x66991Bae728bedD5BCE8465B6E81d56c946418b4,0,107.94419752158295
0x20f827df24CC4b5ecC990d21Bc8E01286E2A0143,0,107.94419752158295
0xEdd4686664655553097613E9793F4FBd95cF9204,0,107.94419752158295
0xba560A6412D562c5885fe47b6Eb8Ac49Eb980FE6,0,107.94419752158295
0x7f042B60dD45c68d59dA4d6273FFf69E587E1350,0,107.94419752158295
0x09Ad5725071F010A52CC699a3f0E3Bf4a010Ce91,0,107.94419752158295
0x3Da7C66ea5BaBd40AaaE2D93184ADbc80cA43940,0,107.94419752158295
0x12f199931D117e78cF554BbbEa26467159C98085,0,107.94419752158295
0xF48B1372fC1168a8AcB61639a890b2F24212E23B,0,107.94419752158295
0x6f89950e736e942c3fAC2ACfc910C0B2Cc7Cf833,0,107.94419752158295
0x6D41c5F647aE3044815D14C3686f80CEca33f28E,0,107.94419752158295
0xe69b41D616367578418991e4D61AbC0c3A8255e4,0,107.94419752158295
0x1BFc8ECB8295dea0f391d292BBFb30f0932bC71D,0,107.94419752158295
0xf27a9e0Bbb62D4719519B20d606DD6F8fabdF2F5,0,107.94419752158295
0xA951278228483a0a474AfeC5692367aAb3e2fbc2,0,107.94419752158295
0xF52c31839D384320377dCb10cEe8173993AcF5f9,0,107.94419752158295
0x3F4355b400f4BC7933d116d0dEC251B3945782fb,0,107.94419752158295
0x14Bc1AA56330b0F6f5ac80B3b15cDb05fB1a2EeC,0,107.94419752158295
0x585fa8730c4dFbc4859A6eaF0dc02A22e8aFD2aA,0,107.94419752158295
0x9ADE0697Bf7375c6423127bAFe3cA9d93B858F07,0,107.94419752158295
0xeEEa23422498FeB9f7FD138557e02A185e137992,0,107.94419752158295
0x098EAc949C5DDEF58387129380e98B191be2f95a,0,107.94419752158295
0x4D64f1112b37396CEF3A678a5C4F4B7e0aCDf4e2,0,107.94419752158295
0xE4024D54DAE986a44D63D6Dd5c54518D4e46a697,0,107.94419752158295
0x1859b7d014A12f015ebC13E98Ea6532C36f7C105,0,107.94419752158295
0x0aE18a93D2F2B0Ce940d180Ea50cdE2b1F0F8496,0,107.94419752158295
0x8e688df422b5a0760a5279Ff4f1C19a68503F367,0,107.94419752158295
0x5468E1fF3a009Dc337cf9CD926291C9A0C5d85Cc,0,107.94419752158295
0xb63d9b3Eabb92FfdD0d9644d268d26FE3642eCA6,0,107.94419752158295
0xE005f77a183F0965604E16CF27Db108e9701C290,0,107.94419752158295
0xD70B08354A930aCD9Af300a266d5Df9Ec062FB12,0,107.94419752158295
0x6a7E2B9652B736059c666D32b6570c82ebe25CD8,0,107.94419752158295
0x09320967878A296D5287Eb5b1089a604ff1BAA88,0,107.94419752158295
0x08Ec4eaF34b09F2F19213CD360af4c0219Fbb6c7,0,0
0x5DB66a8C4E95A4Fad43e06026d8ACA1bB031D0ad,0,107.94419752158295
0x402891cF398EaDfA6Df6AFc0D6b6E8Ba8b63f2Aa,0,107.94419752158295
0x2a9CC3CCa068Bb2AF9e55f95Be5356613B57Cbe6,0,107.94419752158295
0x6aFFD7C9f3c56f4C9076f8fB9488E2984eeF336A,0,107.94419752158295
0x9C4A9f63e20f6FB73621De883253A3514c8B6c60,0,107.94419752158295
0x495E80FfE72DbC8D01B8AF0C836bB0C6C65b50Fc,0,107.94419752158295
0x8906C30156FacB6E8f39Dbd88c6E15d7b0831618,0,107.94419752158295
0xE03f8308F055368A74cC66cCa6F92c69a14F68B5,0,107.94419752158295
0x490b67B546c5E8DbD364BE16b700Cf8135b49362,0,107.94419752158295
0x430CC072Bb50b323787328a2833A066E94a4Ba7b,0,107.94419752158295
0x54157bD4eA7c7Ad6a46b6611ff6782a7f25d0bc7,0,107.94419752158295
0x4f17AE3DF3aeC8E061e92E7E439BdD45CeE89EA4,0,107.94419752158295
0x70283CfDB11713744acE13DF589267E2f81A255A,0,0
0x0fee27f9854CD1Ebdb08587d483714c5A342C5e9,0,107.94419752158295
0x16Db4Ce1751656a2E8931c80717a675518e164bd,0,107.94419752158295
0xbD0c605089DCE27a9367c8F97252aaa7a24D418f,0,107.94419752158295
0x0d884EbAf3F75Ce2E505E290Dafb8Eff91ce1EbC,0,107.94419752158295
0xd300A1a913Cd3Ff8baF335e150f275B22714Ee44,0,107.94419752158295
0x0d16118f1ce1E10E3736E1a62c9BD14996fB541E,0,107.94419752158295
0x80F16d38E5525213513D84b2769f58606BE28bDA,0,107.94419752158295
0x1BCe16B5ffD640a65bEE518066Bfb52F2Acb3342,0,107.94419752158295
0x3e5178913d447979e4F3a9158942B14b372C0257,0,107.94419752158295
0x4B4f547b669898BA025Bbb2D52fF9c22A0c5eF27,0,107.94419752158295
0x838Ad5f8995c7c33F946214Ce81e5aC963911d0B,0,107.94419752158295
0x671163FDF5cE874db132F2b3c7e057defa10F02d,0,107.94419752158295
0x40da7dfA06378bc788785b51970BE310c2AF14db,0,0
0x2B3893CE552d13926e95d00C0E0DeA38B9533fC4,0,107.94419752158295
0xe1116B3E04827dB2C8a5549e52a23896B7B735Ec,0,107.94419752158295
0x34130C7aAe23EF3A2666fF8dc43bCEf982Dc19A5,0,107.94419752158295
0x19858a105f0379d0596a7D47C78E9f0C611f3ec1,0,107.94419752158295
0x4e9ebC89d748B5b7BE4DC172a5126F90e0A8Ad22,0,107.94419752158295
0x53Eade7EaAA6738578300772deE86f385A3713c3,0,107.94419752158295
0xfa6bf0e713eEF9a10B9C148fba425e2121430206,0,107.94419752158295
0x3C74bA6af7e7D706d6f7A3084C16CE791e05af2C,0,107.94419752158295
0xEF8c1e63a48CEcD4D629C13ad4f11f5626D40B54,0,107.94419752158295
0x0eFe1e2184FD3318caD6365f7761e50A1f6A807A,0,107.94419752158295
0x38Ae4F470B8102D11dD65c94DDE516842d215582,0,107.94419752158295
0x392a880D64ea926c5C6d3Aa0B333D47E41dC244e,0,107.94419752158295
0xe37d6f27818607960B30E4A1B9a735636b850f2B,0,0
0xBCA63eb7fA6F2dFc2D48c87C7fc4fcaC05e04648,0,107.94419752158295
0x3F944cE98258D9f31Eb01E044066dD91214D4b85,0,107.94419752158295
0xa354664a0502Cf11E7E72e11b498c237309325d3,0,107.94419752158295
0x5631dA8E03428a6FE175167e88512Fa5928432b7,0,107.94419752158295
0x974ebA2962D4Ea6F02d4d876297f26D1171e4CFe,0,107.94419752158295
0x1668756CC9d0D66DF736FB5445B206DB77e71C1C,0,107.94419752158295
0xe36A07bfFcd0d5a3255827Bd99d4a0F628aE9E3C,0,107.94419752158295
0xbEB5A5F95dC8Be90cA5EEBb7dE2725225B19a21E,0,107.94419752158295
0x6847Ba1000071604bc43f869e0d1a6aa0d304c18,0,107.94419752158295
0x81aB9C764F9d91e7e982285b04E5718268a7B0c2,0,107.94419752158295
0xe34F74229402B2056E8bf8A00795F0e0764059C8,0,107.94419752158295
0x8759Eba25dd25c709fAc40c16009A32085e44B9B,0,107.94419752158295
0x3d4d722eB848d7F6d328d9B3a84A4eE5a329c337,0,0
0x61EF20666e0Cf56DC9646E440262D450f67043E1,0,107.94419752158295
0xdf0d022dbBA7f5a7f4cdc577b16d75999F25d833,0,107.94419752158295
0x7d1A2D72bF2091718EfDb4E82e0Ccd45a99100B0,0,107.94419752158295
0xFe85F01ca81B1734C539ADc9997E1C9835284795,0,107.94419752158295
0x1e14166e53A1bc209C8D5ca0f77328eFe94C3EeC,0,107.94419752158295
0x352291aa450aA81120D08f2A56e358423d249366,0,107.94419752158295
0x8D36381d2CE842c46f1A0A2E7e627cc0932F77E1,0,107.94419752158295
0xed8999dA1E1598FCdf43E271cA97dcAbD855246B,0,107.94419752158295
0xF2BF6aeD9197c8933c2eC29e2CD24034D7b78Bb8,0,107.94419752158295
0xfdbDFe956c4d49d2157AF989E5b5B7fe1D387eDa,0,107.94419752158295
0x646C13E53DceCA5DA8Dfe84Ff17D8488737025AD,0,107.94419752158295
0x0156223062a5945f76eebD28f99ABFcD8D1ada4d,0,107.94419752158295
0x46cD2e3948a8b19008ED6ED4115Dc2D4380f99b8,0,107.94419752158295
0x14C9B7be1F77E25CC1Ad1cefFc8e30c7EaF164bd,0,107.94419752158295
0x3De1b9b94e37fF017ADB4a7c157e04c57a5AcDBA,0,107.94419752158295
0x06BA8E59CFd0955594f39a4576dC2A1e817e798B,0,107.94419752158295
0xb1a93F54d8273bF7C944Fd305DEa4f7d1FaC066D,0,107.94419752158295
0x8507cFA1E13A4824e6b6C192b114Ab581e90706e,0,107.94419752158295
0x531Aa1AA7Fa66E3d3f027b661fd5Dbe674054DF2,0,107.94419752158295
0xd1a80F06b6Aaae40da1968C04A517d926A79A6f4,0,107.94419752158295
0xfce2441ed11de1CbFc7aCA31dC798C930D880B3d,0,107.94419752158295
0x5585A005880E24b2562651F97c801A900D94bEB7,0,107.94419752158295
0x84DFaD9CE7729C42732bD3dF159fC2efc339E853,0,107.94419752158295
0xde52E3a5BDF841bF7a53caE7C1168092eA8E58f8,0,107.94419752158295
0xb0e988e51d8Db23a8baa1b8A9dFa2a3eAEf8b3a3,0,107.94419752158295
0x50CE3E7095f391d511423F8f4d22182310eEd29F,0,107.94419752158295
0x59F30952f4D0bA451Cd0996B50Ee971f582D2238,0,107.94419752158295
0xb3C25183E180c0f5b80F8B5B984D4637533593b2,0,107.94419752158295
0x8be8D0Ac433cf183772Cd1d20Ff817593fEf8C02,0,107.94419752158295
0x4986AbFcb0E800B4619e47eFfeFB88c89e28A407,0,107.94419752158295
0xe686B393D73Be7bac8e5F375C3390f03c71A3b35,0,107.94419752158295
0x308C4DE28F11CBb8279658298A10D01ffe4280E4,0,107.94419752158295
0x78cB0CF12Cc0B7f4b4E46298e889995e3Ce8a5Ce,0,107.94419752158295
0x052E87229dA2D92999C4a5c06d5Ff8C9CA88e044,0,107.94419752158295
0x6770AB664E7be771a61c1D34fBd7F84670cb222c,0,107.94419752158295
0xEFdA3c2a32c2F75c4c5843Dd198Caf76Cd73AfBc,0,107.94419752158295
0x3847F91ba431919f1bD8f1F9745983778468b2C9,0,107.94419752158295
0xf5Ac81ce5b1A79E9d0e73C3AEd731B46E850279F,0,107.94419752158295
0xd8cf41Bd09Ccfe6441047bB28d72a63d7B942f61,0,107.94419752158295
0xb1b5AEc6B7c713a52C83ff38670E24c506Accb7c,0,107.94419752158295
0xF191CcAdb20aaFBa88eeB13BF6d64458Ca4EaAb9,0,107.94419752158295
0x90317108c6b263049B2B236faa5a72f78F5C4E37,0,107.94419752158295
0xC0adb0439240c51A79233793Ac1dA761D6704640,0,107.94419752158295
0x54f0b81D710AFa14C3f59f26F5E2Fb6c6fEc18D1,0,107.94419752158295
0x9565B599F31779Bd5E71804d5BABf89A5069e0c4,0,107.94419752158295
0xDAf9d4Eb6Ad3Fa00504Bb7d6aa7612422EB8C253,0,107.94419752158295
0x61739608a328cf8EeC3106146462D87E6e251Dd3,0,107.94419752158295
0xDcf74a2C3f746e1dE6Bc463879e2eb1B5145ED13,0,107.94419752158295
0x937A13c28A25DFf7137555eff592C7290D3ff901,0,107.94419752158295
0x825A326c7D63F435d1c0c7B2eE36a49643f3716A,0,107.94419752158295
0xAEC57Eef340f91DF1E409B4964df098270dbFC10,0,107.94419752158295
0x6FD914a188eF3167382Ee2091ab76768F824FB23,0,107.94419752158295
0x0bc43638DC398629d41370B10428BEf417ff3b67,0,107.94419752158295
0xCC46c76e220156cB792c432701e8fDb429E4AfF1,0,107.94419752158295
0x5Cd06E2A2b3F0fC688ae916EfE86951F53F11ADF,0,107.94419752158295
0xE556423D2484A35F6Dd14B2D4c487A9Dc6D7efc3,0,107.94419752158295
0x7e75d77f27AA1f13ff0A137AdDb51d4e6B5A7857,0,107.94419752158295
0x872d415C65115C0eC16860ea48c50be576050FbC,0,107.94419752158295
0x129deeDcE6d5819A0c5D7CEF1B4A7c25e3450139,0,107.94419752158295
0x2B9226059831C1F3649C52185F7214056BeeA5bE,0,107.94419752158295
0x6959D2AF159Eb383A16c1e403D141D9DaAD7B47e,0,107.94419752158295
0x7DdC79Bf51Ff64085C10148c83cF9AB5C5eCc8d6,0,107.94419752158295
0x9B050ef135fc7b1F06172e0FBc9EF387B8d6F4f3,0,107.94419752158295
0x68C6261Bda045b68d1aFCb585FE6169108866a8f,0,107.94419752158295
0xB1215F6e710C3a65B58e69d86722a64685302745,0,107.94419752158295
0x67Fc5719AA1B96bEEE8A9bbce007deB38FC533e4,0,107.94419752158295
0xe8CFfFDb5CE52895cdd219f76E293cC2daf43ee6,0,107.94419752158295
0xFE08f567556Ea1819D60Ca1A7c4A515f1C510038,0,107.94419752158295
0xD21187F30F33B3881eD948129A1414aF41b20E28,0,107.94419752158295
0x41b1102D36Ee8aBB70D2DdDc79A994B435Eed93F,0,107.94419752158295
0x92e79867e3dA8fB759C1FC0eed5f8E540168A074,0,107.94419752158295
0x252E185BE2D7174CA18540460ED7876CE41CDD03,0,107.94419752158295
0x4c304D8721a846824240bBb8F5d923AEefb6348e,0,0
0xE9ba3D75cafcB18f0fA662c5492f23A52407B768,0,107.94419752158295
0x00Eb52314180025F5A99DAFFEF5ba4C4b5A8c38B,0,107.94419752158295
0xB838C3CDA163b24a20e531e0e80df0F1bcFC1921,0,107.94419752158295
0xE30EC156BC5c22a000B9527656a82bfB6c92c679,0,107.94419752158295
0xDC744371c4d37D799e236E2BF47f50Cf7bBeF929,0,107.94419752158295
0x47A68086fFcFa3E80684a29d5eafc3912Dc57325,0,107.94419752158295
0x22b573CF789f9aC3A3312B20c27f289999fA9E19,0,107.94419752158295
0x0B49C4962A74B660A3696a3861fcCA17814D2373,0,107.94419752158295
0x160873E0c2694162dF5d5A222F91c62a23F93CdC,0,107.94419752158295
0x9fdEEc3d6F00c90D6dAB6D338b0547b79C97b677,0,107.94419752158295
0x471cfC1438Dd0f4b383860E5dFBC08e0BF72cc43,0,107.94419752158295
0x4A943009fa42BDD8fD7d33BC04e7577c8E684a36,0,107.94419752158295
0x55DefAa586D40CC00969f7A0E850D7Bf106387aE,0,0
0x3B9d4896Df0e933B9a5657D41BC1db0Df9FE0d75,0,0
0xa93e647625fBad955D4F53Ca56d0F3dAF0d92dB5,0,0
0xbb5Fa64483b24dA86597C957a218f4342c192f1D,0,0
0xF675A391334856c464C63523a99f11bDf18B5Dd5,0,0
0x98c8a5C15723460296abE4BFc66Ee8a25B6d6f5c,0,0
0x31FF31839f6D732d1946cC50e3c7853962ea775C,0,0
0x21Ea56C605726536B29Fb55395c38adFdd3Bf5f8,0,107.94419752158295
0xF10C2e4df7e8EBbCD72031De2B139469B8617b32,0,107.94419752158295
0x1E46033e8b6a4c63CA7d5A6B3826997BA56ED182,0,107.94419752158295
0x86A5e7989bd67E6870759F617698F0420Ab1b8BA,0,107.94419752158295
0x8a98011919FBe00970b0370afD853a80286F9b94,0,107.94419752158295
0x13d7e321416D10858bB5D2B16e9E5a16d9766d3b,0,107.94419752158295
0x04b21b56dc0F46295926f2ACE65071E62741138E,0,107.94419752158295
0xB166588a8D61bE966B595cA10e5f3de7c1ce96c9,0,107.94419752158295
0x8149b6780c223b57733F134c4624b8326FCCF70e,0,107.94419752158295
0x3F74922Be25c6dcD8b7655D6e7D90bA640FDd526,0,107.94419752158295
0xF0BB66eaA3bE4E5ef8e282bF482080a847Cf473D,0,107.94419752158295
0x72044375eC564Be5022d8296CD96fbB3a1699808,0,107.94419752158295
0xC8ec7806a87fF1A4A88374885DE9330655B98d3D,0,0
0xb6768f6f4de7EF6864ECc782B7Dbd800D6a3DfdA,0,107.94419752158295
0x37a6EB9A4338bECEa8d953Fd52d4d04aFeD5838f,0,107.94419752158295
0xF2E8bFCfda9d8237FE52DC9cEE1421314E634DC7,0,107.94419752158295
0xA568187cB1e8e1B67D288Ba1322e2C41766F20F8,0,107.94419752158295
0xd04A0E506F115Da97b56e506990431A2D92B0673,0,107.94419752158295
0xB2fABDc521A11a91b2840fb968Af297B3830a03B,0,107.94419752158295
0x108a760DCFD0969e43B3e27f34bCd06c95aeb6CC,0,107.94419752158295
0xCA47163D541f72086197AF8BA1b796C400338C69,0,107.94419752158295
0xd557A8D33516c722ba9fF760590676D494777E9A,0,107.94419752158295
0xbB276203E8c19C051E4feDb3158D448e438580cc,0,107.94419752158295
0x89118AE52113357Bbfe7DDa678A0b34000460B37,0,107.94419752158295
0xBDD77126DBB9cB35bE3de59Fb7D9a198C4FDDe6D,0,107.94419752158295
0xabA25DF5684392916157261Ff080010b0Fe13898,0,107.94419752158295
0x80EDeb880C2C83C6156Ce08b65B3D2637F052aC5,0,0
0x5e1EcD614a3203d85C1abD8A52CC835DbE2826A1,0,107.94419752158295
0x27b7c28738AEFc3B5f3Cd6C3096ce943F346519C,0,107.94419752158295
0x0502Df793f8B510611ceEECEC4139057A4A76F18,0,107.94419752158295
0x268c7137DE597c72E286F0814FC81783734A3339,0,107.94419752158295
0x47a1DF4932c9f0975d0cf857ed39711A359Df0Ce,0,107.94419752158295
0xAE48e7E097133CEF5b583B39820484F52D955E8C,0,107.94419752158295
0x571ea3EE4bCC378fB473Ef283148b345b1Fd00ee,0,107.94419752158295
0x71Ce2B9ddCC2B1624958F8215495B58B31b974f1,0,107.94419752158295
0xd1D0aE42e9155b63d0B573Bef15b8cEf3C9Bbd9E,0,107.94419752158295
0x0DD275E6747AcaD8867efae8e9D64dc7699E76C1,0,107.94419752158295
0xdDe1Fe0CceAa3d320E85Bc3Cd183aB3c49E859a4,0,107.94419752158295
0x0ba06cFECD0E67287B6CeD47079be7f223b2D38e,0,107.94419752158295
0x9D97c176b217F2913ABbB2095496C7996E836577,0,107.94419752158295
0x51F42F7C5E9Df283C678a929BDba096F4bC2851F,0,107.94419752158295
0xEbebceD661D8598dD5f32341a1058392eB3D911B,0,107.94419752158295
0x016add0337dc64d52C28ea93Da4587F4B74D8aE5,0,107.94419752158295
0x8b80564Fb475605AE9C40d5F40748EDAEe0268dc,0,107.94419752158295
0x1Fe6833d89DBd838c64B0FD84af749b78bc0C330,0,107.94419752158295
0x09847d6aE9048b864A565b8c34C911820185F897,0,107.94419752158295
0x8EF179ab8CB2F67361E5F8c09c4118a88d6df874,0,107.94419752158295
0xcca3eB3E5294B80f1C8F376E0bb9b28e55677B2b,0,107.94419752158295
0x84EC504cA73C56a6164220818a2ff15A4CcB0246,0,107.94419752158295
0x798E8EF5fAAE7C76ffB8046a408Be3eB22CC0f63,0,107.94419752158295
0x70dfa14F1b22BdD3A0169298D34B4Aa7aB560ac6,0,107.94419752158295
0xD66a60004F9Fa2635F186EC07d57341B7FA0D627,0,107.94419752158295
0x9318b31687668978Fe18267c50123cb52d20Bd95,0,107.94419752158295
0x794Dd5Ab0Ba3dea184722e359747542295CAF98b,0,107.94419752158295
0x4cF37EFB7bC433E3cBCFDD32B6c539BD36042Bb3,0,107.94419752158295
0x344257003Ab2613320a4c4f750672790Bf90A60e,0,107.94419752158295
0x1D06B60A5240BAdb5c72743FB9a1Fe7d0c0BB800,0,107.94419752158295
0xad4684C743d68bE7d28a6584e9fdd78A1BF024c3,0,107.94419752158295
0x023C7Dae3261153FA31E1B851206AfD556B4A098,0,107.94419752158295
0x22794e182898E2B39ac0AC5Ba0675262A4e41079,0,107.94419752158295
0x5186C1541Bb880332A50Aa2A9CFc6CD6a805eBfD,0,107.94419752158295
0xBC343387CACB75D00056445eE0e79a9268c26098,0,107.94419752158295
0x26c5Ec8d8e2AB9217781e34D74404E27B08fEF86,0,107.94419752158295
0x2E42C1b160dD5023F3a2a6d75E141312e9F5ac1C,0,107.94419752158295
0x0b0c41268c7D57e4E232Ba9E190EfC955fd74ee9,0,107.94419752158295
0x7676640EA2Bc889bf83Ff42BD816Bea41A017267,0,107.94419752158295
0x692cb39140d89c3A5D93CaEe9CAC59eaFFc8F3DE,0,107.94419752158295
0x58d21f2b961D0B74D7055E92ef3aFc4E55334C52,0,107.94419752158295
0xa9672a6b0F54f85efbcb915F494911151dd5123A,0,107.94419752158295
0xf1c2330304A0931ED81F302CAF5e431E4EdD6Bc2,0,107.94419752158295
0x1c750ACF3995d8FE0B4ddce09a53b30748000B0a,0,107.94419752158295
0xB3fCB00Db444B19F15e8A7468076DDdaAe52CDdE,0,107.94419752158295
0xC5DC726c0eB2a7ea27881CbBd68Da624Cd6bd4e6,0,107.94419752158295
0x8060368AB602CDc1Ac06E236ABf83C55A7d3E537,0,107.94419752158295
0xb7Bd3C353f206426fFEe96E28cA27a03Bdf49e66,0,0
0x03913b069Bad3d636bE36D8a07011D6DEA011075,0,0
0x73Ed4d70c3050265e127b4897E72a49a815783F0,0,107.94419752158295
0x1B0d938E7858714D9c62F89F689Fb02e1a4264BE,0,107.94419752158295
0x0cCDd9E1AEB0d342361Aa25d5Ce18e62e0131269,0,107.94419752158295
0x069Cf002092B8b2a480485d35e0F8F1b956A8049,0,107.94419752158295
0x8B6dd3113EAf2496A1795976aB21012Fef7adee8,0,107.94419752158295
0xc810642C4e34a65B30d0613c88fd63bcFBaa7810,0,107.94419752158295
0xd9CA22054f6227C641003cE2a036B1AB3Da593Bc,0,107.94419752158295
0x92c39d2dc62967F65c8e068B2C7A0ae06b001365,0,107.94419752158295
0x02914F43b18f07124335614C5A8eb14B1ceAd22C,0,107.94419752158295
0x8b3a58727C4f6a0309848781c3bc9be7a73836B5,0,107.94419752158295
0x8662b08468522C27f1C25DBb19dF800df5832786,0,107.94419752158295
0x11474e5fDBd0536F92a558aDbAfbFA6BaB360240,0,107.94419752158295
0x88C6B4C596602A178226805ea43668d0eDc31f99,0,0
0xa6301185dE9d529b4Fb4892136e280a5C5A6dDa5,0,107.94419752158295
0xEC41d9E801e7a1b4626c77Fd8c9bDE2687547E13,0,107.94419752158295
0x2E82a683439BE813B417aFd14C832eBE49e6067D,0,107.94419752158295
0x8F49747b92b5Ec8A72797e10e970A74C557dba3f,0,107.94419752158295
0xaEE31069271364833D614C3229a35F3ba8500f0E,0,107.94419752158295
0x4E688a2bbec651eD704E5224BdDCbCA568560362,0,107.94419752158295
0x2Df575A4cB2db2A7eBA8C51F3Faf4d8E8573159d,0,107.94419752158295
0x2e17e7B347757B8Bf6d6FF62fD63c6ccD5eEAFA6,0,107.94419752158295
0x3a78ed79e621a64319e4c3e495D1Fa4D9ACf6336,0,107.94419752158295
0xbF942500bd8D6c6188DfbD098D70e08895f3Aa0a,0,107.94419752158295
0xFBAbB7532436E68f031BdAF276782Fc8A3144dde,0,107.94419752158295
0x367C8fb5D5761CF09166B9F0018Fc8e2A782Df7b,0,107.94419752158295
0x0f2BFF2cD6932A285e279E69Ac15dbdD90D45934,0,107.94419752158295
0x37225eED7e7B3aeA39e9eD585C9750667FfA3eFc,0,107.94419752158295
0x7bBbc1eace6558e1bBa044eE1BDc19D2F22de450,0,107.94419752158295
0x7518f7729f1b22365be250a8Dc3531C6E1995763,0,107.94419752158295
0x7ed367a5ea634374d0C7b4Bed6CFac0f62B9a8AD,0,107.94419752158295
0x0C9693C9D7D406ABb0a1D5fa1Da41e0bcf3B346C,0,107.94419752158295
0xE951B35c08CE0Ef76C5910924F3D348C251B0856,0,107.94419752158295
0x89408DB7c3F4B38E4f5e6b25B4c06bfD6Be66082,0,107.94419752158295
0xE0065FB7cCFAB999D21c78134EC3060aAaDe2f20,0,107.94419752158295
0x030847311aed5CED01A029393cae7db58A7Ca16e,0,107.94419752158295
0xCBd9ED67Cbee23f15EAd3ea6f401d5e95F9fd36c,0,107.94419752158295
0x2098ae68b503B28e09A88cEe072fc8675aE83cC8,0,107.94419752158295
0xd654093e8B30ad2507569d8602C9522cD3892362,0,0
0x92CDEAA95b3A7fB86C8c074bf7A2fc1339E9128F,0,0
0x262fFd997d37A46868753eD1D8478D2583B179f0,0,107.94419752158295
0x7d3487c6172ad4df5E1BD4F402d5889138371C34,0,107.94419752158295
0x6C4338614A85D5b56676f09706B07280c397302B,0,107.94419752158295
0x71fa5578a5aCb07dD602861eA1aa8C8f048e6557,0,107.94419752158295
0x051b06441F40abe10F01e97853ABd70Fd2fAe5f8,0,107.94419752158295
0x0F28d20Cc0f635e649fE2FE61Cd8F42f8D64AD5F,0,107.94419752158295
0x2424A7c8554B53Ab76f03BD5A3248EFE0EaEbea9,0,107.94419752158295
0x6CAbCe0B49D8B2EFf28562716401dc4DEb8589eB,0,107.94419752158295
0x8D576f782c1c76bC405eFFa6A58f73f73BD5138D,0,107.94419752158295
0x408D06519bF8d0a77052133D7A9063fC739046A9,0,107.94419752158295
0xbE2920a439B3455F99627A2c2ca57560159fCbA8,0,107.94419752158295
0xa63Bb43A3f2D0758A09D94AC97C6e599c6C9f380,0,107.94419752158295
0x828deAa37c2e952B429CFa242002Afc5558cE4c1,0,107.94419752158295
0xfC81320a2F4aFFe85De6b8d6330864C017bA4BFc,0,107.94419752158295
0x0a5F5031CBC93f179D65AaD41E5553180Ac91a05,0,107.94419752158295
0xbC1fd6d7A46801736dD31c091264a39D61a02325,0,107.94419752158295
0x83Db623bfe6CD5cf4b3582e5de51a571EB05BCD0,0,107.94419752158295
0x894f0496F370963a4F43E41686389b84858ED3df,0,107.94419752158295
0xaf003390A42fF83Ae7688989681C5ED496CF7320,0,107.94419752158295
0x0ab3407f9CAf979dde0c5FFeeC4E872eFd00612b,0,107.94419752158295
0x0D446C22d8f89B2531C3520E69d7C67547C053e2,0,107.94419752158295
0xD1F3e5A7fE638db7b3F879eB1870bE27ff4bf2CC,0,107.94419752158295
0xFBef202B925A1C1638cE2Cf96fDa8C200D4E447e,0,107.94419752158295
0x8F29DDb045218CFf0A910db7e1AD014828aa343B,0,107.94419752158295
0xB7F237f993C5A6Efc0E0DA556885D8f2013684BD,0,0
0xA727bcb56180ed1Ac909EDf0a124F61BffFD1920,0,0
0x65c85C35AcD98DcdFcB155cB394Fb7c28af91dcE,0,0
0xE5e1CA4cCC638ca7d38655d3fDF203fC7f90Fb01,0,0
0x0088945A9b19B444C8e1CF4B692fF78952A674Aa,0,0
0x05f57c7876F34a13eEb3cEC260842f681065aB37,0,0
0x54229e16829DE4E581B83b79E06275F4efd4f90E,0,0
0x49a81e8719dDd76d15a4Ff89Ed9eB8D3127006ea,0,0
0x4f94597DCC535eC04f86B8fc1C0053f1cE3a890a,0,0
0xA2B5fD1419459eCF014B46F8E5A8a87B8EF38fF8,0,0
0x71e239507fdFe9850e42C38357BBEDE17606e3fc,0,0
0x241FdC67039C5675b17B16a4bAE92d455f5C8F9f,0,0
0xD409d5F0992931c1B6792229D369Af26Fb2135Cc,0,0
0x27388DE22Ef57e2fbFb854431894cC906Efe18c0,0,0
0x03ed272176790580d5bf0c4186E88092C6b71BD9,0,0
0xC1b34C067e2A5Fefa4FB61711c5d93152711619d,0,0
0xAff3eCe89Bcc9c22DF8c4Da7c0b474b38492716B,0,0
0xE19E2639cC5EAEcecD8397829dBe6D22Cddf7151,0,0
0xb2f0C3B6DF0EaFE2B27224DE67156F2B955D0765,0,0
0x5B488B7E8285957438e99D4B26c5fC7deD440c3F,0,0
0xDC1C73fD35ABd893A0f8CB79a4D7dCA3271210Cb,0,0
0x1b3232F35e3F095A20E4dF39094C4dd57A21851d,0,0
0xf80e0568519aCCbd69b7F1ba07D59371645A8500,0,0
0xB02644035D185c3085576aA7901cc8E7b4BBBef1,0,0
0x2d75596C30162EEA9aeD9BB46392d8B817E7c985,0,0
0xF4f4afd4De1984aC7c3de731C6487E063f1Eaf1d,0,32.381948032606644
0x9b9cd1C37252Ee34e7E9Aaadd04f67A8930Bc2f5,0,33.36321918510987
0xad198221cA05F2eBCD6868025404D7d0041CeE62,0,33.16696495460923
0x0657e514B6c28AF0c84431C29051eE1007A625eE,0,0
0xD28c91aFC7b0001E2314219D24eAc02430b754B3,0,343.43071529551185
0xF2eCb9985C57eC5366BC73d46E31D3644363eaf1,0,0
0x2A56Ad96bac1135A79B9d0B44d13c8d7632c5F23,0,0
0x478b903d65935803e8bdfe1c1b67C9a0bA7cDAD2,0,0
0x8534FBF8ccAd4ffE2e999e5b9458834a9a745716,0,0
0x2dF1FB441B97F90A5D991055Cf08d1dc06dccDdC,0,0
0xdc5ABE029D4b516ec4B627CAa21A4E8B058fe307,0,0
0x1dfAb18e3c12526bdCB8a1EF267901B044C15b6a,0,0
0x8a4E5D1213AaFca157d7779191ec00D46Ca3FE02,0,0
0x5a601c5Ec2bb552F95aFB4c7A74d5Cb832feE180,0,0
0x845f9b4ec8c2283Df753b1ECD38257B05F4f1366,0,0
0xF96a089BB9e3C87498bB952B1232c3D79db689E0,0,0
0xA5Bb96f5fE44F27AeCb5C3c85A48cd4C45Ce3535,0,0
0xd8ACDecCb04b3342DCAE269ef17981faD4d21598,0,0
0x306987580f0485795f2ebB9084d35Eb3aCcCD293,0,0
0xE97b75476f06f1252Ebcfde555063435362FAe20,0,0
0x1A77451d8d577970B664152Bc6E6d32aA386d1de,0,32.09605342090341
0x2691E141258E938Fc3c2066B5d3eFDd69D936b15,0,0
0x97aA1c7cf64Cc77c239A572b6632D569493f7673,0,0.17414706572149075
0x719E61dE08022df2fe14A7F4e2308fCC4B8dEABe,0,0.15537768085152462
0x9C677E7E5Fe64e71670Bd37fd3Fba68a6EA1349E,0,0.002916450591456857
0x1295eB8c82dA5f933c9e9B382242aA8B892DC648,0,0.000147065721490737
0x2374020A35D86EFD5E0337C006D0c51a5cad6219,0,0.005377680851524618
0x58D65eb13BD098E7e924Ed1a916575Da45072D89,0,0.000916450591456857
0x08B2Fa782f935aF179270798427f4c3584abD35A,0,0.004147065721490737
0xc1AEf0579719518eFD49f2Ea664AF17B5B514BEA,0,0.000377680851524618
0x50A59A7A9E4Eda251A59a70dd93b2be1B5388427,0,0.000377680851524618
0x0542420477bCEE5be0709F9860EF05bC305A4acA,0,0.004147065721490737
0x3e641AF859B86F1D518981ACe3C214f130eE713E,0,0.09291645059145685
0xA8A5133b0f02796975101CA1551F2b37b09182aD,0,0.005377680851524618
0x01f29C2628D93197c67793857f42040b49E984ce,0,0.07414706572149074
0x3261925e55216d480Cf39c194941e721083eC885,0,0.19291645059145685
0x70b042F836CcD98dB85694576e7039Eb75C9f530,0,0.005377680851524618
0x965EB8f76A5d6afDCC9E7c81DdEeD458103c2b40,0,0.004147065721490737
0x63326A0B50a1Ca58B8A89ED3D7c82eB6DA170A0d,0,0.002916450591456857
0x4D7d96b4773548BD439774025e2dfFc10F3AE9D0,0,0
0x944a7e5937971CDCa4b3B924d64dDd16E3135900,0,0
0x282D2Ad9B31542F93ed8005b0ccc47047dB473E8,0,0
0xfc60099dA7D6EfD3387C9A5EfD1FAf3B4979a352,0,0
0x09a9EdeC08341B4A3EE324D485B5eFa90f46f50E,0,32.28248723777811
0xFd1eacdd236fdEa3db9df54cBb00557edE89f2C6,0,32.35117338083722
0x7a7893fc1C99B7A3A458B32312D66C2424452c9e,0,32.010686357387094
0xf78c9FCa1CE5c32E2Cd32CDE3fE98365bc651a37,0,32.28248723777811
0x84ffF7d10Dc457B79Fe84390A3FAB51635A71Cd4,0,123.90173474746021
0x457d61d22b5F6e6a6D2a5985B4133Fa1e97F3c9a,0.11025275238496249,32.16255141969077
0x3E2cC785634bF9833cc4b6599173889ba1625F07,0,33.06609301551419
0x75E86692731a6995332c9C51A21619376baD3CAC,0,32.07509141475249
0x636258028EE2726B78Df56D54187C578d55F9224,0,32.869855074769305
0x32deb050B763D2596D1c62Ca2cE25fb0e7C314dB,0,32.07509141475249
0x2d43179a75770E00Cd29D0428f3d2418B199651B,0,0
0xF9D428e025d84812142aF6cDF0dd5310e13BF62c,43.00708234512162,0
0xF49D08ffAa4B0a6a6BEE39357375c3102c19Ad9a,0,0.09115726015164227
0x7f7790511b9a018FEc4cF16B08bCb421c89de361,0,0.003536667600555871
0x380a39852888BfA3f828D144f5d4DCf3C6b65466,0,0.000346963876099073
0x5eA1682C6f79E9B57aC412B46f5B66879BB27c06,0,0.000007260151642276
0x8d7DF629dCf012cbf0b16b382E949aC2Ca7DD662,0,0.000036667600555871
0x3234403F353D66482232e1D06786550aA0d40C5d,36.0059294052181,0
0x336750EAb0adbdb7D574a17dF7d7EE58c0dEAf57,45.00741175652262,0
0xC1bDb57526C3DDBc19b0437624A6e69D7F729530,42.00691763942111,0
0xe5762D95BdB0F9A8518361523919557A91ce4524,40.00658822802011,0
0xAa85a46458d2F3b551eCcf9CC6b14A309Ee35430,47.007741167923626,0
0x8105EFFEe7821DB9db86cF658BB1Ed3890057818,41.00675293372061,0
0x1a2401eA52224Ec42d74419722e63F9C1282b17C,0,0.07422799350365339
0x665b2b5D2edA0aB0bCD5f1728c0a67234B075E92,0,0.002346963876099073
0x6e3d58d44f53785d702bA76fe63BBFC246de01e3,0,0.05353666760055587
0x228746d2361aDb08A6f6499786D382Ce517c51DF,0,0.000346963876099073
0x8E20Bc2a6FCf04eE48C920D031efA1e5342679C5,37.006094110918596,0
0xdcd7Ed15f5cdb82CfF813446EE9F23810169a9a5,42.00691763942111,0
0xC815A2d75B6787d2f22A1afCB545eB7caC864ba5,41.00675293372061,0
0x6604c807C85667F118702765f693635AAB9Dc684,47.007741167923626,0
0x4ab0cBAb2C938406675963FeE58c01Ccb97D99DB,46.00757646222312,0
0x3923218dC8Cd356C319fda634AbbC32069388c59,38.0062588166191,0
0xcD0549a7A11251dF5A7Bd65209139eDA3844F65d,0,88.39711325936463
0xe8472fe49143D46cc24Eacb73Af75D8aA2ad7d41,35.00576469951759,0
0x0A27dfD9459Bc6AA1C062a0A8AAB587698Ee0671,39.00642352231961,0
0x01deCcD7818Da26ff7704944133eEFDBf5eAFA5e,46.00757646222312,0
0xD126A6f5A72a1FCc39EC3Ae9bE6B37Adc4bdb03A,37.006094110918596,0
0x4CEbF0bF607f4098f9288c7dDb31019926681e19,37.006094110918596,0
0x4505a27467EF0f269B4A2aA210b578c40febfDC3,46.00757646222312,0
0xdd01aB89410FDac56e3e03fd0f04175eC24657Df,0,0.009276230524087955
0x3ebc9d09C7DE71eFC8866efBcfB3cdfc8d7c9706,0,0.00977460834544723
0x398718F2b203908eb5097Dfa293A1FC7d143D9D0,0,0.006703874993436113
0x3735674559fCAf8fE93Ca9a6110777Ef167Ba7ad,0,0.009276230524087955
0xc6BE368c848e59Af4bF6e39D00afCa11Fff1FcFf,0,0.00977460834544723
0x70640488f2b4378F2176BEcEfd3814fBa7a3f28d,0,36.3040190378049
0xc596934DFBe4Bd853EA8eeB51f2d29c6503FB96b,0,0.000584904620990433
0xAF56905C18D4C32Fc16c7698F602Db2048Aaf679,0,0.005514171268979315
0x661f06252E10330AC73F567696D2f134c76Bc13e,0,0.00165563797300155
0x6F298f50F20eAE4Cea163B729e65d393e0b4dbf6,0,0.008584904620990434
0xAd7d44998aa4f683825881397946eD44CABB24D1,0,53.471784973515916
0x244EC770FDd9B157B7109aF4E34Ae41C40Db8727,34.00559999381709,0
0x14fC0Ed862b4e31299aBdB41c90553DCA658f54c,39.00642352231961,0
0x3e417C3713c69b83cf60C1bb2BE3B859Ea2C3988,45.00741175652262,0
0xdbC31d1f5a3BB0E852D367955A954Fb9215c5490,40.00658822802011,0
0x2b52121C67793b388e1e5325BDB2936c5E0e89EA,43.00708234512162,0
0xbaa3Ac9559c67EBf5e62e2F7530DaA89e8a460C4,37.006094110918596,0
0x5D42Ac3dEA18d26021A57e2ea26deB3B2D7ad818,0,33.16421198588664
0xbF50cB36E5752fa781A45E9f5db33646753c9A92,0,43.1723469638761
0x1e2d45A3Bd48E430984d383F72B046cCD59Dae7f,41.00675293372061,0
0x59F681e01098EAe4fC930e9b5CaBc286c3658CA4,43.00708234512162,0
0xe7A39b12dE29DdE5c2d420d4ECe6281Ba2F60686,38.0062588166191,0
0xd3e0Fb1f5D24a3CfCb9401D546546b23aEf46e60,40.00658822802011,0
0x57b054859DfC35302E940cF3D5adcAD70E78443F,0,40.22877785270273
0x78A3CA7e8e1fd2fB442EA16f9a43E910Fb40C9Dd,0,0.007202252814795387
0x8B68CC5C833cd02F851DBF7E870472614CceD895,0,64.75448092270969
0x4192f11Bd76cA1430eF99f38EAF2c884fDAa3202,48.007905873624125,0
0xDFccb4771B194198fE9DC4346DeFbCf3C40e20c8,40.00658822802011,0
0xC0D31F809242b5c3FA45d65400d341ed48F95842,46.00757646222312,0
0xe94B9421970bA197c2B4A4c3dd45EB818322bfC4,40.00658822802011,0
0x8627519Ba2C64D257c28E6233CA12B3310BB1d59,42.00691763942111,0
0x5539cCE3A0D53fE985363306bA47644BdC2d99f0,37.006094110918596,0
0x87f3FF5477e278323B9720d187c8c65545D549ee,44.007247050822116,0
0xB9aB462433d467B9389ea3a266232E3d26a04839,40.00658822802011,0
0xe3Ca2db309C3e06Eb8bFbd41eCdbCBc7C739090e,48.007905873624125,0
0xe0214AEaC73D70eCA4875a39cf2c2f5dc442ab18,48.007905873624125,0
0x3E0ADD1E805913eAFf2d2Afd8893177DB95a6228,36.0059294052181,0
0xDed5C3689Cfcdf989CdDcB1739e09b30A974fA19,34.00559999381709,0
0x28120b1cbaA787285830f089a588432E0e7417e5,40.00658822802011,0
0xfecd6A58b6EC56dC797f36C1bb0Ba094648bDC7c,36.0059294052181,0
0x0E7E327E84EF418345A9d426C391BD42f1DaafFa,34.00559999381709,0
0xF1AD6c0539185C812C21B60d85Fc62c8cd69c06c,0,40.22877785270273
0x33a3a5C9AD19b057A91D699FaA6416D05A4a84C0,0,0
0xe16a26540584954F2701522eFFDFB038261F739d,0,40.22877785270273
0xC1D1256acD785fF2503C11Fa035f2ae031AFd579,0,40.22877785270273
0x96780F42fb74d3D546967e6B46078356022B67dD,0,40.22877785270273
0x919A48F7AF30Eb97367bCdEDffd624c980748CBD,40.00658822802011,0
0xDc7261C1A88B287a0bfdaf9DC4F02E7f59fA8502,42.00691763942111,0
0x3cbc7c5e2eCd1591EFA6752d7EB4F461448291c5,35.00576469951759,0
0xe33A3ae734F63F3E3eE5Fea93b04783ABfDFF0ae,46.00757646222312,0
0xa5b29B6785a6dcc4838C41D5949eB5C12319c87b,37.006094110918596,0
0x56cD89b045Cba251Ea9Fb4767540751213F138dC,42.00691763942111,0
0xB998A8B1D22FB4802bEb5680E45D5ee77E48dF8b,0,40.22877785270273
0xd81ac55A089a26FE28154CC9a9eF2a9f6ef2e8b2,37.006094110918596,0
0x5bcD630E51636b4F66d290f72Debc605757Fb5dC,35.00576469951759,0
0x2a239DfFeaBFeb2dEd585016D0DcB7FD5ac050A2,41.00675293372061,0
0x55C2f0BC0f700810c35C372A441193cfA05C0e08,48.007905873624125,0
0x0B0EF5930Df46ab2E707235F74271c82c764377d,38.0062588166191,0
0x9FB86d6d07C4b3d42547be297b69b71cd4f74507,45.00741175652262,0
0xd2D8187507390Ece48EE45FF104a2A1f9cB33218,38.0062588166191,0
0xc0Edb0eEd4F4f44a7d1488362f880D03C665ac75,42.00691763942111,0
0xB43368A5FC4Eb8C067Ba38c4AC598B18b6FcE038,39.00642352231961,0
0xc628Cf6dE3D10d89297D17B5B54365194a751B46,41.00675293372061,0
0x7aa80A28991E18507bf7d057f6D96ecFD4e2fd6b,46.00757646222312,0
0x28FeF72343c85844d7a06615F4bE7146d5d5F2c7,35.00576469951759,0
0x896a52858D0fa375c9097ca4F90776332F3AAc02,41.00675293372061,0
0x6Eaf3FeAA51aE408f82af6Ab515c23b8E28aDa47,38.0062588166191,0
0x841e416EE6Bc0D620d57927745330ef6aCc12e2f,41.00675293372061,0
0x2b1a24Eff3D3dE4E912A1b8652433333a4E0b94F,37.006094110918596,0
0xd42eb06f8a5112502B737a53f6d8Cc76f22a8b6c,38.0062588166191,0
0x609b4514d117E8B708976e5F60FD7b85D0E2Bd2F,0,40.22877785270273
0x32Df36D90B00cFe9e02cF520B1e2ca85aB77924A,0,40.22877785270273
0xFCb4CE86BbF95d324249722c884F3739591182DD,36.0059294052181,0
0x9a6aAad7B1b40Dc7b2298553B79BF08fE33813F2,46.00757646222312,0
0x02e726052D01b4f55D5cD584Ea8746cBF566d81A,34.00559999381709,0
0x33fe2ed9c6c87dB2c26416d49ba8e4FADC27a01e,35.00576469951759,0
0xdcDF94D8372840b89e4C1959fd508c1C44e7a135,39.00642352231961,0
0xd165dDeF35Df816f7d1DD609d1daCbfE93ffd50e,44.007247050822116,0
0xA41ec36F28e3eB3eb3a7421a20212Ff7a080b586,0,40.22877785270273
0xd69d089be8ff0f1C0499561aB764528Ba5D9EBbf,0,40.22877785270273
0x1d5cCdffF43a806F2C0B6200B009dCd8cB9B6B7E,41.00675293372061,0
0x38c6027Db541782645FCa04bc03c8bEe59Ed3190,41.00675293372061,0
0xd279d6F8304AA1dB44CD692f0d4fEf1c1d97e9B6,41.00675293372061,0
0xfDdde921aA5058DeF36b0D8b2A7f6948F17DfAE5,46.00757646222312,0
0xfF93A8D7DC56DA9d88A3D5EBcB30181086f0FD6b,34.00559999381709,0
0xd3b9FEDE3b455f5C76B6da791b949A360a629f76,48.007905873624125,0
0x67352260D29E9BBAAb54d21c0Ebe7A1048c8B692,0,40.22877785270273
0xE597F1c4865f5d2b5BCFB21EEFdB95eE9754470c,39.00642352231961,0
0x177150d5f8aBA1347b6ed4357fB6d86064EEB007,40.00658822802011,0
0xb028179B1AeF3e5B9a7D5511869Da57016212869,0,40.22877785270273
0x280861A39604fA05e27a20bF13644E57Fe84CdDE,0,40.22877785270273
0xDffB5A96363f907ff0A83a76B91AB9Ab63853067,0,40.22877785270273
0x4D68bc8e9A9fAEB7df9e3561eC16AFB26E905c01,0,40.22877785270273
0xbb3598b002FD33DC99Ad402108c12A00543d8730,0,40.22877785270273
0xC4543E69084Fc027df1dD18270C722489b5c9413,35.00576469951759,0
0xf945021623f109297286559557368a7b988f27b2,39.00642352231961,0
0xf7693b27721b36f2660EE5d921962Bcc31C347C6,37.006094110918596,0
0x9bC86ed74b1A8567636584b5F6df741E340E11AE,39.00642352231961,0
0xa1e5e5A2f6A45Ff4B051D237EdDfDc4e968ABA63,36.0059294052181,0
0x0d26F9366E6C6395974520Dffedb345787648932,41.00675293372061,0
0x615D7BA8c3c0718C0b11d4c8367c5A8b9cE20969,41.00675293372061,0
0x4BDe0F7B1B568666737B234EbCe205c4C7a46c0a,0,0
0x9D7EeF1401b1B69b7E85ecF7583dc0459C8d9ED1,0,32.08490331178974
0xeb092cD46307F0b9539fa84ccC29c0f4E1Ff61FA,0,32.08490331178974
0x513bB00b4c97a365b40289BB48E3A2Dd8e3d7785,0,32.08490331178974
0x7Cc72E3DDd3F4B33dE1D6B9f5eC2c490324D5bA3,0,32.08490331178974
0xaE92aC9B36eE67B77C4cFd1882581238bbBA1B94,0,32.08490331178974
0xD4970fA62e581FDaAD9921ee109BAD580fAF79e9,0,32.08490331178974
0x68D90F46f4407C361F745ac04A335BF912d33a36,0,32.08490331178974
0x4ed55bDeeC4b626B5323b0C6b671cB2aa3947486,0,32.08490331178974
0x35Cb3698AEa026fCFF57507f1387D6D1EabB8373,0,32.08490331178974
0x80CbBb0A81be264349c3f8E4653c6F48ae8b4084,0,64.75852044581414
0xE2f1876ac6fe6A0e4F0673ad167720F65A0f69D3,0,32.08490331178974
0x4B775810B10bae07a23008B1C356044bfcB1724C,0,64.75852044581414
0x5c78533410D7ECa5a81826f284Df2D96aE27a5F6,32.70538587640644,0
0x096f5db21fe235488472aD9446CE8DF27ba419B0,0,32.08490331178974
0xb0329cB2BA73856f850bb87595aC23fa9210f4C7,0,32.08357218901922
0x447Bf739f1c237D4383D0af3F1d859Dc365DDF1E,0,32.08357218901922
0x2a24C02D6Cf823196Fef9A291E1606c42f348114,0,32.08357218901922
0x95e59299a5Ff1030d16554bAC2f9908dF2b74a2D,0,32.08357218901922
0x4D70a25E02a4Ea69Bda388a3edD41C55Bb9F0998,0,0
0xAf66fFe5c87e5e27a764bD99390C6d0bB1Ab6b3b,0,0
0xd539d8ac6dBe83ec4b5a34b5b9553c675be632d3,0,32.08357218901922
0x302c5B7357Dbc0F385bC238683386e72FdaF68C1,0,32.08357218901922
0xCC321Bc2f6Da151a191c8097c9F9E7eEB0662F11,0,0
0x75943b26F566378C643d6F2618d055d629e5B0e0,0,32.08357218901922
0x32EBeCa4eeFc26339DE5aB63969e9067dfdB0Ea2,0,0
0x5034885960f53bDaD252A4d2A0D254492066Ec4b,0,40.22710886084978
0x9b6ebfb4F3b5dAEF3b2194D642966aF974796eAC,0,40.22710886084978
0x99DD61b2717A931a6C17A0A4853b8542905e867F,32.70402901135886,0
0x315E528fC9cc8eAeC9333AC1E15543819Bb623BD,0,32.08357218901922
0x0FcEc2967cbcbD29232eB8E3C52A33d96A97a15c,0,0
0xe21220262b567E54766987396cd5014beb9D23d0,0,32.08357218901922
0x072a2B8157aC4b07e5B1014AFC495b65B20E7Fcd,0,40.22710886084978
0xbA1eb0b659A8313F1b99da0af6605DBC200130C1,0,0
0x94E4810C876d83104E5b93329c2C9de559265Fd5,0,40.22710886084978
0x0c710D5313f7096811e2efae03C0ca231D1f5660,0,0
0xf924d74f1e1E8aD833B8f7015c1eF3e21Ce0a76b,0,32.08357218901922
0x01fE5dD4dbDAe1CD4F2297f38F6DE463A376116b,0,40.22710886084978
0x14919e14eCb00ce0337e01704Ed92ECecfA95cf3,0,32.08357218901922
0xD9CA996e96b31d3b0F3c6Cbe304b1636a7FE9264,0,32.08357218901922
0xb3537215D2fc2d755E70691519218eeB57679512,0,0
0x6f3a0cABa2Cb506b13cc1C9ea21E7ec1Ad458891,0,0
0x8247Da3A8889c350AEC443A3F68e7E21A17190D3,0,40.22710886084978
0x22D65E27f2aaC85D45be07582FF50e355f3fB73b,0,32.08357218901922
0xd71e017689857499F000DF7579C5C3caC6452364,0,32.08357218901922
0x8C010Ab4826df35F98b6b875d9671EEf50BF615D,0,0
0x66dd80bdC72Ada4300ac61B4d0c2D919c445C8fC,0,40.22710886084978
0x49008aCCd38bC59447f0C2DC04D5195779A171bB,0,32.08357218901922
0x1e7D2Fb2308dA6cD496b4220F7887d92288bf6cB,0,0
0xC64433425feba7d9D037595fa4E8732E3f54AbF3,0,40.22710886084978
0xd11a33d3156E9E334c6283155f4cf1fbD87f16cD,0,40.22710886084978
0xc82dAE90b6F75c26986Ac5e71aB0aF0Adcd86Cb4,0,32.08357218901922
0xaC9DB50d4331d655DFf8d62eA4ed4D80ee576084,0,32.08357218901922
0x479e22bCe4C2C6e3b9B0b19d39eCA0Fd12566DD9,0,32.08357218901922
0x64b8Ca19187D516d373E0FBBDf7d3f918BFcdC78,0,0
0xd3d1CDb4Cde6d906886093aCA34B38d15B20aCa8,0,0
0x25d30b9414afe7f0838dC02B01D37E0Bf38A7D10,0,32.08357218901922
0x93c62B93c1070537448bd549C890acD0926eE7cF,0,0
0x9733106ce6d178627D53D4102f65D7E4F8aC6311,0,0
0x7713411Aa2Bd1B8392d438dABcd9aD28137294E7,0,0
0x7b2e3c0d8c7605cD23417e03BE8814293d8348cC,0,0
0x8eD832D4aF615e70b3eeE9A9Ff5ca8afA621d724,0,0
0xceFC2fC221c85a53D6f7A979539202E957cC5d88,0,0
0xf6CFE433B9B3A80e869FE192e21589CB09958950,0,32.328859438170745
0xB18DcF870C6cCbCeD30842BE46B806C9dD1E04F2,0,0
0x1f51666D2778cBfaFACF78dE111BDDaA9cbB2B64,0,0
0xb40e7F5464a8712A67E8BfFfaE93A10e9f5dB534,0,0
0xE8e1323737667d198D06f56ceEA64Fe4bb16B49C,0,0
0xbA8585d38d66A66124023D1884130F66F8D6bEC1,0,99.09604865721532
0x110f7f605d8ef12B68277fFC35419980a4964ee0,0,0
0xcE3C9B7c88960BAcaB51ea7DdA5395B3F4Ec67a6,0,138.342008521459
0x1F8A3D38452B0b76A0a36c490423462a73f95B70,0,0
0x00F8C24F07096d3C81bcB6E5695874DA458C1286,0,115.77558159951889
0x342995c05B35DE6806c71635efD268636471F4f3,0,0
0x73F6001f1cB636dc03d460c76f309cfd331adc1a,0,114.7944326029128
0xdBB529895211833563e433dB928A3e935E96e22D,0,114.7944326029128
0x0CBaD5AbaD6F9F48D6Fcd131d6701d22c9D844C3,0,0
0xaCa53d2A4772B39C4797a16471b9e486EC6215CD,0,0
0x7528195A31605A2675b13802537d671dA8aCAE30,0,114.7944326029128
0xc04b49989a2afF52856540B16Cb32E666Ec68C34,0,114.7944326029128
0x0d6FF37557Ca8f0C77dAf4fe604Ab2817A0b9C4F,0,114.7944326029128
0x1F7613638B742C6eC7F582275989680C0AfF905a,0,0
0xE35e6975918a5B79bdCf6537586E850E38Eb2746,0,114.7944326029128
0x12C63f857AfaE25C3E2D7109d312434b59Ab938d,0,114.7944326029128
0x3A9c503e3a8a165e91FCC4217b4b4cF89984e20d,0,114.7944326029128
0x11818f435DDe34F2EFd2585B42a87fEacd0f726D,0,0
0x493053C162737C1A147b4585798C0ed4724F39f2,0,114.7944326029128
0xC18902323e547c8C98Fb5a516ef1AeAc3D247C75,0,114.7944326029128
0xDfB26F055FE078b088657a54cC2bDCa1c059bdEb,0,114.7944326029128
0xaaa50E039aACe7622786A699a391FE5CFB163613,0,0
0x72c3c479aC1f621a6CC9D8FDfBd600E62B99e279,0,0
0xaa5C99441D565d82ac8ab499F9f7a915a3F68D0A,0,114.7944326029128
0x49eF4683022b94a2001fAC036b32e68699BC08bA,0,0
0x9a750062F85610571c7901c5D7e45342C69a3186,0,0
0x3c651d63963E3045c2f32BA0340f8064B907c732,0,114.7944326029128
0x83c7e0a01dA6ae9186eefD0E89CD25A1f3b5672B,0,114.7944326029128
0x8562341Bc0324cfd83eA56c652626369d6c08c66,0,0
0x55ce0875bff0bd6e43F3981EABCB65DAC6370d37,0,114.7944326029128
0x28B031ba4e12eC60c3137f07DF54b953C46d9B86,0,0
0xFb34108122a928a20Ba6967923bA5fF56182dd1F,0,114.7944326029128
0x1F7C013F86C206fDC1d35A654064A33FCD8805C6,0,0
0x1D0e5578A54cE42e7c3D768C5822FEc20Cf5bca0,0,114.7944326029128
0xE938F3EE81324A4ed73529F186e41A74Cd762eA3,0,0
0xeD6d180646FfD6C3597B5B7744fDE2810a437b74,0,114.7944326029128
0x9462312df331f302a12b3EC558BCBfaCBb382A8F,0,114.7944326029128
0xA399381C155dddaf0e1b7942479e2A37c9104869,0,0
0xc90e66184Ee34e7d94BD87EF8da906fa57050C65,0,114.7944326029128
0x963a0Fc06E015758AFd15A9aacaa29A49B761182,0,0
0x7d83d9Ccf92661e2840f8b4a5d7Fc1C71167e2A4,0,114.7944326029128
0x66CA0826b532568e8Aa18e0Cb61303B6A2883FD9,0,114.7944326029128
0x13F705a2917f8e33B1bF4043D30037a20f51aC04,0,0
0x88019e1462EB42B5bda9B276c9957ff5fCad7098,0,0
0x29cCed5Ef17473F875375A416EA21263d2350B36,0,114.7944326029128
0xc0e92C027282918465Afa81B23037Df0c0904eB3,0,114.7944326029128
0x390b7AF501054d0d054573A2bb09BADe092B460B,0,0
0xA756C240Cd7ed68a4483EB2f72C61d1C1741542c,0,0
0xB7C7522c2CF464aC37b9B8c163cbEC0A235CD39C,0,114.7944326029128
0x004797F5d7d55f1d14E0d0EFd225aa559248A917,0,114.7944326029128
0x0B27306306c994e4894f099d3862DE32f3a9809d,0,0
0x82063bfeCFbD5719EccE41fA4bb3480bCEf5Cc48,0,0
0x28a0A4ED91fdeE0a777e706aF5918C3545c4F5D2,0,113.81328360630671
0x63137dE3960C49DDc8508c44531187D396Ac671B,0,0
0xBC0508d94988680a96ac67Be71b4316F19d00D6a,0,0
0x213b02c59ddc02c51b42EcEE0C9a87a850F835B8,0,113.81328360630671
0xe191D934022C91665fEb5eecD5b87eC81590e5E3,0,113.81328360630671
0x3a2926e32D0c9063d1d36c504856001b3dE8C48a,0,113.81328360630671
0x915DDeEB127f3E63f885b50d1D0208B8aD0a0f28,0,0
0x66F05681566979BA7991665D8bF257f43d5DCB50,0,0
0xfEA685520F5D520cdDaDf773302060EEc2aa6B5F,0,113.81328360630671
0x4C050360dF117b58C4B31AF578b4a38FBa758406,0,113.81328360630671
0x1d27FAA1bf1a9CE6D33d72464d1318A22A5B71dC,0,113.81328360630671
0xE23a7715DeE5C366f477768EFe759C93e4CcB954,0,0
0x14abC5A4a1351Aaba14f90F2FAdAf4afB702B2c3,0,0
0xD1E1CBB5997280f955f3A2a17e4B969Fc9e67b53,0,113.81328360630671
0x4A7689AC35AA2aeEbE8F915983Dac7262E99d8E7,0,113.81328360630671
0xAeD26C6781734bDe347394cB902349cD9175ecd8,0,113.81328360630671
0x1Df961C2d1FecfbE2041BCEa629e4378fAacE54F,0,113.81328360630671
0x7b47C75CC704Fa953C3e8261dBd56DfA8a8B4114,0,113.81328360630671
0x41A764Aaa7a44ee5245d6e3C3CBcDcF37a229F14,0,113.81328360630671
0x3A99584B69aAaacC88a109f0B6602BC22E90537e,0,113.81328360630671
0x81B48dc3C40f4397690ae8f51678e159E028C781,0,113.81328360630671
0x74C84A16A806A4E5d6105418F41fa240c3dAD1eE,0,113.81328360630671
0xb887307F85F028F9B21F262C3304A739a755c6af,0,113.81328360630671
0x3Fd84a12E85587E5eD648A3bFE507a9dA322e3fB,0,113.81328360630671
0xe040446bb0BEd3eF7Aa42c7Aa4C2d316e12391F7,0,113.81328360630671
0xE82cA63522F8eC916BA9f82089034742666067d6,0,0
0x5Fe02748360db3f241d7D84eef72d21808F79170,0,113.81328360630671
0xC6595494BD018fac527De0E0CEB5040E83ae40Fa,0,0
0xB7795C87212a4E84FBCb682Eb30a7715d2759157,0,0
0x5aB48c910737c231845831dD9c1a0126A6DEB019,0,113.81328360630671
0xdd9211107fF47a7D4dd4f187Ebb592331316D24F,0,113.81328360630671
0x31A3E8070dCf82C9441827ABF4924DB3D9A09F17,0,0
0xE489c1875FB59A3469eb687eeCeFC2582030B1D1,0,0
0xD4119B31CdF9224fbb0F40DC3C4bD76204dEB120,0,113.81328360630671
0x6Af9925646d493f9C37A8C260b6F77bE0aB2826f,0,113.81328360630671
0xE4f610561f6017EC5Eea711046477311E3430b7d,0,0
0x4E5f9c2CAc3118D71E9531c3e013398744D12753,0,0
0x13167caCc87A509d474E2865B594c807640BB36e,0,113.81328360630671
0xFf037eA38B23b3Ee93220C70de0c8B3E4f700ab7,0,0
0x7E7630fAA5F9bD4708a624F16d3B178FdeAc7032,0,113.81328360630671
0x4DE060e088aa4ED5400Eb72FB3fb9a59757608A3,0,0
0x57C60F45cd27EA90E2AEF2878Cf61561347148F7,0,113.81328360630671
0xf171eC0670F7F9b30F774559d3CC61d428818809,0,0
0xA1DfdC38061fFEc37E7dC6D32A0AFB747c0153aB,0,113.81328360630671
0x835Af1Ec758eed440d75C7d0f76eC8C411e18F21,0,0
0xa49a105965281678b5D97ACE80fc023bC48b64d4,0,113.81328360630671
0x82dE77765C705A3ada8661AA3441325ff54e03f1,0,0
0x26bb92d3337fE06D712352F912dE828814d2c941,0,0
0x0E1f9471772a7be99553CAE9D9b34B5C6234e3Ca,0,113.81328360630671
0x868081BACc70c72D1d2Ad6E5C432FfF2Ecf95Ed9,0,0
0xD229EC591dDBFF45a284f90e11B9d80d2799Be1B,0,113.81328360630671
0xE85acAB6919f252e7ad67d3d07C107Ab2313FF28,0,0
0xdeEA1646baa590df048c445061AE861a133b5091,0,113.81328360630671
0xbe3dFf75C449Ddd10B99A5b951155449CEfD9B26,0,0
0x229DFc039e7c0E8Cb0a626273A105D02D16608EE,0,113.81328360630671
0x3D45Ff28713dD8F917c1E5B8dC7dB604D8B5873E,0,0
0x1A746377fCdc965fB27ADAB946B59AE5BE64ACcE,0,113.81328360630671
0x000CfB731936cFecAA2E236553C082d87bAdADCd,0,0
0x824D90e9615bf94FdF0FfF0E2720aC721C0a29a8,0,113.81328360630671
0x8d8082880DD511dFB76895A8b22D3183C61B77a3,0,0
0x053Fe45c44ab20811C86adE7ed0274B1f9B0F19f,0,113.81328360630671
0xC8262f25a810de5D472aa843B43E10C0c3105D3b,0,0
0x02c2fB06DdD6C20eF1F666c0b12A2eCb3f84678A,0,113.81328360630671
0x509A89f2AF6C86b1bD0098D5C87952EBf3F27CcB,0,113.81328360630671
0x1CAB15D94f0aB6515Dbd67758e16397F965e26ab,0,0
0x59a614eB18b83FddbB51d37d2e0Fee2cE7dc7342,0,113.81328360630671
0x7CD831f435C7A634A333583C6a514b6851a56C50,0,0
0x898A1a464E71E396FaaC44BAd2Ba24f0d710c8F5,0,113.81328360630671
0x2C5E15F7a955AbA4e5c6a935F188E206e58aCfAf,0,113.81328360630671
0x2712e7396977BF3D445c64c5D4d83ed0c3ab96A0,0,0
0x85e11e9fb4b18E3393591975026C76235659A612,0,113.81328360630671
0x4C9FB389ceccF94EA054B5F8E497523e88C6c6C5,0,0
0xd2d73Db0F8674A02C0b47bb390Ed6371Ec3DD5Ca,0,113.81328360630671
0x1AFb685D86793D219ee67beB299874EE0Fed12C8,0,113.81328360630671
0x31Cd650495BBB5Ca6d368277eD631baAD9a38399,0,0
0x0C5a32eB56d3d4AAF4aC206D340e09A48258E338,0,0
0x885Cd2cb2649781226711864d34e9ee662987130,0,113.81328360630671
0xFEc47dF5aa1F745E3DD8D0b3e8d9C6809B9C52Dc,0,0
0xC4551c3E151cb87A164e66212a3F78582c56Dd70,0,113.81328360630671
0x70271916CAe91929AD4384A7caB116c23C7CaE24,0,0
0xF74f118876DbA96042eDAaa3F4b7962B4C54d890,0,113.81328360630671
0xa1DfA909A1CD1aF8E87217Ceb0547563796b81B8,0,0
0x60b992Af345F45d3c02bfeCCAF381DC1594fE3B6,0,113.81328360630671
0xFE85735C3E29E42b7198AC7B7c611aA90439aF18,0,0
0xAb0e4A16B1599DEa8bcbCd20EB995F0D2B393156,0,113.81328360630671
0xcf63174f6ddACC04A0CCeF9098049c7eC281Fb48,0,0
0x36CF6dBE37c7f4CE5ab73655C43Fbc17bf07d68e,0,113.81328360630671
0x2a02c71308eA992D0d893133Ec2AE497cA3bCaE3,0,0
0xcC47235BF8CCA855DD4b5f52adF3281C1Dc52746,0,113.81328360630671
0x6d1a294289dA9E71020539E6bAadDFe192E9d846,0,0
0xDe3Dbf65E7213D9160d5161b7D0BDe46bbBF6f55,0,0
0xf5B0C238eC9eE363b9547d4491D088b14B279FeE,0,113.81328360630671
0x970e59f00D0A933124524D3874FBBf49c2B8eAA2,0,113.81328360630671
0xe43CC2eD1052B0286455c4Fe7a96A2Df2B5188A7,0,0
0xc98908408Bab6422360B7DBA54A700343C3255f8,0,0
0xDb883de86DaF6a6542E4C2a1948E9339E51d7432,0,113.81328360630671
0xcAB3F6c5c7D02d2a12aF00A26986463dB1AFFf3F,0,113.81328360630671
0x12Ac73115846d0078E6aF5A318b7Bcb86d730E5E,0,0
0xCffa99EA24b427259b209d986Fadc35fB237Cfcd,0,0
0x2aB16271297bDdab3494521c432482B445808524,0,113.81328360630671
0x10cEfF7925A7e7cAB5fa64F222962be570773cb8,0,0
0x52306A434e8F61ea3ddA394dFb061E59De184475,0,113.81328360630671
0xC3b7178fFAcED29794AE9E0022Ee2E6D5481751B,0,0
0x39869E766F666144bB8d17302D7B83604BCF8c75,0,0
0x057D4015943894CB96Fde5971FE3540ecD406C9B,0,0
0xD1ef6890505069140b27b9d63a193382227e3861,0,0
0xca25132F86c0791371835ea7A9b4f735F25e76dd,0,0
0x6991B8ece1ea2AC418B1BB6B3A771EfEF77BA99E,0,0
0xbA8E71854A5c410Ff8067126826939c423E7F446,0,0
0xCB2f4823c158544b64723af59DdcD72C61451336,0,0
0x23700588A6D59c1918790fe22091AC3c0d7b0f94,0,0
0x285c1C69597e3D1e870caC5e7FE2d056Fb762ca8,0,0
0xc4C2425F3c2AD55129bFa187b438977992ba7Cc7,0,0
0x96C0E815D4aC6A7d62Bee30D6277E7B3a7fA2F8c,0,0
0x9c7Db547ec681f9523A7AF9388f8e63Da17029C5,0,0
0x360B03c61F1C2c1A072c0C0Cc7F5257DDD266C27,0,0
0x6Fdd125ef7e4ED6882ACe0C8DE621C775ff0f3bd,0,0
0x504e6A614adEA9f41fD7B9ac4Ef5Aa97FEE5bb21,0,0
0x36F0967842e461Dfd2Bcba18D8E7a31Ef56701AC,0,0
0x2de48bfE4963d47EA35CbEd20708905b9B03039f,0,0
0x4419FA99A5a82e15e116ce5061E61427548301a7,0,0
0x246b819B8B657b02c3a2080e68b778541Ca567A2,0,0
0x4CfA721bAFe0aa005f4904E2745D4cC946243180,0,0
0x817786dc6b7F5B70ba5cB38F1B54EFED5e52a417,0,0
0xfBf029CC71D2A069F3ae6f8B2D250B02eef13cEa,0,0
0x4e6245e2608d0Ee9EfAdb40896cC65583B0d0E41,0,0
0x1513C56d9EA5697e47acC96578878261c6eA2ebD,0,0
0x5aD52C49921177fF3e6164036cb1675EfCdBC8A3,0,0
0x2226d888F10C340E21113Ae5Ada50B156e0DA9Ab,0,0
0x2eec45B67099b08481F92b5BD8feE2777A752Ec6,0,0
0xb83fD8CA15f8Ec83434672356F89c4A9556CAF6e,0,0
0x0a085F0A171fEaAaF7De4b6367562318d4472F4D,0,0
0xDD8f4904492e3C534c0e57c46F080Ba93D95FeB1,0,0
0x267F8ED243c3dFb4A22671643f3dF597779F28B6,0,0
0x553F87a986DCBD9c40a29ebf6593a12cfFa35a6b,0,0
0x4B592c868802b2F253D930d3F596773B7f995148,0,0
0xcfa6D16a552E90ECa217C44Ff0B25633B235caab,0,0
0x0aC23364c199D38364b4165664a7e2437dAc4E1b,0,0
0xfA611A03851463171071394a43517acb47dF8C1d,0,0
0x10f0B2D44d9697b11b7109e8BCFA8ddAdC75C9a2,0,0
0xFdD51DCA381f712B417845baAA69F5ba379C0252,0,0
0xC98f74Fdd94d1cd11295E626057b7dC217D4952f,0,0
0x56128465f2d87c422dF7ad7297B5a1A5fC6ea211,0,0
0xB4603Fa98AeB22f7B349329CCD458512fA2Ad1Cf,0,0
0x2319E31B346a3A3F5C54496B560511F41CC2b779,0,0
0x8a50218F6c2269Ef309a6ef28012Fc945E55A205,0,0
0xa8D0C29416b2c1b08fA6432dc83C6F33E1C3708A,0,0
0x449aeC6093825945635e10EBE76a11E692B1394a,0,0
0xe99A1D03BD90196706ff41bC145ece87663b1daF,0,0
0xae31e2a6f4d70241D8F88d8C17fCA64c153A9638,0,0
0x22D223AB8a1d5fC094bC1C011848De2429505272,0,0
0x643036979a39F6830FBACE75826f76EB2B94955B,0,32.327525163624024
0xdEb35B2aCC6768B23183295c0Ee461e8D1B44c2c,0,33.634361689206635
0x52600Af229B0f518520446715FED8C3A2fb372F5,0,0
0x4Bda6AB25Cef5Eb15F1ADc345E18e4A6f7D25a7e,0,33.83352671525264
0x851C67107C418611e6A4ba4Fbb0688117d565e9B,0,0
0x58398D0Ac13bD446D573b933Ad6450ac030e56a0,0,0
0x9245B0e892Dc8AB88ed7fEfc31001A362d9438FA,0,0
0x00eEC3B9F3C8F5C0608a8C9aF05Ab63FC142E271,0,0
0x64107f6d3a21F2e2E8DEC4738bC9E0fA8fa85eb9,0,33.33904802989705
0x007B881685a922583dF042BD11f4eD70597c0ED1,0,33.249767156152295
0x03863d83990Df2A8DbD7eD8146Bde2d36d3f3f57,0,0
0x05b8a5Ba52274014F22cABA23FA83e26E7f26BA3,0,0
0xFE0eF4a85ED8f16b791A08480aF3BE1F09922FD7,0,0
0xa5fb8865Dbc6bfe4986cbf6B06A016C2A7fa84fd,0,0
0x9E4346404a45fd107116D6cd6aa79FB30f300e15,0,0
0x19cE73dA7Cc666AF9E8e8Df47287DCFCe710303E,0,32.94856684582657
0xb0b3adA47D70708e4949bE7d946e856D7779e877,0,32.84653156154685
0xc63AccE02B08aCcecE6A6f374EC9e7B1bC72648E,0,0
0x98523ac4D74a8dAA3C1a5fEF03d85a985d901Be5,0,0
0x9D4926197d1da20Fb7eD3D2be825db5754C58b47,0,32.57280228929643
0x36AC3A3536DD68d001d2e21f0F0326f2ffAC9594,0,0
0xB77e5Acd43741e8960cfC22b5439BAB30a750dB5,0,0
0x4F64c9eDBD404A5A7cd0faE637A253d6Fc0128B3,0,0
0x580037b0dFbFD9c853996c9f006B4f603300a400,0,32.798457244915056
0x425e77711a3f08D2d53fC09251D1fb721E1D72AA,0,34.03465395830401
0x9BE34A6504744F847619f063ea0DFbf91F32E092,0,32.769023989834366
0x05330D584fd2975D5F80691DFfB5c27181381036,0,32.268658653462644
0x49E63F8795A770FdEe18c7655E09104A608a956E,0,32.27846973848954
0xC354611E8499ca91ca633dB75ea6cE169421905F,0,0
0x4dA86AbfF413012C3cAc7fBe491C95A91244FecA,0,0
0xf371d254dBB2134490525dCC8873760C003b18e0,0,0
0x4c7559FE89D4e7d201c6374d40f257BEC7a3EFa2,0,0
0xC22DC833EF342B345C511E71EBbf625a78e2e647,0,0
0xdBc65936fB326996758094659E1cdF855E0C8a5C,0,0
0xc1B4bd677d822E5d2889C6C4b4B5d07614f5Cd31,0,0
0x24cE3f0713CED8bfD9e03b85a0224EbFC7f1E4A4,0,32.356958418704714
0xbcBBf8F0dC7D388b762B33d4eD8F9ab09f63F9C7,0,32.25884756843575
0xb1a73944BAE0000a5c09D1EDce9a1F69CBA701A7,0,32.25884756843575
0x8a413CF7426ca0c63B1725C6F46bFd9e7bd57486,0,32.356958418704714
0x67463Cca17e406401DB1a0b79dB1C1BeF3646AD2,0,32.27846973848954
0xC5eAD6d4E301755ad377D8DC40c0F7AbFC29a764,0,32.35892063571009
0x74E5E0E8e0805F424D9d0C278758B8659630C04C,0,0
0x644BF7d134801cc33FFc366d89b70ab53C922EA1,0,0
0x5D36A9bb8cDfE97a7aC001F260B90fC2a6a1e8C0,0,0
0xB49730Ab4a681b20C3F7bd8f2f7FbB91604C2b3f,0,0
0x5244D949b68086AaD009B4CBda58cE7A6E8bB318,0,0
0x7f0fF974CC1C60EEA62643d76D3F57DB02F5aC3e,0,0
0x8Eb2004cE4Ed9b072BBd6900ce529714557C9aC6,0,0
0xB5520c05119A2993302D29c491dFBC095b9F8AEF,0,0
0x493d79F7D75F81734e8B6dcCdaA41B8841840929,0,0
0xe3acC4735016F065e60CEC39AaF248f6e1F6bfD7,0,32.45506926897367
0xD6ae35A1065847749De89DFa79ee8882790F625a,0,32.71996856469988
0x143F59268Cf04e7e9211811807c4eA34dc41cDb4,0,33.426366686636435
0xACCeaCa72d2E744f5b2a4165B8f6F79AbdD12BAB,0,0
0xA0cF8f0aE5213a87192d0c8Cc01c652C2ebCa14A,0,0
0x99f5c711A6096561871F3fea9A234A2966DF98c4,0,0
0xf48D937E85f4A83871B595DA8fe2cd1c0dB08d7B,0,0
0x345A8Ce40250Feb17598d59C759A39FB0C1bA600,0,0
0xE708DcE541767842F36F3274d283e6036c7368Ff,0,0
0xe2Bf29d9d2C1E6cD491eac47bB14801cE61f2BF7,0,0
0x33eFA3A61007FE5e6B492A65C32831B9F8A93477,0,0
0x161536Ea29E8a8e5F6639774d4588eB9697f9748,0,0
0x198e41358361e92Ee4Af5f5A355BadA1B62c4646,0,0
0x8D32f3B71AA1656901FA17B99e828AbD5Bf46A58,0.002770046026869027,0
0xb689f57410E6091589b4D27FD1228b48509b4E80,0,0
0xDf3F4932Cfd32B60d876A0420155163235128bF0,0,0
0x8669155f654161d902f6766abbb5bEBf65e85649,0,0
0x9EAd7008757634B6474185DA1151791F06c9A3b3,33.001353723152214,0
0x4955Fb815F516D55Fd09aff6050811e983F7a810,0,0
0xC10bC2dE982bCd5ca8757fDD7A8643096e906a19,0,0
0x3980A7343B52B91b5FcCD7F2d02AE55BAaE0124a,0,0
0x9BbD56cfD1f48E388DCfAb34Fa0FF81620aEAfBF,33.001353723152214,0
0x23b5e2aDDc76642155439C8B4a5c8150B729901c,0,0
0x7fcF2acBF077c8b737f01552A0869E4075c91acA,33.001353723152214,0
0x26f38f5fb339774663264144ec86789b5a813Be4,0,0
0x243CEDf670ff8eA735d4A568d677dEB54d536777,0,0
0xF0740424e2174f56F84B25E552301523c102a106,0,0
0x8e04c30A017b4EC1e0c37E710C4299Eedb8C7f1c,0,0
0x832E2758eFd1B10E5F2AD551327cd3c7c15558C0,0,0
0x72C0AeA2E3371BE25588b354d06361474E63B729,33.001353723152214,0
0x7e177F180048b48196241Fc68B837745C6Dc85fD,33.001353723152214,0
0xd3929E2e57b781EdE54D1C40514dc0fd5584b12E,33.001353723152214,0
0x4A175d8811CFF598b51Fb172A9Ccd687099FC3B6,33.001353723152214,0
0x653c694b6Ee01aE21dC405e8f82590CF9021B88C,33.001353723152214,0
0xf3699508676b4217206C46840D3B03c7FFE4ac19,33.001353723152214,0
0x1bAEDdAB932a93b4ee1Ffd088870f3918E6e346B,33.001353723152214,0
0x993B8AE24dD78bc25e4aeA966cF6b7AD3BEf86a6,0,32.27714925624686
0xFACaD00C8De6931f9C7D12dF9C18d471f783e231,0,32.27714925624686
0x09adf49a6Ac8411Cb55A757518d866f4B46F3d03,0,32.27714925624686
0x49a3f48DA51fC7411bD02a6cA47112a038bF3602,0,32.27714925624686
0x8870E1309c3B822c21F2AA7139c392d737b558D2,0,32.27714925624686
0xAd994EbA97296F11787b66C8ff9401672778eA88,0,32.27714925624686
0xe0edc2d37D94Ab3E04420842C76BA262bEeC045d,0,32.27714925624686
0x1458C04DCbc1E1077c33D5C054aDc0D3b8ACb234,0,32.27714925624686
0x7A6725A88EAAe661B30a1A2e682272982bb5603A,0,32.27714925624686
0xCedc40D04a447cC6C2A7Fc2Ee4422604A0c16E05,0,32.27714925624686
0x4A706A541944e1C997F173c42A01B5bA8D158094,0,32.27714925624686
0x837A5ef32c8440815a8bC976907980443D9C0736,0,32.27714925624686
0x3AA225C8eDdcc9648d0C0b2DDeB8826aD75e5333,0,32.0809355829566
0x1a31a3B6a0fc1161A033Ef4DE4d26A8e7BCF316d,0,32.27714925624686
0x5300b26d73d51dF0975Ea1D04abc90980c837Fd0,0,32.27714925624686
0xf24b89Fccda57E2ad1D777a2008EB24304bADF0F,0,32.27714925624686
0xa788354E9a5dc59F5158C4EE798161186c7E2eF2,0,32.27714925624686
0x24d4414d1B7f325162D324D924cB74674C353D9E,0,32.27714925624686
0x436f1B17F67d55D0FCD7b893407F06Da035888be,0,32.27714925624686
0x43bAd5310C6d007700ad0215f4A48AC32c1638a4,0,32.27714925624686
0x0f3525b18d12aDBD4f987F392C49034Fb5Ad6d75,0,32.0809355829566
0x747017239D4901E1Cd674cf5ED7B4425c709e94D,0,32.27714925624686
0x46843B9f9aA1A2838725625780E9F51eD38E2486,0,32.27714925624686
0x0786Fc201A941e953e66F7c38e142B86D1fc47fE,0,32.27714925624686
0x0B7f14D9a6D58A983d3A46520aBE9dEc825aEcea,0,59.84517035352761
0xe8dd1826993675Fe9BD915E0b334855f8046ba9A,0,32.17904241960173
0xd43dd7C091f6A4919528b7CCe975Cc069033ca9F,0,32.17904241960173
0xE9B4B09848707A18df49811bbA722BD4473e506C,0,32.17904241960173
0x9Ed6CD5D63E8FF9D5A0c7ec5Dd7B68DB63eAde27,0,32.17904241960173
0x2Fe23D1548baC19Eb96c859Bf91189710c2Cd3fe,0,32.17904241960173
0x3d2cBd740b5876B0aAd61c883bF05882d799eDbf,0,32.0809355829566
0x603a174Eb596a97915E615664Bd29AfaB0632B60,0,32.0809355829566
0xaB441257f83B86012A39B5A60858C75e3c18faA8,0,32.0809355829566
0x6B662D63A468cCD4e98620Ac09Dd44045880B145,0,32.17904241960173
0xa4623b03B415908b1F442132E968D29a346AB4dF,0,32.17904241960173
0x88c34798c2Ce4Cc21cDe3BE6bc571274eC49D5D4,0,32.17904241960173
0x23e9aDD66301B56974C4B0521D5aCb3421Cd9f5E,0,32.17904241960173
0x1580CdcB6B0d341638E965B792147ACFc4467EB6,0,32.17904241960173
0x2430a2f98D4dAC43f892d749CB9b0b316f89C6C5,0,32.17904241960173
0xCb4A3e20D0b7cC2C26FCa1C2c5EEe1594F959309,0,32.17904241960173
0xED31FC88206E20A162A8cbA8065e53a15c9D8aDb,0,32.17904241960173
0xE82009b07A29488536567FF0bdaD1Fb004ba9E19,0,32.27714925624686
0x9fc06467F6a7683C0Dc08fb6599Ecb13CAF5607F,0,32.17904241960173
0xdFd0Be018921500fDa3D1Fa3D6442fC1563e59C7,0,32.17904241960173
0x6EfdB24E80e1c757EC3065718eE3343C8Ea3564e,0,32.17904241960173
0x47c1963704661ECC65d868Fe7d3fbc00Ec22E69D,0,32.17904241960173
0xcF8504cd02C6516FfcA7F7092a65C0edDB986CFf,0,32.17904241960173
0xE6197f37Ca99d48Fd6a56a86776dFF22C1B39170,0,32.17904241960173
0x17129448da81E37b26959e44f4baD798296c6ef4,0,32.17904241960173
0x2DDbfb135b744fd8C871338c4D310E63F9BD5536,0,32.17904241960173
0x40e3A2EE9be41D323449b27FD554bfA892F11830,0,32.17904241960173
0x9d6Aa19Ab16b887e3d72b3C7Ed3112cDfE4C08d8,0,32.0809355829566
0x50f792d3Ff0b8FC129F4fD4D4892FCd3b025258C,0,32.17904241960173
0xFeDDbd66bb918a1Fe27C4a9161B26CFA14B58fd7,0,32.17904241960173
0x0031885609267861A93d7D6EE1a82174875Eb685,0,32.17904241960173
0xd4E00418D4b038156532BaEdce50e99fF24E0A1C,0,64.45619167584859
0xB739db45aDbcb52ffb4180CF6A5c5CDB33453Db8,0,35.3184611922458
0x9258A52E1174A176f6F962877dAf22d4384332eD,0,32.17904241960173
0xEeba1bc39dEf0F728d1f99F82dFB3046A013B841,0,35.22035435560067
0xD53F4D2CA2dFfad05be846DDcbc8DAC04553c4B5,0,32.17904241960173
0xA450b5FDE675310A507bE833F81d4d071BBcDe99,0,120.66649934808521
0xCA2A8f671C1Fd83443aC72cE5807566d291D7A95,0,32.17904241960173
0x970a6b3c80AbFa1211a277db5362384115BD9977,0,0
0x7648734478e405a52C4dbF00625fEB0B65716e55,0,32.17904241960173
0x45f4AB4B6951E786A8dDbB3D23f910db5eFDe82C,0,32.17904241960173
0xD4F7Dc61B162a946c00cCE15465553d7fA48D636,0,39.83137567792165
0x46d6Dfee53Ad8927f667Bf6af890427DE2968554,0,0
0x722584d2EED1e22aBD07DDA0B946f06Bb30a17b8,0,0
0x063456CDD3C1b1516f14902F11849B6882b853A6,0,32.27714925624686
0xA0331034e6496679BBfB9d6882968A17243f4921,0,32.37525609289198
0x5360747183B90A45749709c281F9881096baA84C,0,33.258217622698126
0x6b42b56369Fc271F51Bd7320d31AcBD75153088B,0,0
0x0aFABD469FA801c77c1e083Cd8C8fAaE432c727d,0,32.27714925624686
0x245c0504659313A37a142404Cdb4FA24e2523A5F,0,32.27714925624686
0x4e00dfc764312E63059a746C9450FD8E63dA4Eb1,0,32.86579027611762
0xCEf189e07Ab746F84199f4893b9256C50F6eb429,0,32.37525609289198
0x1dDB82129Ad44B5BAbF1A0c25A19B40753A23469,0,32.37525609289198
0x8CCCe330bB8c21efA62B5DeC8716bbbF7Dc08b2b,0,32.27714925624686
0x9165439039aaa8aA6106FF2ff3f2b1F5F9eD70Ae,0,32.27714925624686
0xe8a8651996e549d5a0E81F5c4e9E477457D7cc0D,0,0
0x28727A38109273A419EF1E8e1c6C4C982fF6bfad,0,32.27714925624686
0x6D696F8c618BD8C85C7508cd07dAA9272518dB36,0.001353723152210167,32.37392805240918
0xD803A9b7fc5C2F18BE04c3B3887F910cc1D46643,0.001353723152210167,32.37392805240918
0x33BF700b18da327b54B6472c2768079d74027E3E,0,32.27582524012915
0x11C5CaA68fE595cE2d18a8D9dCf2A25ff10c0c12,0,0
0x2f0b4B67793E1A564239Fe900F949Ff321D7469D,0,33.35495617520946
0x415659572e16E15E769B6cBAD656c9440A248B74,0,0
0x5A7Cf399755e74B38a49FF622A2Eb385911348A0,0,0
0x21057DEd84E2EE87334B31D68BaB59960D696fa7,0,0
0x5dBb4BE784E9835ffAC59090DC7966685DF7Cc05,0,0
0x4e43C21E9BD6Ce1c44E474e840d758FF42867fE3,0,0
0x4A0C7D89a2682a622BE6E48b77d6959a60a1345f,0,0
0x388C1259fe02fC40ee402c13e54CE01432b19B41,0,0
0x8aB1E54A2AEF7938507EB4072e23F22282716ffD,0,0
0xa15536c131344B804E3F29251454D3cE0423e24F,0,0
0x1DE758F18685B9F90424789ed5E50F4Cb59511Fb,0,0
0xc00920Efb21A0C5245E08E2aA31561a10C36Bc5D,0,0
0x100A1feeb60E25C3587b25C19921eF1bB3EB46a1,0,32.37392805240918
0x808170CDC48A5b5cd8B53E73026c8B09292f5c9c,0,32.30525608381316
0x85651620b6F80A236888dc481720776639dab8D7,0,32.37392805240918
0x2871aaB7b895f7466421Db4dDEa774c04639D91d,0,0
0xbB8E8dCc5d4fA88C160f8A1981FA8cE90CE4821c,0,32.47203086468921
0xDe32654c824C2BeE889b48C1bc2118B2242168E3,0,32.37392805240918
0xdf2cd7b522aaeF6dC418CF83cc1e815C1E2Bf8B0,0,32.55051311451323
0x50Bf7EF0908a296903c400F2A5240d87c1e2867D,0,32.66823648924926
0x0cBbbFb2f0C002A011A378907E7f38c56c5FC3f3,0,32.27582524012915
0x7E5AAEfE0F7249D279BbCd9cF602eFC66D42298E,0,0
0x0b4f28ccfDF8Df04E6D1C8dd57b6497A668bc0ee,0,31.88341399100904
0x20Bc65C6Ee8D09f644c66640f89d0E324Bd381EE,0,32.37392805240918
0x25B1a49604716bc228C67992F9859942a81CCfDb,0,0
0xE34b112970ba64eaEAd285e7a3eAEBdED16F7D6b,0,32.76633930152929
0x040d155Ef8E2f7A326EA8a7726959FF4ef43A53f,0,0
0x2A2b5eE4240bd0D7cc6b42248576609196536E3e,0,33.64926461204954
0x0943978D92cCaCb100CB532FCc03116C6f5dc2E6,0,36.10183491905023
0xF34355F48b5af9f43df99Bf28E1d6916809b9063,0,0
0xc5D9dbf379cB277D1eDDa86a12E6be0635243065,0,32.86444211380932
0x02EF38DfA858fe39175575849f9d4d1D286C4fC0,0,33.25685336292943
0x2051fb2171D966B072d6166F51B0B6F3399cC3EB,0,32.86444211380932
0xe6B66683Dc239c7b587E1c0e75088E86939eda54,0,32.86444211380932
0x0432bd3Ae1601BbaF66F89019e68Ec13c7911cC7,0,33.25685336292943
0xB49A2521601470fDEefBB225912bDedef1F1d4A3,0,32.86444211380932
0x4CB66A52C6C5d111618D794d863B4C7dbB0e9295,0,32.86444211380932
0x875821177992c498806522feC89a79C06eF27A89,0,32.86444211380932
0x5C67A34749f3ff27C226B86e5FA67115a0E25A92,0,7.848224982402225
0x2FCCEf8f486f9C8431b0284e5F2F0E7103b61bD5,0,0
0x1dC6C4f6e58D47292b906c6Caf158815257DefD6,0,32.570133676969235
0xa26a26dDa524c8073caeA1f54D69304E26E33A5a,0,0
0x23CfA48f8f658680883A767b11cEc02C41454a6A,0,39.1430220997311
0xdc6862B9E183D47f1d2048B4b03eBe0be94A6448,0,0
0xB6f5f0B3D2B6eb1088A010832C45b9c24b2CFF5A,0,33.060647738369376
0x82618da4bcED029Fe2F7Dc825cA3C2825BCf5588,0,33.1587505506494
0xA5F11EFB43E279cB923bd2463cc84BC24DcE1de6,0,33.1587505506494
0x679a365DE96Fe0c56Caed126e8F02308E64650b9,0,33.1587505506494
0xFF87A9acd1513711BabEEa48697f3946A5a598B1,0,33.1587505506494
0xF26d2457AF90f71D8c76A8D8F5689212C38C5216,0,33.1587505506494
0xB16992AB49C57Cb8bac27835F2446511Eef64A46,0,48.07037801721363
0xF0B9beE87F59Ad65034919C70a15384e62a1aFA6,0,33.1587505506494
0x4c9C1A5B9aA19e022331d67eE9bC25ff399B98f8,0,33.1587505506494
0xD3c7D68A1dC5E548b7fCd990c22FD3dBB62C0045,0,33.1587505506494
0x9515B286F4B47d5d87660479C2A81afA239106CE,0,33.1587505506494
0x93E2eddFAAf75C484E1AFF87DA9ea9F119e03D69,0,33.1587505506494
0x951897e116Ee0b878bE80D261C5c56a1C7bffA8C,0,32.27582524012915
0x8e4Df78AB6aFb3CAAACfE1C9304A5310fcf6845A,0,33.1587505506494
0x33dd0023503030B8e95301Dc7B48bBE6E86c78b1,0,33.1587505506494
0xCe834a6df64F04eE70F9a511b91CDdd30311452e,0,32.27582524012915
0x85eeF84746eeFB6d4f8A05ac86B68D54e0D41823,0,33.1587505506494
0xC7feDe9B90f3066CB1E6B26bd2B97e8bC0300892,0,33.1587505506494
0xA5D74Eb9B9f99C5952aA825AEEE10d2d32341546,0,33.1587505506494
0xCdb979012401F94FDFD8F708903DdDcDF7FdeA0E,0,33.1587505506494
0x8Bc1B0D43E2B04A7EA533f6F15B1b644adF32fEf,0,33.1587505506494
0xe725f7B79a7ae2FCf6b3E660A23ba49607150a63,0,33.1587505506494
0x4440b6a95899472377b7949BE0DfB8Ff850223fd,0,32.27582524012915
0xb260b320621F52C48482BD95aF8db1315f1E2902,0,33.1587505506494
0xE883fCDe242AC17D4A761A9eC0b29D511Aa5DcD3,0,33.1587505506494
0x90feaC61D453C26c98038Ad816D82C6868bc5624,0,33.1587505506494
0xfA60A3a6d77C1643041ED6C3A16293F0D6B79Fa8,0,33.1587505506494
0x3710C763728bDC9d77dFfbCfce066505d3495f21,0,33.1587505506494
0x11f2370551f704571D2B271DcA28F476F4eb1c16,0,0
0x5F7E803aE0021Bae938c112bE2caFFA1BE145bc9,0,33.1587505506494
0x38C6825989B39E4cB788c969b30D8B6609c0b0Ea,0,33.1587505506494
0x6149ea2cA388a55C8D2e3920dFf38676f3d04BED,0,33.1587505506494
0xD37AD34954Ccfb8f236B9f61D1da5a7AfE10Cd3A,0,33.1587505506494
0x5D9C00365a0808A4AF98c7FC024261Cf8e4e57C7,0,33.1587505506494
0xEb66c719013a89E81fE1A4f61a60C9dFCAbe05a2,0,32.27582524012915
0xe6157a04308E10C581f6aAb2A60bAaFC961104Bf,0,32.27582524012915
0x4cccbB25B946723FAb17C0F13B649883A4c9e1B3,0,0
0x9fbCfb94dB1E1b9B7a1B0ed01492d89DC8f8eBBe,0,33.1587505506494
0x4f8E5E6aE20a23B00aC69B808BFfA95a566624b2,33.8,0
0xD63eAe9F7E92dFf7089fE31B2AA717719322868c,33.8,0
0x22F040CBcB4823E181Db1c499a5f3df55c3F45c3,33.8,0
0x05066a441eCE04ceFc9ccC0eAB2D0F9194c0f222,33.8,0
0x379d00d6360ac59a7a74F12A20AF59EAB11c6BF2,33.8,0
0x3f556f93e890ad9f935Db4D2bF8C59A24277AA12,33.8,0
0xf6FEe5A939fC42e11b8530fb0Bb4C5653Ebc6015,0,32.42297945854919
0xC5206f6198f449c87082C465E490Fef716330e13,0,32.47203086468921
0x048155070142Ec60c268b737F18171744C1ABd6a,33.8,0
0x6c84F4070472E827BB9A991DfBbCc1d6ff2d9f74,33.8,0
0xb29542fB8BD4c53F64b902f126ee8996261930a7,33.8,0
0x4104ad4F55cad4731795A69bC052471800918839,0,0
0xD5c4cecc72E9c63e55D7fc5CD358d8B1D1839e79,0,0
0xC0C464B7E1aef3df64Ea8c33d3B3cAd966F605c0,0,349329.38427946524
0x90d9cBFDB79054E954e5eC0fB6eB50c02c2F0b90,0,0
0x8b9Dd7B0Ef799a2660f7AA0Fb89400C6567F2E79,0,0
0xF10F9A8194d5bEf1Bc3D0a112d3f561983faC3e2,0,0
0xDCC59fFeD760d4972F19306D75060712cD17D0F4,0,0
0xb3884b98Fd81970D0fe59691De082A7cf166fDF5,0,0
0xb629Dd0EAb0AAA87fDFf9DE263A9F25fC1eC6193,0,0
0xada40E10Ba19196909e2cE11E7EDc98EF5F9F011,0,0
0x3C3DB71B7a0F933679071c6E3419A04734a5a376,0,0
0xC275D8a312C20cC1bfb149Cda33EA95e09662Ec5,0,0
0x9CF16cB59B4B392A2f03A5dc76DF2e54b4cB43f0,0,0
0xba90c16527c28E9B20359DcAd26490663C1E6213,0,0
0x8D349152dbe28B30714DC49Cf7ce6959f7f859F9,0,0
0x55a574190fBDEa13dBbA2D7E9d19B4aaCA1A534c,0,0
0x94225F75d5ae1e069aA7CB053598be512877F0f7,0,0
0xe60dA85d4515b1c0625069576247FdD03A0Fc09f,0,0
0xb0fcD6307f5F76CbBe274EE9Dd73274c518cbfb1,0,0
0x281B6F7083490e50391Fd1C46Ff2A0CFe93C1B3A,0,0
0x6859e681EbD486340F9712267a0e6DC42B6D672c,0,0
0xA84516192c8C7F3eEB47e330bd4CBC609758025a,0,0
0xBcE0C9819e00b2061268C79e4186615Dac2E65BA,0,0
0xD14E09DE807305F8580434635981F9E25b6e89aA,0,0
0x1Da2b38941e86919B1ECAcCF0002E2f6FcC90Edc,0,0
0xE06105311A832fB36517b599e6fd011959E42942,0,0
0x457963BA3dC6c1D86aeca095e626C94589BCd5Bf,0,0
0xCbca9Fa5Ba1ab20EF6F65313C144a103643bC3cf,0,0
0x221D7A8E478f65d387389d9b8a5ac320EC8026B5,0,0
0x653E7b0046d6F27C3fa21eaE5FBc4938128785e2,0,0
0x9dfB288Cd25a3eBB8AFBB7d4A3af26D3b8d5c465,0,0
0x7394Cb5AF67c281421f63d15b6EE3ddc2911D2CD,0,0
0x2B7b5B36e88489Ac05D39f10d63e5e55097D55B4,0,0
0xBAED49b4021cbd4Af04d3f7B0Dde74896630d18c,0,0
0xa40e3c1704fc1A4F424dC6135f4d87f490D222bF,0,0
0xe119111893DCE0EbF8eEbb773954Da206F9F3af4,0,0
0xFECEE20fDA70Ce6286EdeCABBcBC92BAa98B645d,0,0
0x371f7504f02d1aD1F27269E2723d015d35c7f864,0,0
0x1E5aF9EDBeffD63dc9cCF196b26b729276D88E9F,0,0
0xAc24bf4756A2A19b3489cf4595CaA4FD483aA5cB,0,0
0x632481124a4E812f3680e71844C47A0e50088A20,0,0
0xd6AEBb94373DD904A6019B160eFB7273Be5f2b16,0,0
0x22934d7eef2047C177A21d4A7Ae4a665F4b45Ae9,0,0
0x64876E544951A47FDc78a5ED7F78091640dd6571,0,0
0x8820007e27CE47Bc7657660Bb6B3d934E7FFC43A,0,0
0x8Ac9dd02cC2ac7fBECf043ce37663742C4cA3b79,0,0
0x79b81De68af819F57478d5EaD5e58286024f8644,0,0
0x2b4C14749A9DA2aE45a358924b3e2DdEC1cf29c9,0,0
0xb111f18144c321F03Bb52F874B17dd3d031999F0,0,0
0x38F82110BEBc2BDaA4e19cB1262787c69c2CfF75,0,0
0xe81c95B86421ECfBC6D7b37548415857Ee682948,0,0
0xf956c183E9fbD9035de00BFcee30Dd2413Cb14cC,0,0
0x0F9B9aE380B7154606c03dA845f0A88F1523eab8,0,10.914254579001264
0x50Dd46b3Da322e113f9996e939B4e1a6B2bcA2c5,0,0
0x62b1d43411351E4eAe978e37db5dc74547b704E3,0,0
0xCc31c2617bcC27D0D7e8C8e70De70f591cB8C6aC,0,0
0x6D027Ec8eFe7196630FD0c4A99dd4ceD846F5103,0,0
0x30D16874D03372d4B14fF2795e94892bdE2e16C2,0,0
0x80A402208fe875bf4D473216a7B987D314EA6d52,0,0
0x4CbB1544904E5a0B5176Efcc0b3413eeAac4d188,0,0
0x637Cc4A9222D0EE2858F59f738B625EB63Af56Dd,0,0
0xeFf7E2dC63462abC2D5d467f933DBcE65fB45fA5,0,0
0x19F1aDE243edb17f3Bdb71369C1Ad493b719aa4F,0,0
0xc3b0e970c513E6060ccA7d37BbCdAE03B0439132,0,0
0xF6C491C1C5Aa0FBed2c7A14e00720798C85e094F,0,0
0x983C05d875DEE22d7c1C537118CE527b7E7DB233,0,0
0xE6A5EE90B5473bA0FE81a64ad09B3b29423Af3b0,0,0
0x737e90c4071bb5ada1482eF8D7e45ECAbbF1Ba3b,0,0
0xF42Aceda879d85Be28813D247E354792D1071514,0,0
0x2A589EF92F64AF5F73C1E388cC9aBf3d4e17B360,0,0
0x9e660e5dcA16A3D70111f21a478156eAE8F68764,0,0
0xE86794894ad78B8b205602d4daD44d907710ab2F,0,0
0x45f186f52C2429fd2C9437ba3Cdc0cC4fB1533Dc,0,0
0x50fBd9b3162ef353Eba3e823601d2FFDfa914243,0,0
0xF1d94058Bb6911484f1710bd75C4649C45873A7B,0,0
0x80b2BbC2394e7d9e9d7ADAbf0b12E7E6A67E009E,0,0
0xb3A89aBd05e36fAb3b08a4d0c431c3531ea82a34,0,0
0xdF09DED25729d26c9c2484E1b2150E85E612B09d,0,0
0x82E0e7f8301B6974F70251b1Ec0A99500ce21421,0,0
0xb78182b05ed85Eed63D9A9f83Aa289e7722B397C,0,0
0xE83470308f0DC7bfcE61d38EcffB63B31f11F611,0,0
0xCf76684faa8873d9b0b3F122c91c9A834b23167d,0,0
0xa22F37937320057DE7A0a07556d94BEEE0fb94Fc,0,0
0x9E14641e2C227eE46EF9D6b77c3346C5b545C0Ea,0,0
0xc367Fe6E154DD341654358F36692aD577e30F2A3,0,0
0xBa0532162867e8eBdeF59051D68a0aC35f5ca0f4,0,0
0x98a0caB497D1b2409c54240Ef3BA45C77D2D29d8,0,0
0x40C0932EaEa3B6BB972e66dC454C248591413F6C,0,0
0x9F27421202fB6F973Cd4E73fd99D8d81AB78C9e5,0,0
0xbCa1b017c26A7C289e779E8B67934f7dBd10aFf2,0,0
0xAF322542Fc18CC5FB7D418542A7228884082C215,0,0
0x17D5dCfB29B0c874C43AB0D2dC4a815C2F4996cb,0,0
0x0f709575dF0F518131E20ADF8e6f5fc5BE0E4fDC,0,0
0x7Cb182Cb660D6b70e24A2C187B37E695cF36cEA5,0,0
0xAb7F149471fa8b2F7F076df84eB13C0201D22e84,0,0
0x4977AFc5c9a747fe41c2796B7eBe480261DB7452,0,0
0x79193A632a65EC1d66040790bD2dD503737C7d11,0,0
0xF2406610097364c8122eA77CB306B6A7727f5918,0,0
0x458E50f9769304CA0e1e38C2a3f700e07DBbBB5A,0,0
0x668Ae178139184811748Efa0E135fddE7298D0B8,0,0
0x12972A4C02E881f9F3de32366322deB75Fbb5C0a,0,0
0x7fFCbB67f4Ea6Fc494Ace9d4c9cB71E8D5A67b17,0,0
0x86384C162A698506088124DeD36680714936Fddd,0,0
0x8c59571E87db7Cd437beb316F047cD8632951048,0,0
0xa2a380d593538cDc252aDdF43b39b55232eEc01a,0,0
0x8282297c1C6866bdaa29772b2A09682588cB8A54,0,0
0x5E51cCbB5BbB14D3F4096031b506cF42cB8D1dd0,0,0
0x60832ACA59c56a9Ad59BD8e2dE9c75662100455E,0,0
0xd952ccdDE0b36e10959e6176357173Be9D4e8bC8,0,0
0xAAA2dbB137764aA4dcBb3b4906016F9765034f53,0,0
0x0B929D7dc25Ed465419E05732756F275e5Cb38B9,0,0
0xcb3FC103Ef367b491B3d7eD69E918F4Eb49C6b43,0,0
0x01684261D00AC20cCb9E9D60E8445f65a8a06D38,0,0
0xC8c3d4f173f99E7BDB20E01E1BEDC53D47cB9D80,0,0
0xC9aB2406ea232062dc4775B0d07d4e82dedB0180,0,0
0xE0E1EdBB4E1Dd4239D461e4a03c0d0aBe9e69332,0,0
0xE15e7008A16D4c7Ad3240c1FA1771c4F227b01dC,0,0
0x79561E8DF79c653e8b4ba5E03Df3adaeb3998733,0,0
0x3c4487605Ab3BdfB371C7ade6a811482b32Aa96f,0,0
0x69CdC725DCE1481996E36c788E055958f0E8fFC6,0,0
0x6580264818FCce605b94943Aefee1bE4d4d06a96,0,0
0x5Bc595F30dE87Da2402B55F09D8Acd75b626EF73,0,0
0xdaF35bDbbC741D90c4E6AE1A7AEDc656BB1320b7,0,0
0x4d4189f37Af6cd15EC36b779F5D54FFf64bE1322,0,0
0xB7550BAFdD243c3A3827432EBA16157579772ed9,0,0
0x21eE4B9C00B14E242A9d7608c0B4ae6D098f0411,0,0
0x0a988e874dCD9374b12694D90F9c2b17311628DE,0,0
0x74665cAAFB25519818b2a8D8B7eD57A061f33DE9,0,0
0x8eb3041f9A87E6cC21af626517B19ff33Bb3Fb2F,0,0
0xfe8Ec9AAacB15EfD9d1011E9A5597ADcdf625977,0,0
0x3e6c8F1b725C83426f3A5dD0748576c43c04e0b8,0,0
0xF4C64621806C79c0767650394ba6DA6dfAbA781F,0,0
0xbdB9f2d6D68AFF40d2DB6E691C9Ded2AFd768d27,0,0
0x87E20c2Ebc4B865bcbbf156F033360288B496339,0,0
0x73619C06Ae066cb75F6fAa705c544574d6C814F7,0,0
0xfAA0f551643339F215C50f1A17bC02ba88e5B247,0,0
0xBa0f44a35f89aF6ecBDf155bad6c929630b26238,0,0
0x6804f03a80866f1CBE18bb8588544c7724f25E2b,0,0
0x00967eF061b5d14dC96B74830425dF6d2B6BD821,0,149.799737
0x12D653Be6ED6164884b6Fec557583BdF6702f74E,0,0
0x2b5C888e7dF01C8FA356c2160fF5f61450832F58,0,0
0x11390de822Ee9a5137Cd60B420bA75340c691dd9,0,0
0xB51a86EDD877530bB9600d63423f5FB39D5e65e5,0,0
0x2Df9eF9E74F04F5a90522769f90a9dCdE381C237,0,0
0x56AD8F983402AfA2168AB7e8b15B3279bF540b9C,0,0
0xc4491cc906DA249B95684a48e6045a5B221ec46B,0,0
0xD990B480977f90e2Bb1793D8660764D413058B4f,0,0
0x1AF8dB0023E54F269178f4e4e2530ca0cb4A1ED6,0,0
0x15519194140eA613f4226691799225A07D8cC976,0,0
0x64CE4Cc12d6e1217cD4da0A291f5b464C8a3EdBa,0,0
0x03f8Ebde87eCe4C133378E5D7CCB11Bdb23FbC79,0,149.817577
0x02953ac40a0C729fD64b1d8B2bF1CE7903aa9b3e,0,99.647759
0x23b32710e86F9cf32Bc72AA1ae900F1003D44f35,0,0
0xA8df809Ff5c2b7Ebee19f9144341d3C32498b64A,0,0
0x4261c4b1fE2302828c01736ed92E988Af069b071,0,0
0xc130ED78bB8c56Ac82aeA2216c8F2A49b94Ad52f,0,0
0xEa1D456ec15Ec40dFc0cDe09E1e8C24177F30145,0,0
0x19d9fbE744724A26D352fe82372071556cbeC135,0,0
0x140Ec4cb67937D4987595E5fc90d4F4a128Ead7D,0,1
0x702baB8eED988B1286BAf591B27B9eB379D0B58D,0,0
0x13e795B4F23e9FA2CCba7910AE5Ef0b216945639,0,1
0x03C13019b7080a338506089b32E989c6Fb08776D,0,1
0xc2D4F25674F513c27A620497d1AaFF21B7D90A0F,0,1
0xC493d2C100e5b5CCC2e5d62B0bF903f71F8f4CDF,0,0
0x6fdb4021933163dE93986B527D2286DF1602702f,0,0
0xD7B54Bc90e2c60A80B61fC50dc8DE5837eCaBEb3,0,0
0x005F518bCE9E6e960AEC87631e51435CFa9D1B44,0,0
0xB3179068e3B4f2A5983f45e72717457d6eE844B9,0,0
0xf5Dab8dc6f355F9A0311dCA872f4eD11156cBeAc,0,1
0x629f8610EbfC173a314387E236E2BAcfCd75Dd9C,0,0
0x14c44b59B6766EeA1B2E0A561cC59D3FeEC302c9,0,1
0xA17FB63Df4a6B9F7cF9c1fD74A747014aEBe16Bf,0,1
0x44F7d885ff0c7705B4B4571279DB0Cf5fAA447CD,0,0
0xfb8CB9f089FFd5B5a00FaE817d08864AAF91A599,0,0
0xb8cED66D45dC2020a676B4147550FfBf1Df11858,0,74
0xD32d9CaD435aC1F5bea2edEdA7834fa08232C2e3,0,74
0x6Ba6EC5f5a3bF975413f8B69897717910cB714D4,0,74
0x52aA76F31043cf9c4993C0FE4f69E1Af48E1650A,0,74
0xf8780FFA26A5121221cB248f8F88D82563134a96,0,74
0xB3E96B70EEf84045BeE621BE90374EB1D3013222,0,74
0x1d8E10f4e9a3855E1672988aeFc240E523244C2e,0,74
0x88AD7d4dcbF33e752b71D6B6bc8eEe62c9926652,0,74
0xEDe469E30FdBFBde4e88c8Aa38593a4F04699075,0,74
0x579b3f575405F5D3188903DB5C65AF22De7dCe39,0,74
0x3aCa9332c113b83048dB712d920952A81A9A5af5,0,74
0x21665F6026756ab853241d1564D66EA0078776aa,0,74
0x0A4BD43977A1bc4caDb92C9229Fb80a68Ffc392f,0,74
0x1509b7c1cbdE17cFDE5E115e3aa48E1D42Fb1B71,0,74
0xBD70311e0E82c2Fe7D237E2611F8acC046cd7F73,0,74
0x374E2b4F7530780890dee1C8287bfA73303C0A53,0,74
0xD865D288E5C860e38a35a6CdA0FAdBE1A25E8B85,0,74
0xd19F2005521Cf79D2bD28D8eFD41C8aBBaCe7D67,0,74
0x4Ee3aa7B69e1C5cabFA1c44398E831542d8A220E,0,74
0xD62b3CB2E559d926F1798f87AE1446dF7DA18ECE,0,74
0x0DC1f08A6cd38AeE5cF7d37cdfDc880985C96be9,0,74
0x28797e15017A7f7c72d8d0d93F42d7cbdB04c20D,0,74
0xe0feFd9263BC4373E1218CcfC62FA738EF21f585,0,74
0xbF95537409123Db4cf65C206f49622104657cC2b,0,74
0x1BF61bD06AfCEf53D726F2a43AC76dB9885F117a,0,74
0x7b26D669b5058c35679b7a870B2394c9C0909Ba3,0,74
0xd6c113DF546014ae3467a87805c27A8D7e179c70,0,74
0x800934a20873FBa19Ed74469bE88c0a427D14e4B,0,74
0xFABFcA3c5a74fcC4AE4bc7f7f0a1d310DFACED1f,0,74
0x2604b11e2fa2524Cc67e9cFD3FB7e08854Ba51C7,0,74
0x6367CD127501E71B17c653F643C31D170Bc5F06f,0,74
0x2D1979f78d9Ae815FA5d7dFC61b8FdfFe24Dbe56,0,74
0xFD90232e9364a5231Da710113fAcC6b171040cF4,0,74
0x23d2543DEE71d023Fe1E2f7B9B54C47eF5579e44,0,74
0xe6f2aB0a7036af4D195701E9c116Dcc98B666FA1,0,74
0x0B4956eC03A5295Eb19374Ab399F7d06b43530b1,0,74
0xD4ef6DEFEd654ff63Bfd8db4D06Ea90e696617e4,0,74
0x1d0Fa63d3E584103D8ADC842c2c164cC1F6F9120,0,74
0x84FC37De984E4Ec6b19e2a03defD5C5cf5720F35,0,74
0x7A8BB00A27d4B6EA6FD9b1C2460B3Cf2Da4C6A48,0,74
0xF5CB0b8cBC8966a78827526F75f041955d64850E,0,74
0x233f8044617504B0cc46d87C5cC1A4Eb7c00f0f8,0,74
0x7B59E14Ac0B5bc464e34f36A461F35EA2cdA6595,0,74
0x709d7d2A199CE2cEE64158F0b2ccD5719d042533,0,74
0x87C491E6Eb8424625314774a860b1D14fDD7c728,0,74
0xf0c2a40988187BD8eddcF245913562ce4988C69e,0,74
0xD5f9FFFBC6e961A79B68bff80CbB0cEF35EC7d26,0,74
0xe1d29829241341359e57da2D6828E3580c025844,0,74
0xFFA7D19b0eEcde2Cd0BfEEa8d537EE522c2095E9,0,74
0xe899c6eCC0BFF746b8aBF1d67b0b89c100420Be0,0,74
0x56B1c6F41065bcEAAecc17F4dC7dC09528D5b42b,0,74
0x14DFdf540f2286F8E84dE3F4eaB7453C142F67E6,0,74
0x5BC6Ecc7eBAB83c3C8C382E2cC0B434eA4fCA852,0,74
0xA21BA8d1DB10726F5da22A223eD9F2800B0DCe2a,0,74
0x0BB71076721404Ea52Ad9e0A1E721E12ec0420Ec,0,74
0xE58147B867218Ef5D8dC43541E8F8eEfB3C71f33,0,74
0x6A485a4867775303011a660e3876e2003391108d,0,74
0x9E6Aa87e8870Bea1BA4edCBB68D03f8604a04F26,0,74
0xBCb566392668b4FC98688384B40b9789394a2F70,0,74
0x799FfE361F5577dc5b3b9f9bfe313362fa725a1A,0,74
0x4bdAEb61f6365F893D73E8d57Eecfb21156587c4,0,74
0x8fA1304Ccb0dC022042ac171D21bad412B1Dc7A3,0,74
0xA858448fDa172647F1cBeA3628017579d3088564,0,74
0x162ED77dd19c0a51165B4E20727Bb429a199F4D6,0,74
0x5C16ADcfA69f6dfeDffC417B8aa7cBecaB4D2e20,0,74
0xBe1E2D56aF5b3F8ED7a7b4C4b318bd698561A303,0,0
0x7E02C74f71D6DAF420Ec60B3eC55A2cA343A9204,0,0
0xCACCD041A0c51cE597D64298f12f88f059C1a32A,0,0
0x5A120aedf2D986128495103C57225A86e1A1eaD5,0,0
0xda1a77a585CAb7af880c27917F4E7d2219b9E95a,0,0
0x5C3eC04AB2D88D9D4c3daA98bAa0c73b9d1591e7,0,0
0x54B9e12d302727786631abe05c8202Dc8629d89b,0,0
0x8dda1f2DAB08E4beB8F3A9D5960d1Fedb21AF174,0,0
0xf966Be7B773d346Ed7F491497a3808BD11053B37,0,0
0x7907BeBFAB26ab1e4F753B6E5d32D132856829f1,0,0
0x3C923b872fAB8f3D38E5D1c9962D309EAe6F2306,0,0
0xBffB39aDf472827414F07a7247ED40703eFCD63F,0,0
0x1139C33928aC59D117d03F1f1BD8955722c56E36,0,0
0xE63b10C6eBFDf522386617e45f3F7Ceb072E4C2D,0,0
0xBF5B6D68201B5048173388C6ED5b752a05618823,0,0
0xE952E69Bf4db871203Bb0d88A8e5A85FbAb05DE6,0,0
0xd2f1095cdB487A9baD5A9E9650033Cb09938F73E,0,0
0x33875f8331069C8325b4586edf5c598f0bC97d76,0,0
0x0f3AA8a7C9af4B679fb5EB91a8A27591d35a9cAf,0,0
0xBe2aef29081FeAeb6cc56d0389237adf5a5c040a,0,0
0xD35db7C08C24be5B395990a64b71a60cc8dfd446,0,0
0x09Ea8F8f4Ab115A4Cf6516792a6FAe9712B1505a,0,0
0xCA71e00Edd321a3ddFc2EE2Bc16f6c761A626D3A,0,0
0xF817ff74D3ed55246D8d4E87c30223c5FD3046cd,0,0
0xA5C6BA7EdEfAFB376a1B81A25D542cc8fdE16350,0,0
0xf9B43720A1C35bFf0b9A9351AA69c240994Dc36b,0,0
0xd9FaFe43fa98286cD7668F547a1F6c2012790d09,0,0
0x15443F7360a96895eAfe3084779cba6fB3C29cD5,0,0
0xAE58348629962F15273EDaD07Ea7E9C28f43bb52,0,0
0x95bbabB4214788744e18D2DA33bC9EBEEDde0439,0,88
0x204407680bD9199728e294239feC8C7773E85772,0,88
0xBeF22CbE6aB93ad824cCCbfCbd6587ae66dFe612,0,88
0x9F5A42e696c6bA6748A042A913c461106282F14a,0,88
0x7F1d02B4e232d40c899c2Bd96E179a69a86C0b34,0,88
0xDf3284535aE31CeA678F83e9a7F6e5Fd45621f7f,0,88
0xb6F5Ee107F1DfF5B01ee1B781C36f705AC40cB75,0,88
0x8B5bABc745AFCa5Cd95a8E58413570c86267afcA,0,88
0xC8C0cE30f73cD59444Bb470cA4A464e8928A6A2E,0,88
0xf26AF9c42eC1E2eEFa841b14AA56cde1eAC04624,0,88
0xa77df21bdE48905808EB6718B94d3670E5162877,0,88
0xE4813db82b94fe750cf3A541f5cB10cFE6BF34F9,0,88
0x632D4cc407C1A29CE6c007370480fec2886cd036,0,88
0xac21fcb012a354c9a94996816e491C6d1E771cCb,0,88
0xD0f83B50682871F1ad0596306A1c96d2d2148aE3,0,88
0x86D3E2Ebc0E19D351B9e9081C413EE40DCBB72E7,0,88
0x699A42Fc3D07e020ce44fb91028F924081137a9E,0,88
0xE3993D879d91dbfd7B1ee222961B1642De3dA55C,0,88
0x2a1eb0965a8Bb97B58a22021D4e13D06bC42E7F8,0,88
0x6c70a03CBA3E5Ef3B6e184ac3cDA5eA7D8eD8E34,0,88
0x1ba49b08D59E5f4865A24fE2Da2d1f37A416378a,0,136
0x001318581652E3cAABD72Aefd9F0cFC76461a89b,0,0
0xB23b116f0CA7b70f43b718b80e221E1c177784B7,0,0
0xEfb14Bfe83a56ACD9196b797231A892c8da5B7E1,0,73.37804182366709
0x55A77CAd9E146141fbeb7Af03e56c68775CCe4ef,0,73.27983302420421
0xeCbFe8A09A1f41c7125212e0C71a77361EE1B961,0,73.7708770215186
0x767eE6D64Bd72E7E3C8acC3737d9447043Ef2D4d,0,74.06550341990723
0x5Ab997493cFbe8dD7a17fDB3fB79Ce990f9f8019,0,72.39595382903832
0x1Fde017bA134AbA40e861cC58f18F805AB4773f9,0,80.74370178338287
0xA53693F3233c7448446e884aB3A29af1393B2d91,0,72.98520662581558
0x0ba9a0cb9746bF7C790Fb32C6d6c5a889a5eFe7d,0,170.01550049513813
0x203D8dD48BaEf555a23D8D26b2244CAE2914062A,0,63.458953077916505
0xB325f185329D221f0D18df190F8a6Ae254c04c2f,0,73.18162422474134
0xd0e8969037c50661c9DffE6A5F39328Eef637e57,0,73.08341542527846
0x2B203a1D2A3CEE7925deFdF50BAF6d2E406027bD,0,86.6362297511555
0xD59CAB48Fa6D437553C5dAa0ab3D7DC4b453067c,0,72.59237142796407
0x5990051716177ca97406669658390e4b812cbc3D,0,72.78878902688983
0x3078f478886f098F33Cbd44f052d7D807021CED6,0,77.40460260164505
0xF1f0Bbb36b965Dd0C0Ab14b6f8aE5F4098713078,0,79.27056979143971
0x42e73dAdD3035B6Bf15e33197Bf704cB6109E8A4,0,77.40460260164505
0xd67943061f3452F802C2350032a8dd8a494d4974,0,73.18162422474134
0x6630Aa890081A0eA633876860e1409ba003F1D4C,0,79.07415219251396
0xBA095fEbdCefC46A61e5e597D5EF242e7C7Fb83e,0,76.12788820862765
0x9b991d2A485ccdA5c44A2f9CAd87BBBa3a829BC7,0,73.7708770215186
0xbB55168Ade7dbCEB4b7e46AC23f83924cF6a1b0E,0,81.62758097854876
0x8b0D30B3369a05d6e51042b973ab496a464bDe8D,0,78.8777345935882
0x359cFb1aa8Eb205f2E807818fFB2BE747aa80332,0,73.7708770215186
0xeCF28cDC95b109812CCbe70cCd306d248b0083F2,0,72.69058022742695
0x41eE7Bcf76B3fFC22328Cd8f130d93E676D1fd7c,0,72.78878902688983
0x954a1d755CA89123B5bAC28697a4adC998a71d02,0,79.66340498929122
0x4Ebd91Ae714900A23300ba2666Fe50169d1E70A9,0,76.61893220594203
0x06646eB23D5AD0C8167C90a3c82376273abd354c,0,81.72578977801165
0xcC15986D672cb70563c5335E1fF4E2a667a9a272,0,81.431163379623
0x74984954CbA1c74fc7bffa6441E689e68762A6D4,0,75.53863541185038
0x1c8E98A5a0240964fCbC24Bdc16520f773Ae6be1,0,80.1544489866056
0x82E809C5E721EfA274c99dC5e0743b2F14C8aDE9,0,80.94011938230862
0x9905De9178B69c8b97A5806cD15BCD0Dd1da7beb,0,78.48489939573669
0x221781490fE4484731Ea1C33249bC9741C2122dc,0,23.78259809491417
0x2A9477aC90485bAaB4531444EC414fc380944b16,0,72.69058022742695
0x0495238505a14d976aF66e689F2581918cd14881,0,76.3243058075534
0xaCC9E203354aD9771c364C099Eec2E230cDCe3d3,0,73.57445942259284
0x15943eE200E939BD37d568C0D55181BbF91162C6,0,73.86908582098147
0x82b579f8541835eF066218E02c88ba34e1643F01,0,77.99385539842231
0x89Dc14500380aC6EEE88f34e6B9Af0a9eD1C8d2B,0,80.84191058284574
0x670B805f9956092a23c38d6b31cE92DE09F0BB2F,0,78.77952579412533
0x54FF5c84e7f60F18EFF45d3A994A9cd6d2FC7f92,0,79.95803138767985
0xa58e0Eb9be03f1D7FEd3a91440ecF3D269511f11,0,75.44042661238751
0x1b4F48Ac86242bb12dd14aFc5488B4B832e0997e,0,80.94011938230862
0x69674F3543d0eeFF5a94f5F850Dd72Fe5899Fb12,0,72.78878902688983
0x2138e08a559C0761B36D434b4bbefE0CB82586c4,0,74.65475621668449
0x72d8a702896B1e69497a180606fdab67e835c62d,0,74.75296501614737
0x7eaE80C95F0119CD3f23BDB04F6a31B2f585fE69,0,80.44907538499423
0x40649f69AD7445EA8B9DE850c3c966E8d5d7389C,0,80.64549298392
0x4dCe88c831C5047EA17260c5E94503E9B55D6C57,0,81.33295458016013
0x199A2f8222540c65705fAE17eC49C72a8Ff87d4c,0,79.66340498929122
0xe0e388C4956Db63082189B7Fcf59eDcA412A4f31,0,77.40460260164505
0x011ae65b6937c6b4C544fBF1EEe7b70fC1b8b97f,0,80.74370178338287
0x71cF3E7dFf7Aea9DbAB2F6CF9b47CCE71b0c5C6a,0,80.35086658553136
0xeA53467DEC1f3d53A44C3A3a0D8db5903F430d61,0,73.27983302420421
0x07d3E88d1CaE4D85048B6f9579A88CE110C1E8D2,0,80.44907538499423
0x15eC394E1AB153239911E758A3687e7bd0f3bdcE,0,76.71714100540491
0xf27FdBEf819e5603a655962e6E6264a2cd2e1578,0,79.95803138767985
0xb2F1A11414E00ed5A08594bfb2Fc51126b630BB0,0,76.91355860433066
0x9Cbc691A0fA0ba9c08941e03e6AB50dD929A730c,0,78.38669059627382
0x979ED1ed778EC60C418748C08085216bfA90D646,0,78.68131699466245
0xBE5bC3a55A3848ea2361Abf935e57CE6A4D6C62F,0,75.63684421131326
0x2c470C00f00920b9Ac01aB38DC660658BE7FD914,0,75.047591414536
0xa0AfE3fDBD673Ef35990b07Bf4e406c1f020BF4C,0,73.08341542527846
0xf824A1c01ca239B0a018026a79B38f24Bd82c09F,0,79.46698739036546
0x51969a3c07f42FF6868373b371504781b77d262A,0,80.94011938230862
0xFA5Dc0Ec86f3622e6e13d2DC0D961B5d519757a8,0,73.96729462044435
0x196cd7567944C4F3fdF632DdC0e147DE2711b3A7,0,81.0383281817715
0x974E1c06Fd3575CC942eDdc2DdDFd7495B2e832b,0,72.39595382903832
0x229c2E860B1e1A7D385aF9051bAa15CA86Ff1034,0,81.62758097854876
0x99F2C3A8B470567d1b741298BEBeA3358E1a180a,0,76.42251460701628
0x54AA75E587c0391b3CD6eeFB457f2A1EFafF2d3F,0,78.28848179681094
0xb6b64c26A12d686b5c04B126bcE24f3385aC745F,0,72.8869978263527
0x33edE2bB8A373A0a9d1528519F91b902054eAA8e,0,81.72578977801165
0x8889d576ea33f5cC82e4B297c7aA7CC8771D9960,0,74.45833861775874
0x0F5EdE16B1a2e3bB69d5b95cEeB5677DEe2A07aF,0,75.24400901346175
0x2BFb67feD2C2Cf70dc721665cf4658E5a25429a5,0,77.79743779949656
0x21C78534b45f6b0D29377a2aa7602dEC569666A7,0,81.52937217908588
0xDCbC7E42e130839D19D69410430A748079a3C40F,0,76.91355860433066
0x63b8024D0a0B49CBb75D6001D627F9033135fac4,0,79.27056979143971
0x7BC3d1be8A6A2b6D2899E4C5BA0164ba7F16E494,0,77.79743779949656
0xC74b5aff3e2292a990d641becC34Df00dF4AF13d,0,76.3243058075534
0x7E67779eefa085D6c0AA1d47414156543Bf94B24,0,81.82399857747451
0xA239258B439cf73Ac054697dffe9fAD0c2D8A25f,0,73.7708770215186
0x55A84FEeA21e33Ff774E66Ee6D4650987903C5D4,0,73.37804182366709
0xa6719cE07Bca3f05816146FCcD4b6B9b69d520BE,0,79.7616137887541
0xf22e24a4Aeaa6766111DA180c2AFA1fD5B7080eC,0,77.99385539842231
0x4566CaaA1192f9723BBd5C211c1dC907D6CCaC0d,0,80.74370178338287
0x5cc6C7696dE8e29f18BdfA87E42BEf363CFE1879,0,78.58310819519957
0x6EFFa1eAC6cE6fEd2b3adabFb42cdFE722a58491,0,78.77952579412533
0xD7761c9BED73EdC5A78745a5187F426930eEb9EC,0,76.81534980486778
0x13a69aA36972cb9fb7bb07d6941EF9A9103E5d73,0,77.89564659895943
0xF62e45E210177604Db1a45C0c4a31c608947bb94,0,72.39595382903832
0x6E77E870a7123eaf72421e22E0b61cAC0c891De9,0,73.27983302420421
0x322cC4d4E35B08c9260D73f41B1cf84bf69B2B28,0,72.39595382903832
0x1884E19eC34AcD18a1598eCb0881678B41A172A7,0,79.27056979143971
0x79E4f485155bf57C132A1E23A1A49D6CF9bc5d15,0,74.55654741722161
0x1DA7Df6E577C6E0C481d817bB157F8aFdDc8A2ED,0,79.27056979143971
0xf021e312b2f3bc7D2280B75BF0236c42E882F60b,0,77.79743779949656
0xC32d8c75c2Cc49810B20b4296925d30ceC00CFa7,0,77.01176740379354
0x8DB0B3Ff41718551A86D9C6CC23e0659F79D445a,0,72.8869978263527
0xa609f5eE48fC1bB4E1063Cb51DcDE7d532Ce7D18,0,74.55654741722161
0x29a6220F7Cde1187EAB3a1fb3202D9519797329d,0,79.66340498929122
0xDbB6d62Db081D6B556F6ED0c8267E1AFb5876e79,0,72.69058022742695
0x6e7816231723c4e4CA7cd4DE3774FbA1F16180cA,0,80.94011938230862
0x053F472C7F06b7530Dd3702768955cB6311e4B6A,0,74.55654741722161
0x6923a7Ea09eA4E01c195F8Dd27ECDA009E2DB692,0,74.55654741722161
0x43Ed1c5C1ef8D207eF5BF22eddf20a3c8DA69093,0,81.52937217908588
0xFAa130EBC80C17f296F1116f758c5fA33ba36121,0,75.63684421131326
0x74a8676d05558EFB47EB3fA5F0B037BB886E3cB6,0,81.9222073769374
0xcd2B37c38F8F37Cb6F5eb86a0459a0cC84D0F73F,0,72.8869978263527
0x521D439D4b1f1Df9D9a50811DC61f152b072558c,0,76.3243058075534
0x366e90D5185A5480247dD66f709dE8958Ad23c5f,0,72.4941626285012
0x05487F0Ab759365518700484d3E1C74b8C74528b,0,74.85117381561024
0x332b5c30B37143BE685F7E6976975eA254e6e54E,0,78.28848179681094
0xe81725A9f9a92c1953d15336E2b92eEB48cC2084,0,73.96729462044435
0x896eE106202447D824f788618E1Dc3D1803634E8,0,76.71714100540491
0x697aAC72fa895ee0Ef754c37F96F180C5f2Fcc7f,0,76.3243058075534
0x0086EE9e8F636eBc46ADA6Dc0eB2D50424a2D134,0,73.7708770215186
0x8b8b9C851B345E30A7d09509B4C934965207e8b0,0,72.29774502957544
0xDd3BDf4628D1e4D9c868Dfc97830879193ae85c8,0,77.40460260164505
0x2b3Edd3237C0cDDB27f748Cf1854b5245aF30db7,0,77.30639380218217
0xaDd526f52e51FC3f8d0F8037AA6f82725052251d,0,80.25265778606848
0x49a70ebf11a2Fd967357C5adFE378d92B642008E,0,77.89564659895943
0x57713163a2a16EEABF991EAb0ff73C1A2596c9A4,0,77.20818500271929
0x9dA0a86CA42ED89825dbC2e61E9945eE6E9F6Dec,0,73.08341542527846
0x5aAB175C5b396adC583A15FCE5B929BE85D54Ad1,0,73.7708770215186
0xD4bd87409d646Cd6bF7A3f2A7a70081A9C0C68C8,0,74.65475621668449
0x937D03cEf6cb8E61CFFC08dB7c623ACA905B3309,0,79.3687785909026
0x626f6F0Ac79bD80cB8D6aa2b384247893aBf67ca,0,79.85982258821697
0xb12D6628C609F9251C1A77edB8a57787a8E3B6Ad,0,77.10997620325642
0x4E285AC5E0bA4d8a1E6e96c79Cb68B96D449d0CD,0,80.54728418445711
0x1c27D67038c0337eb09F1FBAD33c16c6D0D3a173,0,79.7616137887541
0x7eeCcF82b8aFFa465e33aE73e55FEE02e9F439E7,0,72.69058022742695
0xCCc172e376ebCfF4a41C8caA2E56a96061b45ECD,0,78.0920641978852
0xa78E8BA8eAf8632765814d195F74535C0D882F3C,0,79.3687785909026
0x77Ca188d7c2D7A33bD7083df9D46448740EC51B1,0,78.8777345935882
0x538Cf8C726fC5229EC2A1Eef56f21147e6059BDD,0,81.0383281817715
0x3960aD25E0CB42ecfA036E3376bfD56197B4b23e,0,73.27983302420421
0xc046a283B6C9c95451524f66823a818c36437aE7,0,73.57445942259284
0xd224f63ca68Af65a27117cd97ddC6758384b3526,0,74.65475621668449
0x9346eb4259797FdF35fE945C1390CC41e1E47D45,0,74.26192101883298
0x2Ab917B5d09cb18e7eaeA1F7011A2c710865Fdea,0,77.89564659895943
0x9629D24B028Ef8a70BE41Ff2d9BB49146287e118,0,77.01176740379354
0x949FE17A714D6bb9d1CA3CBEe9CA77978A4D778b,0,76.22609700809052
0x4D2f9F4bA71B24b7bB2d7945BA4717415cB4DfB5,0,74.36012981829586
0x9331b0DE7eAA7d15f380f25238cD65aEfdFc4F77,0,81.82399857747451
0x5626CFc28aBC7E9B5cBe399F48CD29D8C8f554be,0,78.38669059627382
0x7b050c5fe70fe8909d0b5F5C99E23C233ACA84D1,0,79.07415219251396
0x4edB87E34183F046bA302a16a1b83D088647B268,0,74.75296501614737
0x489e7097394f05dBD87Ae4F57cb92eC8549C6CFB,0,72.78878902688983
0x814DA1eFE0A37E2d235c4B8Af1095a6F2aE0E22c,0,75.34221781292463
0xdeEeBa10745f6955BBD12A5fd496622174dFADBd,0,80.1544489866056
0x29C1A223533442e39F127a005473fa3610FA2060,0,73.86908582098147
0x4b59291DCb19e703a6DcEc1dA7a23a782Bc5EDad,0,81.431163379623
0x0F9C385432d4916AD85474F1e01518377CB84636,0,79.07415219251396
0x98316bE013b21944C15Cc2703e82e99a05433424,0,80.94011938230862
0x6C0BDaFDdFC3Cb8a9CB2898E49cC48e7b1eAfBCB,0,77.89564659895943
0xAd8C4Bf78Bc7F14eE803EF1131c8fE5E28b27E52,0,80.64549298392
0xFb1e0541fBA2d327B3583DAb720e882255808AD9,0,73.37804182366709
0xEDb43Ad2143C74eC625d3dC97408e324e2E5320f,0,76.71714100540491
0x7e4425412c2414F834E48055b5940a225044e3F2,0,77.50281140110792
0x401bf419D7a48E5A381a36Abd5Ee1C69Ed6AfFCD,0,79.95803138767985
0xFF129ab063192BA724D5D99364fAD650B8ed6b01,0,81.13653698123437
0xA421F8108c708800a5c39135e87f55FEa66d1A50,0,81.0383281817715
0xAa23839324eD1690AFcA07244e1436477B1C7481,0,77.10997620325642
0xfD6597C6e01918bd9275184d85Eac4062ee34Cf3,0,73.47625062312997
0x8B8fb71516b32689Af0DFb2dC5ee90d6bE58F694,0,78.0920641978852
0xC6fEf3Ac4fdA1a61d4347F4C0ee485B1871F5006,0,76.3243058075534
0x8E17C8a44c9437425e9B3C7F9CCEaC600f81F66F,0,77.99385539842231
0x5bF44490aa0dA78F0bb519a8fc4536417107eaC8,0,81.82399857747451
0xe7791faD0f28E78e67A367A39D6112B54a63Fb37,0,73.96729462044435
0xCABDBEDc193fc039A0A30081D85ff8Ef324FB934,0,76.91355860433066
0xAb0302CF94297d5d1A50551734D24315Da2F4773,0,78.48489939573669
0x45416F68FF9664fBd1F63422d678BFa1bab430b2,0,74.55654741722161
0xc7C9Ec278f5fB8b26944e9CCe4143Fb9285CeD36,0,77.6010202005708
0x6Ef3085F77fd0cF6a756bb2d1585E16C5D004650,0,76.42251460701628
0xa811649A2bAF9A48E0501A19247Eb5daD165EB5E,0,13.961718148626462
0x1F70E1b6a688d1Cd7C79aCEAE0Ab47ab0E0ba5D6,0,74.26192101883298
0x8CEA49c6AE67512C8eF597582FeF8DC18EF13FB5,0,76.52072340647915
0xAAD8e10c975F97F87A6e4fA077EE7456a06c0a62,0,77.40460260164505
0x0763622822832B7e6777a4Cbc855F0b59348B4CA,0,81.62758097854876
0x397a07dd80f47d044B7Be0ebc1baB6BAc7F2029c,0,72.29774502957544
0x43728E11aB14A95b20628d5a870bD9Ed501629C7,0,77.40460260164505
0x3492737aBbc8249Fd50bF8ceb80900deeeC3bb0a,0,77.01176740379354
0xdF205e603Be5F51e8D0eF1Ef0710388dE6E87E19,0,80.25265778606848
0xb67d7952689A6192De6211bAd7FFf3401106472D,0,76.42251460701628
0x71B91d9c468C633673E85C575D62Ea12eC33AE29,0,77.50281140110792
0x50203c07224405aa3c1058387eA7BF72fCC540F0,0,79.85982258821697
0xe0d259Cdee70591a0a4b576cAC51444C92044809,0,82.51146017371465
0x5a9bbca0a5bA158490975B478987C87A5C8F0301,0,79.66340498929122
0x28Fc3F09663F28a6EDd38Db70ef2A1703A83c6db,0,86.43981215222973
0xe5bE05Ed11427DAcCfd9E3B05d90E545cf196730,0,86.43981215222973
0xE120B493b0aE9fc5a2dFA3E639138Ff642480c2B,0,83.5917569678063
0xC39267D3bFa9762F17c8a8b5fC0743454C86ae4e,0,84.96668016028659
0xd88926a7bCa4E13c890Ffa0D495316346b261c8d,0,86.43981215222973
0x7E78cAa597D62FacBE3867d3CCAE279C1b835119,0,80.35086658553136
0x0C10C90069C7FFc914F28A538e4A9A02bfC53fea,0,75.73505301077614
0x9B0723b1232fcead6a32CB4B3A551A0A57a8f48C,0,80.25265778606848
0x2A82D21b5FB7EEBF225B7cf3E877cEe1652145B4,0,0
0x4530235362B1E01A0B8c752AD2b10ea2031b318E,0,0
0x0657cd34Aba75Ae7382EE788D1427fbBb2453Ab6,0,0
0x44fC7C5dbcF1C40B4546571453157FD52Bf08195,0,0
0x74F1BdEB3A50E61453701D0A3c3Bf28D2535Ff81,0,0
0xFa65A1319481bF066E34C8cD42fcd0fb0C8f1F19,0,0
0x0f3B43583f9b420308A8C24cBc174B576914D819,0,0
0x3ac8bfa9B988ff7E6132Ec7C780246ace8C3E701,0,0
0xF041BdD2Fa404192399a9A3441228DEA87e1b69c,0,0
0xb100A41779BEE3FEAccb7E690f0ace5A3287A0F2,0,0
0xc9894B39ca702dE427d92A9DB008Ea9A22CF5d37,0,0
0x2a8Bd3699e6F89cE0A8f3216c68EF2BFfe74b9cC,0,0
0xeF1BBb7723280c7272304303507059b276A2caD2,0,0
0x59c8A67f9665F6278e919962F025b89B724702Fb,0,0
0x17500D97BA6FcDCAabCC397D61EB0E55eBBcBd20,0,0
0xD4589f5B6450626181FEE1D1Ef519F4Ae11ceffB,0,0
0xB02797F4474E3c40Bd0Cc3700B4196754B0a1d0e,0,0
0xC382015c8Bd7a80598E2d60630F33b3492A09eD4,0,0
0x8D5297E554A0189F6Ff1D2E8f8aC86a042B84907,0,0
0x784437acA3298c074b055a91B8A1b7e38c004Ccc,0,0
0x303FB823bb4f641E7a06d5fA0642D9C6Ac2fEFCC,0,0
0xc4258ec77A6Be391226013183772Adb331f88d96,0,0
0x6311cC5fC59E0beCfe1d7a88E6D8b74D368ba566,0,0
0x8731d038540e32Dd10589350C4B4dA3891B88F5C,0,0
0xD0018CCbdBf2c72387539572a08c287Ca5beEb20,0,0
0x6d722C840c26fcF6c03dfDb2947CabF3BCDbFf0e,0,0
0x165b50feab485b872fB18879bf0cd218EC687685,0,0
0x890dB2d54088afcc391733C6a06305CE26D4E189,0,0
0x2996e991E5271b02b452CEA4201BBF89Ea70354b,0,0
0xe088507d6BF89354ad462449C1cf94FeFDE40179,0,0
0xbE52d26ED0A4e2eB354608956C1435f0a6898f8d,0,0
0x1c784f38D8D51A57526338574B339853d32CFF0F,0,0
0xDe56BE9009953afc91430C967a9F70d82A0D2544,0,0
0x34E98DDae77877bf9ab51252e2c258657247d3b1,0,0
0xD0267b428e28d3a6Fd27dD0B290B2E5F7475a0AE,0,168.12327821648765
0x05d005Fe700b61693aFf0A0c938E5Ef9925fa61D,0,168.1763875172531
0x2DD303E2f5Dea0A911fD0a40FDf472d7c7d18fA6,0,168.1287728374
0x36580763aB66eC819a31E0dc26E2a2A127e713c0,0,168.01283743
0xA2976aA5a70EeF6C7FC552e6A9e4835ca86eD9c6,0,168.012423
0x0131CADEDEa1E60469eE407D2A3619094A646340,0,168.018427472
0x9D722952F93d9c83669c0B94ABEdb3F5696c7Cc6,0,168.084378
0x12f19d1E690D0Cd09F818E088df891FBCc001Ae7,0,168.0140751098
0xeaC00610D63F0c5ba9ecE6Bda80A59feB82038EF,0,168.000121435
0x7A990DCf5AB673c76bfF90c6b514d244B0303E71,0,168.0019857327
0xbbd0592Fc8e3bf0F4F0e6a70C3A987E95cC41721,0,168.001728735
0x607d074c7fCAB80C31fB632d721Aa514F3A9DDE4,0,168.00134667
0xB91bD81b3cA1b3b7e0F58408c7C136F3375fE787,0,168.0098698575
0x36E45A5eaD01b659f62869C4bf77d3266Fd12e8C,0,168.00343538248
0x447e850d468D082A1A3C2a18c2a066b33995c961,0,168.003436983
0x56f94F2ecEB220255508813781Da44DBED5b5fD8,0,168.001939823587
0x66dfEAF594c3bB6163Fc3B290D33d4E0ADee9af8,0,168.003287436758
0x0b9247201182f4a55b208D44Bd6264f99B372D9f,0,168.00387759334
0x79F67a508b4C05DC6Bf3e3cE3D93FaeE8A140804,0,168.01298484783246
0xfafD97d2dFc05321E9a1B7d0c6E9619DB6dC9680,0,168.00943485348532
0x38dE872D29FB8E67D5DE2A06EA76367a0B3869Cd,0,0
0xA5704a657167436567AA9Bd3F91144DF3e785563,0,0
0xB5FDF7786350C2CEFBEaC2b02767CA3a6D5F402e,0,0
0x11D8Ee444617AbAAcFf2DDB811b3044179992D41,0,0
0x8A896affe4ad8fF6D9Ffd5cC3ACc282Fb7F75EBF,0,0
0xc62d664e32dA728Db2099910B6d2aADF40C884a0,0,0
0x135968fC3cb2AB03305653b3Fd4D66e3E31C3b34,0,0
0x087fF7c29139c908B81478985f0c062F5Ad474BE,0,0
0xcb7a6bc3b6E87e80Bcc3c1C94A0eeF610e101109,0,0
0x68B3B2183AD4dB963E54DA3598AF6dd19A495C82,0,0
0xbce2B5faC43B614170F34D964c383db0A9068EDf,0,0
0xC344EE94078914Cc7546F6773a1f7A808A7FB11f,0,0
0x12800531ECdD8E3BD4Cefd11af1a3519F8ec5B82,0,0
0xA1B2ebe5bCf1ADBf45600A5c8FE301e73993e14c,0,0
0x2d91099b60fBf6132d508bF610eAE3b511278269,0,0
0xc652C65dab4B63710bb450ef5A99a5f4d4B64236,0,0
0xD866cAFa01e68E8F7B32939E42fC8F42BD637749,0,0
0x2b6d312CA5e6d167944620152B1f8bFdB3E59Db3,0,0
0x21811403008Aa898541e8A583c246d057a77788c,0,0
0xaFed510674E02061F81cA4Adf2733847707F141a,0,0
0x2DF18ce1081A5011f5259A6b9822415599B4e231,0,0
0x601b05518a7Ec5619F8Fa405782D93DF4CF126e0,0,0
0x3ef58b4888256Ecc97D2BbF420E902b92FfA2511,0,0
0x4Eef82F3CD974f651862A2f128A6f5d912E099BE,0,0
0xA068b8eD9A82c7f8bCee916475225B04F239026d,0,0
0x7F48D3Aa981419751fe4c511d8133754cCB591e0,0,0
0x45441b1aEE0a51F638d0162a6Bf1fa89713F110F,0,0
0x7a81a2F39E46f0D3A475524fd8328F4B448a8Af4,0,0
0xf787F0Cb542FA8eeE2274B95e0b4Ec8F4B708A5B,0,0
0xf169063894FB6b865611c2732D062E4b3DAE90ec,0,0
0x088507F433e1E83DFC93E83352c3EBb8a9d4E7A7,0,0
0x54ededC7C112041da68d2ad5C629EfA10eC69B04,0,0
0x6E5630af6fB5e7b5695CeF7edB66f5bbB27D019F,0,0
0xA7E1f8cDdd35BFE223833960be16511d2f4a8060,0,0
0xF9eFB1d5e667099121552dd54d5D633dce04900E,0,0
0x41e41441b60B7EBcEE8da6a8e633be1f3dA6cd32,0,0
0xb9Cfc7869f61CD724484ef1B8a4dab648D86c50D,0,0
0xFacc0a8f24aaD3692d45F694D0D39943812cD819,0,0
0x3cb803848149aB4e0103A63019C7aB5CAa837ab1,0,0
0xDBE56E1668E8362D89734E355F9C6EBA465A9900,0,0
0x9cE7183798D917dd8b26CD047ad4c03aCE1eF346,0,0
0x0A69512976a924AeAcFd84079EDbE97CBdEfa8dd,0,0
0x46D196870164Fd4B3b58aDb5a5288bD2294676Fe,0,0
0xA76392fDbcdE3A329dBFB92A985aC0F3Cd025287,0,0
0x2f313A0e53240852aF5D88b2478b5654FcdfDFe9,0,0
0xd33952d3C45b0df793Cb85Ae7F69da60f6cd2267,0,0
0x17F6D12436d67626e44bcE2f1C2f91A5854B30a0,0,0
0x2B00eb2E81c5b82c3115c71D91DA95200bC7ecBf,0,0
0xCC1232FB47C3CddCC41d41C69a18Bbe17AA4F87d,0,0
0x45fF5FA1B9A4fFAC7EA15fdA93DdC3f7466986c2,0,0
0xd1edB40ECFb74A0c350774E26B0e4755590559dd,0,0
0x597d52367492eF3D759529AD40D3f04493F797f4,0,0
0x3BE47046c9859b4F794ba11038E2EAAcDC989C54,0,0
0x2Ea75Bf697Ca2A27f59C3C1e33CC1c028dF42F51,0,0
0x2D2B8A4416468C5d99229c921227F2D5D0086e26,0,0
0x8EfC369C219AE55B37D81b1f21584C7829923F11,0,0
0x7EfcE3948EE02DfD9ceA4379BCb4180CDF2d6C06,0,0
0x7AC17E67d38ca2e6a7B2602Bd21f781D44Dfe8F7,0,0
0x68144715FdE2B68DaC0Eb22EA3ad6cf505e9365b,0,0
0xa9C1aB51b675D504Ed5088B2ad7420185Fa92b59,0,0
0x9eCFcB58f80AC84D7a349d863Ba538204fC4c27d,0,0
0xA227C004FdaB694418c26be4178e0F1aDd16746a,0,0
0x81828487A6db3ee0A04f9E85Fdde2acBE266E693,0,0
0x0921131d83186430F0422cbA53dFe796B0c9070e,0,0
0x0D33Ba90E471823cf3662a11535800BC55560020,0,0
0xCC29089C863d34a944148A5404FCfA103db3ce3A,0,0
0x09E6eC641A1063f74203c22a5d971c00d307853b,0,0
0xf9349a2e3cD2A6150b9D41E910385Ce870D7f839,0,0
0x60c238ac1fBf57DB8B273F6F55D061A426a95569,0,0
0x640930E86c4eBB490f556de17759d00b43AB5279,0,0
0x983C45261a415699c76bFc62da595e04DF708bAb,0,0
0x14eB19e6df56bB331d83D28A62461FF48178E1f5,0,0
0x1E752261a0827151686BD83fe613FD916B38b4Cd,0,0
0xcaa2f2E5eE6d5ECffb6907D079e7036a4ec355fd,0,0
0x7eca81DEEA9AC379954a1cCaB8158aDE747d1a01,0,0
0x4B9CA388cB87c99788a5aDCD85b39019292d962C,0,0
0x453aD014087c23796bC42A01C8BacC1a65f3185d,0,0
0xf4e6c697EA6D13AcA0061d8A2018707287EA9474,0,0
0xeA0356d0F084015EDfD1f437Bf5ED0BbfC16Dc16,0,0
0x8451A01d09928125d45954904cbFb62E50C2a9c2,0,0
0x25EE5d7aF43EFC0EB33E7124F819d453C7bfaa11,0,0
0xe15d8223e98bEc22620554F8cb0De0324E715D33,0,0
0x7eAB457175F94217340fC1673E4df7eA11878866,0,0
0x7c3e564d8Fe1b1B591Fba0876c2952DAbAC7f150,0,0
0x6c588330a9AD95ba40a899DCf1ac4EAD63F9a54E,0,0
0xb2996374b107c7d68bAac348Ea56cE4Cd084E165,0,0
0x58e77C70272E2b088Bd5707cA7B7167859DC9d35,0,0
0x1088165F4E53ed78eBD6791A27111bc85eA46B6d,0,0
0x43e88728b4f948dE91502D8C547De7d262127069,0,0
0xd2E35580C6b8EB4550F340017D46ea4448a06074,0,0
0x780767Bd81a30609AFE181260a1FB113E8ba2536,0,0
0x7AeC5Ec1bdF741E0a9918E181A175FBa55b3e53a,0,0
0x69E2BAbCC416A035B9788934519E9b2eb72e23A5,0,0
0x1E59C1e6a3f9a995D87DA9B2262e8a13227A1802,0,0
0xdB5a65735c03d23f2cAB5835a3c634FE4c3eA030,0,0
0x1c03dBA925b3872957d28d4D3da9251d78A95317,0,0
0xC19b1980402154e99e9251C58E4cfAdE1f45E3FA,0,0
0xB82FC851A13A2DBa6F142FF040cB81eE4FbFe028,0,0
0x13748377f354B2b4d45a321570a77Aa81DDc47A4,0,0
0x49e8CF1D4E47C86F86eE572394f56F1885116d9c,0,0
0x85ff14f9F349aD6ca841502b6d10a540532A0758,0,0
0x96fFbb631b386C901f235f401c5BDe7619dA06BD,0,0
0x4e6Fc16dbDCF0d6CD37aa21FBa9006e1bEbD5785,0,0
0x7E1bC2d071CFf8dE0A6691b9342BDded2395451f,0,0
0xE87741363DD3A12197466051dB02D6C61D5880d4,0,0
0xAbB04Ea3e6312a46790284301304705Bfc7FAC16,0,0
0x14B9bBf5F72D176820765810EBeBA3E42A5b219c,0,0
0x02271c4A9efDdC866E503c23d8A36f9F54Fb0139,0,0
0xE112dEBBB46597A2E31f4894B21ea98BDF785D70,0,0
0xE224b960916492Cf07D69EE32EaC056509535Dfe,0,0
0x2D6Cc3e81ae251fe7e0f78668151448A65333a69,0,0
0x0Dfbb813E58b1F8f2C766968BD1614b0FAE7BBe2,0,0
0x7054197b61Db4AC961290aC7d607899908eAd2D6,0,0
0x8E319e63Befc3232ba176615962b449cb0f60E44,0,0
0xD86398ff6D0bcDE147df620f39d085560a2C522a,0,0
0x3780FF9dCbf455B58B833ECA66Db7cC128f0f46d,0,0
0x1A5D75b2A80C1C2069776b931aB849683f039eBC,0,0
0x9e09E1753662E8B407Ade867d0379c6F120d75e8,0,0
0x411255e8335158D6d3F0c890c702D1AB4fE220fA,0,0
0x98D4DF098aa1cF470c4694d4A95A7A214e948fB1,0,0
0xC7A6b1eF4658f3108553769cA4D951413BEE1886,0,0
0x744f0Cd256E4F60853E5c790Bb9e52CE53a2F5Bd,0,0
0xc51446ea2BB147e380e25EE41558C08A24F95847,0,0
0x2997f48A408e8E202662cc86BA3aC2C356FFe5d1,0,0
0x3743aacc1E3Db93816f398FE3A88fd900aa1e4DE,0,0
0x1E1F9D444897186346212315108cbb5e474CD1b9,0,0
0xDD87678307ACb22251ADBc67F2919353EF492dB9,0,0
0x605c92C03dAB1BE68d409e84DA011f8013d7e903,0,0
0xf5A821eF47BF39510D54C4F8dDDc91788D1D7491,0,0
0x93EDCD43F9c0d293446aC8ff94d687baA49aA306,0,0
0xeED92d5fD8D9B86d3Db58354b29C33C282Cb69aA,0,0
0x8058f2721c7D189dF114F0BA161606a842f70efa,0,0
0xCC4528218FC0A779C54Bda8150815076EdD6Fcd9,0,0
0x79C2BE5874472457f446e4F31895985BB99D2D94,0,0
0xcBE96D3abcCBf0819D8Fb78D1299837ae6acA678,0,0
0x87FC2DffB831E990D375DC811397a1cb1f9a0681,0,0
0x0DdfB0230f637A0f96364f5eD5B73A12F0D44dfe,0,0
0x5aDaDFAFB5dF8DeA3000AFE2BE6AA76F36f47583,0,0
0xe45039047DE9756859686F076dD54C419f7c63F9,0,0
0x42F828faE253b6475e80fCDd53AC932E3220fA7F,0,0
0x511642E0050559B730a8E5F77bc24f0Ba4Df475a,0,0
0x5AbA27D5719049C1Bb912D133903f4ecb654F9e5,0,0
0xE4E8fCd9d3109602c0574B122f5E6C87BdF9A5C0,0,0
0x4313cf2927b77Eb7a47130F58aF7a661491395e7,0,0
0xF17A676cBCec95C05Dd99E723f529E2C7c69e4c2,0,0
0x105D209bF97D3a45D191dF06e50a623130A7EC54,0,0
0x7d038778B04B7Fa89D29663277A9d1Ebcc4cdDFb,0,0
0x661615bEA7C9f4f3bEFE92251C5ce81bD266294d,0,0
0x9433Ddf002aC3CF5A00c126369f7e55fB5EDD034,0,0
0xdBE069B2086282c24BF5B0CeB49b5288A235d974,0,0
0x2ff6100D5B7d98eFCF4E579Dc6448d0E123755F1,0,0
0x4c594095deabbCbdC231AD64C8a913421478e968,0,0
0xd6Da182d713a30c72Eb654D68E76A6b36b0df29A,0,0
0xa7d4Ac7bDC260B26427Cd25F3F40469EbbA71eDf,0,0
0x626A461E8E0Dd054C1F6EF2148F0d979F9C91556,0,0
0x4Ae82690Ce36ed775E7BEEe32b6e1B74345181e6,0,0
0x37f9F707386a9688C07A87283194dd01A2DD89F5,0,0
0x1272a80219C21B521945B1c155Ba81F550819144,0,0
0x0b7d4A2Ce140c368C6f11Dbf95AB790051347E84,0,0
0x128A2Ffa0981CFb54482960FcBc6a9C75E38514d,0,0
0xcB20BedB102Dd14F96D6C72d814824aDd4917AF1,0,0
0xC3B912CE4A68e73f3016b31879B9399BBE2E375b,0,0
0x3D89fa13AbD4ae346B6f50a28fAB826c1b2c354e,0,0
0x6B6EFBe492D6f94b548f0ad537cF11645DC6F99b,0,0
0x0387eBAb17246C978383453dDD4ac062025Ee047,0,0
0x8c92E160CAa0Db173dfaCec6362e30bC5bDC1322,0,0
0xf9254BE8cC2cC53Bba6DE7dE11fBb62a705D83c2,0,0
0x70771a59F46597Beb98C93324C188180be93c672,0,0
0xC79186B69959f4FE8D62887FdF18480D3971c69e,0,0
0x2B305697EE09248E9662Fd4Fcac4139eE6Fd72c2,0,0
0xE866692B4F0C5447Ee772018Eb2b041731a0448f,0,0
0x93F3d426B41d7eBF2209610eb21EE76d90A2e1E3,0,0
0xC3a7fE3d62FCd11701519985DADD68B6c5265FF9,0,0
0x16e9286930d3f9e7267817472fB81F7A8cBFBC09,0,0
0xE1512262dfb586238dDC0f1b8550cff6563AE247,0,0
0xF8F79c71AD1e1821332a6202fC96196f6BEF4FC3,0,0
0xEFa20151FEf7C09CE744071742f7A415bc46a7db,0,0
0xfF39C31901bfaA2Ae1E81989271E92Cc179d5c58,0,0
0x9A1A8d00cD0C471B4cEdd3BF6269e6D38CF4888a,0,0
0xE69264d037800671B3b1e8963e39e8fA9d059a53,0,0
0x52e9e32DE1Ebb96374B79bEF41E68001E13BE45F,0,0
0xFFF083570C860FAa16eca1236582F8F7117631cB,0,0
0x035A85F3735d333B229A132A89C3301134E86Ed0,0,0
0x912C0B457f06b0cb5e26389BeF3fB58b3cF1BF16,0,0
0xCcB4dCDa9B17090763BffA48b3D2E5cc080ffEb3,0,0
0x8538B25C26407a8B6ECf31F759E72DE96d529a62,0,0
0xDEBE94949b3a897Ac246fb7BA88C04C002841240,0,0
0x78DaF73e922fF1B837e3746F321AF0236d525BaD,0,0
0x8e311834FA68D63FDBa9939F30C690e8b94C32CC,0,0
0x638543AB5B9E3B14BdfB9221Df59F7e0D515A7C2,0,0
0x4cf3adDDf66403Df8C61E4E82a0BE2420beEEa09,0,0
0xDa8f7e0042E07510772B8cbbD23162cEc12f4787,0,0
0x5634e7b3A4B71525Bf8EbfD6Ae180CB48D965Ae0,0,0
0xB1D3E038310FBE6669d798C402273E7405bF1aBA,0,0
0xc16D5AdE655Bb800a1459f82557e08C2d28A1B54,0,0
0xF8EFAd51a850B62756255e12257665D360b198f9,0,0
0x95199BbAF453fE0954C914Ec4c51aE36Fd757D60,0,0
0xf7DBa2d88f3E4E4C9B5EC69781b9c6BC9128b636,0,0
0xE6b7e4878AC8f3D15560fC03f55614F0a2ef60fE,0,0
0x50E10b5147845CEC24C32c411fCeC67F8A54384A,0,0
0x42344956a8FF11eD3859A26685dDCBC2766A7039,0,0
0xEbB85859b25BBE83E2dbB9b770DC45Aa87da7254,0,0
0x146BEf328f57c4399f9b14fFC6b2DF72eB2Ac438,0,0
0x31CFd23FB23f1CD74cd2B4d72cD943c359514C84,0,0
0x63406006eA01fecA7E904Ec19e0F87FC4b5fa532,0,0
0x7602B9694bf317f5F8ED48F1D1EF9723f7bd40BA,0,0
0xF2AC0FBEF2f20881bF22204B8C88C1751Bf1197D,0,0
0x1ed60D01C937B6eb7d194c9f71fAc941251D2D4D,0,0
0xc745C6Fde5803aAeAEB264487cb580b6a08a307F,0,0
0x2e9584cF2a5961Db0F612cfAaD75d0797ae42D75,0,0
0x4a30350CD847FBeC873C3a945199902701211a03,0,0
0x539548e568ba6beD8F86E0D059e19fa3b0946394,0,0
0x620D557dEAD9d923dE3658178C17e57f00C3f86d,0,0
0xcF0031C0618f05272c12aC12dbCA9119df0a8D58,0,0
0x7EC5FeBe9cEAb529723888Cf8DbF54D0A5179a67,0,0
0x0926a804a8c2c5F75421F891929caa7771486835,0,0
0xb9a3b7B72F6cE76e5503dBE92Fb1503510D87943,0,0
0xab3300bDF18B123A3C2E49b287D993856BF26FC3,0,0
0xb7020caA66a226728908F6959508d98c385cFef2,0,0
0x5Fc15FB1F788661Aa71Dea829E4D6C6334a806B9,0,0
0xD0EAB4dAec72C350aafF8e88c20Ce5CFF88015cA,0,0
0x541786dF6ccAdB6A74Eca61866B623ec51D30197,0,0
0x88b2D5Fb6F957e402747F26df9B94b3a5deA3AE1,0,0
0x5bD700910F5F178EFF054d24189Da034c3d6b50c,0,0
0xC7528cFe919564c7699bDBe591Fa2a1cC2Bf9Cae,0,0
0x2d3AF4Fe86E583eaeB66A825FD2E288e3d855F91,0,0
0x3a311E76FDbe2a169Dfa4c222ECAA6465358c120,0,0
0x8434a4696BC1cFA3Ee1eB80541c42969107dC56d,0,0
0x54a2A667c90f46D166379AfbDC2E8B9C980AE17E,0,0
0x3723856CfCf661D20985E5093187e28fEC240a16,0,0
0xb1a9d993579b5f81d37baD8443BEA337d59833eD,0,0
0x7B2FDaE8dd9bE685054AE933DD634C5C4A89840d,0,0
0xC1F7F44577c8f3b0a4181e7BD7Ee4f130d2E5b7d,0,0
0x2aFa17dcac7bb799847E8906562df6e6952EC829,0,0
0x0b8109A41D8bbED7968D29E54DFb8e86be820592,0,0
0x6B4755d2fa8554C43B96aF9e8724286DEE732eaA,0,0
0x4BE3EF75D9923D985e018b87B604AcAb6B88E38e,0,0
0x4Ffb384a3227964A6a49CEE6fD2c114423DA7D90,0,0
0x62dE61e99706cE65840EF3D108Bb8F3a7E6D4752,0,0
0xAfBf5191277D16AE59083C363394C0d22805783C,0,0
0xAA65B712a1185D47f7a08aAf6D9674184B44e692,0,0
0xa242D5Eaa5825C0b85345076F11912205bFc0CB5,0,0
0x75794fE2b74c17cee43fC88f5Cc7bd63944646c6,0,0
0xFBCaa5B17AD78B1C58d393f672533C0557c2a29D,0,0
0x291812201Bcf8fD05A8CAE9f31d1bEAcb57e28ed,0,0
0xa556a1987183a4ED5F78f2c8f85A3343b3AE036B,0,0
0x0640b9B40B0D56cf682a5aD5B4F11D72BC29Bb9d,0,0
0x74C1C8ACEA65F1dD10a854Dd863A6a760803a310,0,0
0x6a05edf9379104AAF9b870Fc80294F240D0c2Aab,0,0
0x69E8e056bA1F1e4041A63Da5368c09f0A5F48c57,0,0
0x47a5D031b4bBEAdDB597F43a724A7f4485209FE0,0,0
0xd46423e84B6973870bfC0b3b6bc745c34e24F4f0,0,0
0x1C231A9670425Ef7E20f215A4E7F1739C93de275,0,0
0x48713AF117f548C71Bccb29555FfD1CA0fD44274,0,0
0x30fe7A9D71d22D47c99D308f01Fd5aaB8FfC4d80,0,0
0x04d6fAf1207109A7112068eED14Bd2D57Baa3CC9,0,0
0x4266198BA15CA5c929BEe048114650F75c4bf1E2,0,0
0xb48419470b655071f6919Fe320D720686Af6df73,0,0
0x6b31bcB68542820a86E298BB089BA432B689A790,0,0
0x05D94b58a07782DAe62E371D00F6fCADCC93923d,0,0
0xf3cF4002BcBA741e0dC6d0A93b6e0a1560ef68C4,0,0
0x9655cE14eCbF4028FAF51C64E6Cede4c23Ce077B,0,0
0x769Cc5676359c060E2b0845f138f0b6f66fEc284,0,0
0xb108715Cc22628934C98B3F078a8415C0c1F6C63,0,0
0x61aF48d2B3C4BD86d09f130fa8949f2E6854f7BE,0,0
0x22a9834d2c11C458BD319eDe9fFbf11E80de721A,0,0
0x2F182457494DfeD96ec61f649E01EDe0465E2038,0,0
0xB07855eFBf76134BBDcEB1C93EbD5F6BbA200873,0,0
0xcb40f6D4842647868E4990112045e8079C7c1089,0,0
0x205B071060EF07d2C8E842853875fC19cd6CbCAf,0,0
0xE7C220b93ef98aC3158E1be2007b04cED22124Bb,0,0
0x4949a5bA1E3920B7C220B6D061B0A2bd6b71Faa6,0,0
0xb8f43aCB67D7927cbA3A5c1eF053dA59E67A5c4E,0,0
0xBE56fBaCD550DB2386B2EDEF036c0FB69fd1C9f5,0,0
0x637F79ea81777eF8EC97F2c681971b3a08589B5d,0,0
0xC56F2a9175516aFE38e4b4D82A55B163C338eEda,0,0
0x227f6a667c3F12198eF0F2899C30428C341e0025,0,0
0x0a0D8439fc3bb11F9490F8B8057F346252f11773,0,0
0x468E9afD795df22460cf558a8eEe8623df04C679,0,0
0xA92b1B66CF39a8a750D475aa475E91cEFA7e688f,0,0
0xc9a2A25830BF037198Ad41c601F41530065d443B,0,0
0xB19F67D460d8479cF79eB8FeA1f668D3288601E7,0,0
0x8699Ae29AD3e364233022eA691A46052cdAF3caa,0,0
0x655e29151ddaC31aCa87f839d9674B81D19cFF4A,0,0
0xaaD1E2CD73E1F86F3c6992f5b5E9514eB83B441D,0,0
0xBeCF9d8a528057d3cE31E7Ca1b8e6E9F189A0Ce8,0,0
0x0Aaf41fb22Ce391aDBf1a924e006AF1AE7D1c09D,0,0
0x1675E7e1Ac2Ec79e48160cBF89eF29E418B36e3F,0,0
0xf0660daCF731Ef460E903a7Ff36C9fE94e55f2c7,0,0
0xCa11D2Bf5147B01decF746DCCE73778877D9297D,0,0
0x212908Bc8343F0dcBCF4D588E5dE4da0C49903Ba,0,0
0xAf754530996bf0dA49E59D4F0E16DbB20aAf784D,0,0
0xF96109F7b0B88fEbe90c7659F63948c7Ff4d935F,0,0
0x94C09b839794dFc2848A71D56088f545CA297C01,0,0
0x034F24FFdC5e9830Bc1cDb262a823780bC64412e,0,0
0x76e5D6E8A1f217C95E6566d0EF6B985d22f8c170,0,0
0x812B8606c3Df4fa9AFB6614eD3C2A96312fe8570,0,0
0xa1d2c719f60849fa9B0178f12A127db7B2Fe61A2,0,0
0x53e8876cb6CF3369F3482550983AD57522648bef,0,0
0xE79a22d4a47089DC4651130E4292bEcE34D4a4aa,0,0
0x7d23B49F33b6B01b611820d8ac564973b4299D59,0,0
0xd8f70c7aFff3499eD156B82725B4BAf926728861,0,0
0x6E3E04bE4e6cCfF2d94d2e30F90313e39624D576,0,0
0x2b8EbC339fe2a727B20605BA0f391dA31a0E14Ac,0,0
0x614eA33cc2C27affC042F9c1407396c91eB11B5A,0,0
0x52E07905C5208021e8d4e3dad5E96470747b9140,0,0
0x0CAC2C7cdbdD265458Cc1984342C02Ac33D46eD6,0,0
0xF72242251fCA945F6190a02Ae6EC7055131f966F,0,0
0xCfA772c5d79ceF8Bda45674cD3dBe2f30d739FcA,0,0
0xFdb1c3fe72B9FD3cE1B3D0E10E9Ce162391cB5E6,0,0
0x35D536f7e1538B2790779ccE18b05671822E6203,0,0
0x595B249C70FD37cbb1708E62e84fD340ABBB9ae3,0,0
0xe86111b00a7555BcB4f8BBa3E6c80c9666Dd9D59,0,0
0xa1E1e4220376565D22264F64Af3f7A91E3e7c1A1,0,0
0xF18B8affDaB0EB165DcFb1947e45D0e53ec6828c,0,0
0x22b4C0629E9BdfEE083AFDB4822d53927e91D792,0,0
0x89c88b94f2D8768e10f8b48DE3DDE304DE338950,0,100.001
0x721A0727971937ffDC903d56cD7D9874664D00E6,0,100
0x2C945868e76Bd6fAB1e64fB6C1cFb9814C19521B,0,100
0x8E3867ADdE3ac81032501fDA1eec91c8fd591F62,0,100
0xa453c5e0D668EE05F7Ebd8dc32a318a9316d1a2d,0,100
0xd7cc04Ac1896e55E61dE7c3a3d295fDcf07735a9,0,100
0x1a759605C0325f579E0BCc64601980b939faC662,0,100
0xd92F822DdeF24a4cFC65121f61a160f81F05a9E7,0,100
0x933D13eb790741fFd29c99A99d913F9dd347Efe9,0,100
0x18ceC8fFaB890094A51db68C28c65c588Cc8D6F2,0,100
0xa661460845AD24B1ffdE04484674527A45B6204d,0,100
0x1757b332Bd01Bb97DC4f1887F845014A87929869,0,100
0x7b99a95C23D53F656903E825A2EB1AF007228250,0,100
0x716E0e40DF5cD1F4686083b04386Eaf3F5924a52,0,100
0x85B9e2f379c0Cf2f42e32Ec2B222bB03014e5Ff7,0,100
0xBad7993c26bcd2A2456F812803b653e3b7Ab75BC,0,100
0xC294726A37E2E0c758D71B4fD752Ec262DC829B3,0,100
0xa37D92555F351a48C9E5c0Ea4eb53739874E9107,0,100
0x6b8e2E15De8197055C8df4073C70a10C41B1674a,0,100
0xE0E08562ea97C05C9030a2392FedB43bdbC0f0f2,0,100
0xC4B4553A67BAdc5c63a8a3f6263A1eF40ae3c6E0,0,100
0x46870CbCAfc50fF74B0D69c7ea403a4D563c3F20,0,100
0x24796f20393908A99fAb52A6811e4f3883FB2176,0,100
0xBcC48E9e453e89f396C64C5a7F240BedFa3136E4,0,100
0x70F8D8bB0556e51dd9f852cA0089a058Cd60864e,0,100
0x313C174d3F8092442387899A6d43B15ACC139553,0,100
0xbFADcE94eB94974Cd5f54dBA83331A1Ab2202b00,0,100
0x2fF85b0ef0cafC45D8B5b25c0a9B73fEb3C2f6b8,0,100
0x6144334735898Ccf5F392b483b1147a3017663fA,0,100
0x1560b12Be26f480bec4522C7cE2DF46B34ADe397,0,100
0x8bD3DF23261D62d774C172B251E8B02c32CA2e17,0,100
0x5E2cc27922aB71dA4F05FE7B6214D26758B9c769,0,100
0x2a8b0Ef043B3e8f9913DbaD4de5eC82D0c8Ff52F,0,100
0x4C4977001088077735C898901040E37610f35Af0,0,100
0x612E92982ec5f2DFA4052C6D4caE92D90c3D4115,0,100
0xb550d443bdf37F878a7C9A5555C757670E3bBd05,0,100
0x0488D6E3C2ED282317647cD3107077dadF2c41FD,0,100
0xE92CEB2e8DF532a3B81e2c9afEC1e78205bF73D2,0,100
0xEC31682aFA0c938cC07EC497b8F8FC8942317B21,0,100
0x0470B5E0Fc55a1eC5A84877A616d632bb1660818,0,100
0x4C424cB80b326aD7C612A004b4f43a0e12806a9C,0,100
0x6e828EDf1c4Ae084369a8dc22476d31f6E475475,0,100
0xFE0a9FcbFfec7f393Df47DCC84566C22dEfd7CBD,0,100
0x433246518E8C3EB31DC99ebc56F5fDaD4c8c3d3E,0,100
0xDBF33F71056D51E04991F05Cf3a5f253c4138CF2,0,100
0x3F9e7b5264bE936859b656e37470ea3430f33a14,0,100
0xC6Fc5a03c74bDF7086A2759b886767Dfc2492F5E,0,100
0xF00a62C0C39d9246f87a087333f50198a4Ea75dE,0,100
0xAA0b1112AA20e72B752b951eDd5ef13C165075d0,0,100
0xd6bc6857AAC3E9Da524ae5ead57284CCce8c3Fa3,0,100
0x771c917Dc3D9A64366F8AC939e9686Abb3E10027,0,100
0x0d4cc6D0F71190bc81A3c783C1646E392C9D2005,0,100
0x3583Ea5F65564FfE43BBAfDDcc680420aaa84DBD,0,100
0x0B06801FC4d373e12479d5c732ed6053c648D5cd,0,100
0xc6a4214Ef0e23f4846403A170a37D7daedBC55DE,0,100
0x5Bf4f1C57239314C533d357B7BdC95C5dBFa9167,0,100
0x87F919f5e5A00ed9b0edb0e0D24A024a517713ae,0,100
0xc8eF4477013771F51855B79FB0a230E28569482d,0,100
0x30a4BBA37c9b634921F7126cCe470f0F4b579c30,0,100
0x428b3D813A4Dd1FB5Ae935511619122Fd020FD89,0,100
0xCf87608D1f19B70C18Ef5fbA1f6459ef1DabD9D3,0,100
0x591382E5426750A3Db9A18E774730bFBf5321D59,0,100
0xc28dF47cE6f6245c1EAD8778f85ACB24022e87da,0,100
0x239F6Cf1Eefbf77883F749525f13eD410Ef589D7,0,100
0xDd0b58BCba3ec33B52615b286EDD9aFb0Ae70B82,0,160
0x2859a2e9ea56111349aE21216C4404213A1A46F0,0,210
0xE2E7F66DF9Ab3faf38dD04DCfe9d11Bc7F18Bc7B,0,195
0xe1e097FA1B11034ED731B0D26A8845E3A4122105,0,175
0x0D97CdBe2B77D8fFd39C4ebE870A10BBDc8D3712,0,200
0x89001393CADE2e537310877C4Ed21b1D9c7fb5A5,0,215
0xB0b9B10eD506cE555aE062D239954271e73e6A0e,0,215
0x864DE344D08b33a63D72486dB7b1abaD7F731eDf,0,715
0xE5832885D510893d54E157f29b9Bf339Ef88D91c,0,215
0x24a68a938B7720E8a6C285D64847BFd7F44F4435,0,245
0x55d99eB042dDF3CF2bdB7eB816Ce648A4BBE6B65,0,225
0x4984cB0551168767fb774a02C825E61042FD6385,0,290
0xFb6Ea081A6aea697e18AA4c63C6Cfe02D1944b33,0,235
0xEAcb2E9BE1bCaA22Eff8FF22EE3a4CF0cb19ffeC,0,250
0x80c961D2CB40778Eef57f6f464693F044649AF47,0,250
0xcD43c13110e69e57e7cc38A9B4467C2E5Ed5B87E,0,250
0xbeFBEB34746d94909628699522aD815dCAa27459,0,250
0x90bB5Da1073F58B24C70c5F39D018e1749515908,0,250
0xD1f464b1e528190d00F7C2377a5bde9B94297D16,0,220